Copyright 1986-2022 Xilinx, Inc. All Rights Reserved. Copyright 2022-2023 Advanced Micro Devices, Inc. All Rights Reserved.
------------------------------------------------------------------------------------------------------------------------------------------------------------------------------------------------------
| Tool Version : Vivado v.2023.2 (win64) Build 4029153 Fri Oct 13 20:14:34 MDT 2023
| Date         : Sun Apr 27 13:40:48 2025
| Host         : LAPTOP-TNKPRGBT running 64-bit major release  (build 9200)
| Command      : report_timing_summary -max_paths 10 -report_unconstrained -file top_timing_summary_routed.rpt -pb top_timing_summary_routed.pb -rpx top_timing_summary_routed.rpx -warn_on_violation
| Design       : top
| Device       : 7k325t-ffg900
| Speed File   : -2  PRODUCTION 1.12 2017-02-17
| Design State : Routed
------------------------------------------------------------------------------------------------------------------------------------------------------------------------------------------------------

Timing Summary Report

------------------------------------------------------------------------------------------------
| Timer Settings
| --------------
------------------------------------------------------------------------------------------------

  Enable Multi Corner Analysis               :  Yes
  Enable Pessimism Removal                   :  Yes
  Pessimism Removal Resolution               :  Nearest Common Node
  Enable Input Delay Default Clock           :  No
  Enable Preset / Clear Arcs                 :  No
  Disable Flight Delays                      :  No
  Ignore I/O Paths                           :  No
  Timing Early Launch at Borrowing Latches   :  No
  Borrow Time for Max Delay Exceptions       :  Yes
  Merge Timing Exceptions                    :  Yes
  Inter-SLR Compensation                     :  Conservative

  Corner  Analyze    Analyze    
  Name    Max Paths  Min Paths  
  ------  ---------  ---------  
  Slow    Yes        Yes        
  Fast    Yes        Yes        


------------------------------------------------------------------------------------------------
| Report Methodology
| ------------------
------------------------------------------------------------------------------------------------

Rule      Severity  Description                                  Violations  
--------  --------  -------------------------------------------  ----------  
ULMTCS-1  Warning   Control Sets use limits recommend reduction  1           

Note: This report is based on the most recent report_methodology run and may not be up-to-date. Run report_methodology on the current design for the latest report.



check_timing report

Table of Contents
-----------------
1. checking no_clock (0)
2. checking constant_clock (0)
3. checking pulse_width_clock (0)
4. checking unconstrained_internal_endpoints (0)
5. checking no_input_delay (1)
6. checking no_output_delay (69)
7. checking multiple_clock (0)
8. checking generated_clocks (0)
9. checking loops (0)
10. checking partial_input_delay (0)
11. checking partial_output_delay (0)
12. checking latch_loops (0)

1. checking no_clock (0)
------------------------
 There are 0 register/latch pins with no clock.


2. checking constant_clock (0)
------------------------------
 There are 0 register/latch pins with constant_clock.


3. checking pulse_width_clock (0)
---------------------------------
 There are 0 register/latch pins which need pulse_width check


4. checking unconstrained_internal_endpoints (0)
------------------------------------------------
 There are 0 pins that are not constrained for maximum delay.

 There are 0 pins that are not constrained for maximum delay due to constant clock.


5. checking no_input_delay (1)
------------------------------
 There is 1 input port with no input delay specified. (HIGH)

 There are 0 input ports with no input delay but user has a false path constraint.


6. checking no_output_delay (69)
--------------------------------
 There are 69 ports with no output delay specified. (HIGH)

 There are 0 ports with no output delay but user has a false path constraint

 There are 0 ports with no output delay but with a timing clock defined on it or propagating through it


7. checking multiple_clock (0)
------------------------------
 There are 0 register/latch pins with multiple clocks.


8. checking generated_clocks (0)
--------------------------------
 There are 0 generated clocks that are not connected to a clock source.


9. checking loops (0)
---------------------
 There are 0 combinational loops in the design.


10. checking partial_input_delay (0)
------------------------------------
 There are 0 input ports with partial input delay specified.


11. checking partial_output_delay (0)
-------------------------------------
 There are 0 ports with partial output delay specified.


12. checking latch_loops (0)
----------------------------
 There are 0 combinational latch loops in the design through latch input



------------------------------------------------------------------------------------------------
| Design Timing Summary
| ---------------------
------------------------------------------------------------------------------------------------

    WNS(ns)      TNS(ns)  TNS Failing Endpoints  TNS Total Endpoints      WHS(ns)      THS(ns)  THS Failing Endpoints  THS Total Endpoints     WPWS(ns)     TPWS(ns)  TPWS Failing Endpoints  TPWS Total Endpoints  
    -------      -------  ---------------------  -------------------      -------      -------  ---------------------  -------------------     --------     --------  ----------------------  --------------------  
      0.111        0.000                      0               330999        0.110        0.000                      0               330999        1.100        0.000                       0                 34581  


All user specified timing constraints are met.


------------------------------------------------------------------------------------------------
| Clock Summary
| -------------
------------------------------------------------------------------------------------------------

Clock           Waveform(ns)         Period(ns)      Frequency(MHz)
-----           ------------         ----------      --------------
i_sys_clk_p     {0.000 2.500}        5.000           200.000         
  clk_out1_pll  {0.000 10.000}       20.000          50.000          
  clk_out2_pll  {0.000 10.000}       20.000          50.000          
  clkfbout_pll  {0.000 10.000}       20.000          50.000          


------------------------------------------------------------------------------------------------
| Intra Clock Table
| -----------------
------------------------------------------------------------------------------------------------

Clock               WNS(ns)      TNS(ns)  TNS Failing Endpoints  TNS Total Endpoints      WHS(ns)      THS(ns)  THS Failing Endpoints  THS Total Endpoints     WPWS(ns)     TPWS(ns)  TPWS Failing Endpoints  TPWS Total Endpoints  
-----               -------      -------  ---------------------  -------------------      -------      -------  ---------------------  -------------------     --------     --------  ----------------------  --------------------  
i_sys_clk_p                                                                                                                                                       1.100        0.000                       0                     1  
  clk_out1_pll       16.239        0.000                      0                  558        0.110        0.000                      0                  558        9.600        0.000                       0                   355  
  clk_out2_pll        0.111        0.000                      0               330379        0.119        0.000                      0               330379        9.232        0.000                       0                 34222  
  clkfbout_pll                                                                                                                                                   18.591        0.000                       0                     3  


------------------------------------------------------------------------------------------------
| Inter Clock Table
| -----------------
------------------------------------------------------------------------------------------------

From Clock    To Clock          WNS(ns)      TNS(ns)  TNS Failing Endpoints  TNS Total Endpoints      WHS(ns)      THS(ns)  THS Failing Endpoints  THS Total Endpoints  
----------    --------          -------      -------  ---------------------  -------------------      -------      -------  ---------------------  -------------------  
clk_out2_pll  clk_out1_pll        7.944        0.000                      0                   63        0.118        0.000                      0                   63  
clk_out1_pll  clk_out2_pll       15.113        0.000                      0                 1024        0.230        0.000                      0                 1024  


------------------------------------------------------------------------------------------------
| Other Path Groups Table
| -----------------------
------------------------------------------------------------------------------------------------

Path Group    From Clock    To Clock          WNS(ns)      TNS(ns)  TNS Failing Endpoints  TNS Total Endpoints      WHS(ns)      THS(ns)  THS Failing Endpoints  THS Total Endpoints  
----------    ----------    --------          -------      -------  ---------------------  -------------------      -------      -------  ---------------------  -------------------  


------------------------------------------------------------------------------------------------
| User Ignored Path Table
| -----------------------
------------------------------------------------------------------------------------------------

Path Group    From Clock    To Clock    
----------    ----------    --------    


------------------------------------------------------------------------------------------------
| Unconstrained Path Table
| ------------------------
------------------------------------------------------------------------------------------------

Path Group    From Clock    To Clock    
----------    ----------    --------    
(none)        clk_out1_pll                
(none)        clk_out2_pll                
(none)        clkfbout_pll                
(none)                      clk_out1_pll  


------------------------------------------------------------------------------------------------
| Timing Details
| --------------
------------------------------------------------------------------------------------------------


---------------------------------------------------------------------------------------------------
From Clock:  i_sys_clk_p
  To Clock:  i_sys_clk_p

Setup :           NA  Failing Endpoints,  Worst Slack           NA  ,  Total Violation           NA
Hold  :           NA  Failing Endpoints,  Worst Slack           NA  ,  Total Violation           NA
PW    :            0  Failing Endpoints,  Worst Slack        1.100ns,  Total Violation        0.000ns
---------------------------------------------------------------------------------------------------


Pulse Width Checks
--------------------------------------------------------------------------------------
Clock Name:         i_sys_clk_p
Waveform(ns):       { 0.000 2.500 }
Period(ns):         5.000
Sources:            { i_sys_clk_p }

Check Type        Corner  Lib Pin           Reference Pin  Required(ns)  Actual(ns)  Slack(ns)  Location        Pin
Min Period        n/a     PLLE2_ADV/CLKIN1  n/a            1.071         5.000       3.929      PLLE2_ADV_X1Y1  pll_inst/inst/plle2_adv_inst/CLKIN1
Max Period        n/a     PLLE2_ADV/CLKIN1  n/a            52.633        5.000       47.633     PLLE2_ADV_X1Y1  pll_inst/inst/plle2_adv_inst/CLKIN1
Low Pulse Width   Slow    PLLE2_ADV/CLKIN1  n/a            1.400         2.500       1.100      PLLE2_ADV_X1Y1  pll_inst/inst/plle2_adv_inst/CLKIN1
Low Pulse Width   Fast    PLLE2_ADV/CLKIN1  n/a            1.400         2.500       1.100      PLLE2_ADV_X1Y1  pll_inst/inst/plle2_adv_inst/CLKIN1
High Pulse Width  Slow    PLLE2_ADV/CLKIN1  n/a            1.400         2.500       1.100      PLLE2_ADV_X1Y1  pll_inst/inst/plle2_adv_inst/CLKIN1
High Pulse Width  Fast    PLLE2_ADV/CLKIN1  n/a            1.400         2.500       1.100      PLLE2_ADV_X1Y1  pll_inst/inst/plle2_adv_inst/CLKIN1



---------------------------------------------------------------------------------------------------
From Clock:  clk_out1_pll
  To Clock:  clk_out1_pll

Setup :            0  Failing Endpoints,  Worst Slack       16.239ns,  Total Violation        0.000ns
Hold  :            0  Failing Endpoints,  Worst Slack        0.110ns,  Total Violation        0.000ns
PW    :            0  Failing Endpoints,  Worst Slack        9.600ns,  Total Violation        0.000ns
---------------------------------------------------------------------------------------------------


Max Delay Paths
--------------------------------------------------------------------------------------
Slack (MET) :             16.239ns  (required time - arrival time)
  Source:                 uart_inst/rx_data_reg[0]/C
                            (rising edge-triggered cell FDCE clocked by clk_out1_pll  {rise@0.000ns fall@10.000ns period=20.000ns})
  Destination:            twin_controller_inst/sw_reg[47]/D
                            (rising edge-triggered cell FDCE clocked by clk_out1_pll  {rise@0.000ns fall@10.000ns period=20.000ns})
  Path Group:             clk_out1_pll
  Path Type:              Setup (Max at Slow Process Corner)
  Requirement:            20.000ns  (clk_out1_pll rise@20.000ns - clk_out1_pll rise@0.000ns)
  Data Path Delay:        3.637ns  (logic 0.448ns (12.317%)  route 3.189ns (87.683%))
  Logic Levels:           3  (LUT2=1 LUT4=1 LUT6=1)
  Clock Path Skew:        -0.052ns (DCD - SCD + CPR)
    Destination Clock Delay (DCD):    -2.231ns = ( 17.769 - 20.000 ) 
    Source Clock Delay      (SCD):    -2.548ns
    Clock Pessimism Removal (CPR):    -0.370ns
  Clock Uncertainty:      0.105ns  ((TSJ^2 + DJ^2)^1/2) / 2 + PE
    Total System Jitter     (TSJ):    0.071ns
    Discrete Jitter          (DJ):    0.198ns
    Phase Error              (PE):    0.000ns

    Location             Delay type                Incr(ns)  Path(ns)    Netlist Resource(s)
  -------------------------------------------------------------------    -------------------
                         (clock clk_out1_pll rise edge)
                                                      0.000     0.000 r  
    AD12                                              0.000     0.000 r  i_sys_clk_p (IN)
                         net (fo=0)                   0.000     0.000    pll_inst/inst/clk_in1_p
    AD12                 IBUFDS (Prop_ibufds_I_O)     0.906     0.906 r  pll_inst/inst/clkin1_ibufgds/O
                         net (fo=1, routed)           1.098     2.004    pll_inst/inst/clk_in1_pll
    PLLE2_ADV_X1Y1       PLLE2_ADV (Prop_plle2_adv_CLKIN1_CLKOUT0)
                                                     -8.058    -6.054 r  pll_inst/inst/plle2_adv_inst/CLKOUT0
                         net (fo=1, routed)           2.128    -3.926    pll_inst/inst/clk_out1_pll
    BUFGCTRL_X0Y1        BUFG (Prop_bufg_I_O)         0.093    -3.833 r  pll_inst/inst/clkout1_buf/O
                         net (fo=353, routed)         1.285    -2.548    uart_inst/clk_out1
    SLICE_X23Y238        FDCE                                         r  uart_inst/rx_data_reg[0]/C
  -------------------------------------------------------------------    -------------------
    SLICE_X23Y238        FDCE (Prop_fdce_C_Q)         0.223    -2.325 r  uart_inst/rx_data_reg[0]/Q
                         net (fo=47, routed)          1.497    -0.828    uart_inst/rx_data[0]
    SLICE_X25Y240        LUT2 (Prop_lut2_I0_O)        0.050    -0.778 r  uart_inst/key[7]_i_5/O
                         net (fo=10, routed)          0.386    -0.392    uart_inst/key[7]_i_5_n_0
    SLICE_X27Y241        LUT6 (Prop_lut6_I4_O)        0.132    -0.260 r  uart_inst/sw[47]_i_2/O
                         net (fo=8, routed)           1.306     1.046    uart_inst/sw[47]_i_2_n_0
    SLICE_X34Y239        LUT4 (Prop_lut4_I2_O)        0.043     1.089 r  uart_inst/sw[47]_i_1/O
                         net (fo=1, routed)           0.000     1.089    twin_controller_inst/sw_reg[47]_0
    SLICE_X34Y239        FDCE                                         r  twin_controller_inst/sw_reg[47]/D
  -------------------------------------------------------------------    -------------------

                         (clock clk_out1_pll rise edge)
                                                     20.000    20.000 r  
    AD12                                              0.000    20.000 r  i_sys_clk_p (IN)
                         net (fo=0)                   0.000    20.000    pll_inst/inst/clk_in1_p
    AD12                 IBUFDS (Prop_ibufds_I_O)     0.803    20.803 r  pll_inst/inst/clkin1_ibufgds/O
                         net (fo=1, routed)           1.001    21.804    pll_inst/inst/clk_in1_pll
    PLLE2_ADV_X1Y1       PLLE2_ADV (Prop_plle2_adv_CLKIN1_CLKOUT0)
                                                     -7.261    14.543 r  pll_inst/inst/plle2_adv_inst/CLKOUT0
                         net (fo=1, routed)           2.003    16.546    pll_inst/inst/clk_out1_pll
    BUFGCTRL_X0Y1        BUFG (Prop_bufg_I_O)         0.083    16.629 r  pll_inst/inst/clkout1_buf/O
                         net (fo=353, routed)         1.140    17.769    twin_controller_inst/CLK
    SLICE_X34Y239        FDCE                                         r  twin_controller_inst/sw_reg[47]/C
                         clock pessimism             -0.370    17.400    
                         clock uncertainty           -0.105    17.294    
    SLICE_X34Y239        FDCE (Setup_fdce_C_D)        0.034    17.328    twin_controller_inst/sw_reg[47]
  -------------------------------------------------------------------
                         required time                         17.328    
                         arrival time                          -1.089    
  -------------------------------------------------------------------
                         slack                                 16.239    

Slack (MET) :             16.360ns  (required time - arrival time)
  Source:                 uart_inst/rx_data_reg[0]/C
                            (rising edge-triggered cell FDCE clocked by clk_out1_pll  {rise@0.000ns fall@10.000ns period=20.000ns})
  Destination:            twin_controller_inst/status_buffer_reg[1][1]/CE
                            (rising edge-triggered cell FDCE clocked by clk_out1_pll  {rise@0.000ns fall@10.000ns period=20.000ns})
  Path Group:             clk_out1_pll
  Path Type:              Setup (Max at Slow Process Corner)
  Requirement:            20.000ns  (clk_out1_pll rise@20.000ns - clk_out1_pll rise@0.000ns)
  Data Path Delay:        3.281ns  (logic 0.309ns (9.417%)  route 2.972ns (90.583%))
  Logic Levels:           2  (LUT5=1 LUT6=1)
  Clock Path Skew:        -0.053ns (DCD - SCD + CPR)
    Destination Clock Delay (DCD):    -2.232ns = ( 17.768 - 20.000 ) 
    Source Clock Delay      (SCD):    -2.548ns
    Clock Pessimism Removal (CPR):    -0.370ns
  Clock Uncertainty:      0.105ns  ((TSJ^2 + DJ^2)^1/2) / 2 + PE
    Total System Jitter     (TSJ):    0.071ns
    Discrete Jitter          (DJ):    0.198ns
    Phase Error              (PE):    0.000ns

    Location             Delay type                Incr(ns)  Path(ns)    Netlist Resource(s)
  -------------------------------------------------------------------    -------------------
                         (clock clk_out1_pll rise edge)
                                                      0.000     0.000 r  
    AD12                                              0.000     0.000 r  i_sys_clk_p (IN)
                         net (fo=0)                   0.000     0.000    pll_inst/inst/clk_in1_p
    AD12                 IBUFDS (Prop_ibufds_I_O)     0.906     0.906 r  pll_inst/inst/clkin1_ibufgds/O
                         net (fo=1, routed)           1.098     2.004    pll_inst/inst/clk_in1_pll
    PLLE2_ADV_X1Y1       PLLE2_ADV (Prop_plle2_adv_CLKIN1_CLKOUT0)
                                                     -8.058    -6.054 r  pll_inst/inst/plle2_adv_inst/CLKOUT0
                         net (fo=1, routed)           2.128    -3.926    pll_inst/inst/clk_out1_pll
    BUFGCTRL_X0Y1        BUFG (Prop_bufg_I_O)         0.093    -3.833 r  pll_inst/inst/clkout1_buf/O
                         net (fo=353, routed)         1.285    -2.548    uart_inst/clk_out1
    SLICE_X23Y238        FDCE                                         r  uart_inst/rx_data_reg[0]/C
  -------------------------------------------------------------------    -------------------
    SLICE_X23Y238        FDCE (Prop_fdce_C_Q)         0.223    -2.325 f  uart_inst/rx_data_reg[0]/Q
                         net (fo=47, routed)          1.291    -1.035    uart_inst/rx_data[0]
    SLICE_X26Y242        LUT6 (Prop_lut6_I1_O)        0.043    -0.992 r  uart_inst/status_buffer[0][6]_i_2/O
                         net (fo=1, routed)           0.200    -0.792    uart_inst/status_buffer[0][6]_i_2_n_0
    SLICE_X26Y242        LUT5 (Prop_lut5_I3_O)        0.043    -0.749 r  uart_inst/status_buffer[0][6]_i_1/O
                         net (fo=134, routed)         1.482     0.733    twin_controller_inst/E[0]
    SLICE_X24Y234        FDCE                                         r  twin_controller_inst/status_buffer_reg[1][1]/CE
  -------------------------------------------------------------------    -------------------

                         (clock clk_out1_pll rise edge)
                                                     20.000    20.000 r  
    AD12                                              0.000    20.000 r  i_sys_clk_p (IN)
                         net (fo=0)                   0.000    20.000    pll_inst/inst/clk_in1_p
    AD12                 IBUFDS (Prop_ibufds_I_O)     0.803    20.803 r  pll_inst/inst/clkin1_ibufgds/O
                         net (fo=1, routed)           1.001    21.804    pll_inst/inst/clk_in1_pll
    PLLE2_ADV_X1Y1       PLLE2_ADV (Prop_plle2_adv_CLKIN1_CLKOUT0)
                                                     -7.261    14.543 r  pll_inst/inst/plle2_adv_inst/CLKOUT0
                         net (fo=1, routed)           2.003    16.546    pll_inst/inst/clk_out1_pll
    BUFGCTRL_X0Y1        BUFG (Prop_bufg_I_O)         0.083    16.629 r  pll_inst/inst/clkout1_buf/O
                         net (fo=353, routed)         1.139    17.768    twin_controller_inst/CLK
    SLICE_X24Y234        FDCE                                         r  twin_controller_inst/status_buffer_reg[1][1]/C
                         clock pessimism             -0.370    17.399    
                         clock uncertainty           -0.105    17.293    
    SLICE_X24Y234        FDCE (Setup_fdce_C_CE)      -0.201    17.092    twin_controller_inst/status_buffer_reg[1][1]
  -------------------------------------------------------------------
                         required time                         17.092    
                         arrival time                          -0.733    
  -------------------------------------------------------------------
                         slack                                 16.360    

Slack (MET) :             16.360ns  (required time - arrival time)
  Source:                 uart_inst/rx_data_reg[0]/C
                            (rising edge-triggered cell FDCE clocked by clk_out1_pll  {rise@0.000ns fall@10.000ns period=20.000ns})
  Destination:            twin_controller_inst/status_buffer_reg[3][6]/CE
                            (rising edge-triggered cell FDCE clocked by clk_out1_pll  {rise@0.000ns fall@10.000ns period=20.000ns})
  Path Group:             clk_out1_pll
  Path Type:              Setup (Max at Slow Process Corner)
  Requirement:            20.000ns  (clk_out1_pll rise@20.000ns - clk_out1_pll rise@0.000ns)
  Data Path Delay:        3.281ns  (logic 0.309ns (9.417%)  route 2.972ns (90.583%))
  Logic Levels:           2  (LUT5=1 LUT6=1)
  Clock Path Skew:        -0.053ns (DCD - SCD + CPR)
    Destination Clock Delay (DCD):    -2.232ns = ( 17.768 - 20.000 ) 
    Source Clock Delay      (SCD):    -2.548ns
    Clock Pessimism Removal (CPR):    -0.370ns
  Clock Uncertainty:      0.105ns  ((TSJ^2 + DJ^2)^1/2) / 2 + PE
    Total System Jitter     (TSJ):    0.071ns
    Discrete Jitter          (DJ):    0.198ns
    Phase Error              (PE):    0.000ns

    Location             Delay type                Incr(ns)  Path(ns)    Netlist Resource(s)
  -------------------------------------------------------------------    -------------------
                         (clock clk_out1_pll rise edge)
                                                      0.000     0.000 r  
    AD12                                              0.000     0.000 r  i_sys_clk_p (IN)
                         net (fo=0)                   0.000     0.000    pll_inst/inst/clk_in1_p
    AD12                 IBUFDS (Prop_ibufds_I_O)     0.906     0.906 r  pll_inst/inst/clkin1_ibufgds/O
                         net (fo=1, routed)           1.098     2.004    pll_inst/inst/clk_in1_pll
    PLLE2_ADV_X1Y1       PLLE2_ADV (Prop_plle2_adv_CLKIN1_CLKOUT0)
                                                     -8.058    -6.054 r  pll_inst/inst/plle2_adv_inst/CLKOUT0
                         net (fo=1, routed)           2.128    -3.926    pll_inst/inst/clk_out1_pll
    BUFGCTRL_X0Y1        BUFG (Prop_bufg_I_O)         0.093    -3.833 r  pll_inst/inst/clkout1_buf/O
                         net (fo=353, routed)         1.285    -2.548    uart_inst/clk_out1
    SLICE_X23Y238        FDCE                                         r  uart_inst/rx_data_reg[0]/C
  -------------------------------------------------------------------    -------------------
    SLICE_X23Y238        FDCE (Prop_fdce_C_Q)         0.223    -2.325 f  uart_inst/rx_data_reg[0]/Q
                         net (fo=47, routed)          1.291    -1.035    uart_inst/rx_data[0]
    SLICE_X26Y242        LUT6 (Prop_lut6_I1_O)        0.043    -0.992 r  uart_inst/status_buffer[0][6]_i_2/O
                         net (fo=1, routed)           0.200    -0.792    uart_inst/status_buffer[0][6]_i_2_n_0
    SLICE_X26Y242        LUT5 (Prop_lut5_I3_O)        0.043    -0.749 r  uart_inst/status_buffer[0][6]_i_1/O
                         net (fo=134, routed)         1.482     0.733    twin_controller_inst/E[0]
    SLICE_X24Y234        FDCE                                         r  twin_controller_inst/status_buffer_reg[3][6]/CE
  -------------------------------------------------------------------    -------------------

                         (clock clk_out1_pll rise edge)
                                                     20.000    20.000 r  
    AD12                                              0.000    20.000 r  i_sys_clk_p (IN)
                         net (fo=0)                   0.000    20.000    pll_inst/inst/clk_in1_p
    AD12                 IBUFDS (Prop_ibufds_I_O)     0.803    20.803 r  pll_inst/inst/clkin1_ibufgds/O
                         net (fo=1, routed)           1.001    21.804    pll_inst/inst/clk_in1_pll
    PLLE2_ADV_X1Y1       PLLE2_ADV (Prop_plle2_adv_CLKIN1_CLKOUT0)
                                                     -7.261    14.543 r  pll_inst/inst/plle2_adv_inst/CLKOUT0
                         net (fo=1, routed)           2.003    16.546    pll_inst/inst/clk_out1_pll
    BUFGCTRL_X0Y1        BUFG (Prop_bufg_I_O)         0.083    16.629 r  pll_inst/inst/clkout1_buf/O
                         net (fo=353, routed)         1.139    17.768    twin_controller_inst/CLK
    SLICE_X24Y234        FDCE                                         r  twin_controller_inst/status_buffer_reg[3][6]/C
                         clock pessimism             -0.370    17.399    
                         clock uncertainty           -0.105    17.293    
    SLICE_X24Y234        FDCE (Setup_fdce_C_CE)      -0.201    17.092    twin_controller_inst/status_buffer_reg[3][6]
  -------------------------------------------------------------------
                         required time                         17.092    
                         arrival time                          -0.733    
  -------------------------------------------------------------------
                         slack                                 16.360    

Slack (MET) :             16.360ns  (required time - arrival time)
  Source:                 uart_inst/rx_data_reg[0]/C
                            (rising edge-triggered cell FDCE clocked by clk_out1_pll  {rise@0.000ns fall@10.000ns period=20.000ns})
  Destination:            twin_controller_inst/status_buffer_reg[4][0]/CE
                            (rising edge-triggered cell FDCE clocked by clk_out1_pll  {rise@0.000ns fall@10.000ns period=20.000ns})
  Path Group:             clk_out1_pll
  Path Type:              Setup (Max at Slow Process Corner)
  Requirement:            20.000ns  (clk_out1_pll rise@20.000ns - clk_out1_pll rise@0.000ns)
  Data Path Delay:        3.281ns  (logic 0.309ns (9.417%)  route 2.972ns (90.583%))
  Logic Levels:           2  (LUT5=1 LUT6=1)
  Clock Path Skew:        -0.053ns (DCD - SCD + CPR)
    Destination Clock Delay (DCD):    -2.232ns = ( 17.768 - 20.000 ) 
    Source Clock Delay      (SCD):    -2.548ns
    Clock Pessimism Removal (CPR):    -0.370ns
  Clock Uncertainty:      0.105ns  ((TSJ^2 + DJ^2)^1/2) / 2 + PE
    Total System Jitter     (TSJ):    0.071ns
    Discrete Jitter          (DJ):    0.198ns
    Phase Error              (PE):    0.000ns

    Location             Delay type                Incr(ns)  Path(ns)    Netlist Resource(s)
  -------------------------------------------------------------------    -------------------
                         (clock clk_out1_pll rise edge)
                                                      0.000     0.000 r  
    AD12                                              0.000     0.000 r  i_sys_clk_p (IN)
                         net (fo=0)                   0.000     0.000    pll_inst/inst/clk_in1_p
    AD12                 IBUFDS (Prop_ibufds_I_O)     0.906     0.906 r  pll_inst/inst/clkin1_ibufgds/O
                         net (fo=1, routed)           1.098     2.004    pll_inst/inst/clk_in1_pll
    PLLE2_ADV_X1Y1       PLLE2_ADV (Prop_plle2_adv_CLKIN1_CLKOUT0)
                                                     -8.058    -6.054 r  pll_inst/inst/plle2_adv_inst/CLKOUT0
                         net (fo=1, routed)           2.128    -3.926    pll_inst/inst/clk_out1_pll
    BUFGCTRL_X0Y1        BUFG (Prop_bufg_I_O)         0.093    -3.833 r  pll_inst/inst/clkout1_buf/O
                         net (fo=353, routed)         1.285    -2.548    uart_inst/clk_out1
    SLICE_X23Y238        FDCE                                         r  uart_inst/rx_data_reg[0]/C
  -------------------------------------------------------------------    -------------------
    SLICE_X23Y238        FDCE (Prop_fdce_C_Q)         0.223    -2.325 f  uart_inst/rx_data_reg[0]/Q
                         net (fo=47, routed)          1.291    -1.035    uart_inst/rx_data[0]
    SLICE_X26Y242        LUT6 (Prop_lut6_I1_O)        0.043    -0.992 r  uart_inst/status_buffer[0][6]_i_2/O
                         net (fo=1, routed)           0.200    -0.792    uart_inst/status_buffer[0][6]_i_2_n_0
    SLICE_X26Y242        LUT5 (Prop_lut5_I3_O)        0.043    -0.749 r  uart_inst/status_buffer[0][6]_i_1/O
                         net (fo=134, routed)         1.482     0.733    twin_controller_inst/E[0]
    SLICE_X24Y234        FDCE                                         r  twin_controller_inst/status_buffer_reg[4][0]/CE
  -------------------------------------------------------------------    -------------------

                         (clock clk_out1_pll rise edge)
                                                     20.000    20.000 r  
    AD12                                              0.000    20.000 r  i_sys_clk_p (IN)
                         net (fo=0)                   0.000    20.000    pll_inst/inst/clk_in1_p
    AD12                 IBUFDS (Prop_ibufds_I_O)     0.803    20.803 r  pll_inst/inst/clkin1_ibufgds/O
                         net (fo=1, routed)           1.001    21.804    pll_inst/inst/clk_in1_pll
    PLLE2_ADV_X1Y1       PLLE2_ADV (Prop_plle2_adv_CLKIN1_CLKOUT0)
                                                     -7.261    14.543 r  pll_inst/inst/plle2_adv_inst/CLKOUT0
                         net (fo=1, routed)           2.003    16.546    pll_inst/inst/clk_out1_pll
    BUFGCTRL_X0Y1        BUFG (Prop_bufg_I_O)         0.083    16.629 r  pll_inst/inst/clkout1_buf/O
                         net (fo=353, routed)         1.139    17.768    twin_controller_inst/CLK
    SLICE_X24Y234        FDCE                                         r  twin_controller_inst/status_buffer_reg[4][0]/C
                         clock pessimism             -0.370    17.399    
                         clock uncertainty           -0.105    17.293    
    SLICE_X24Y234        FDCE (Setup_fdce_C_CE)      -0.201    17.092    twin_controller_inst/status_buffer_reg[4][0]
  -------------------------------------------------------------------
                         required time                         17.092    
                         arrival time                          -0.733    
  -------------------------------------------------------------------
                         slack                                 16.360    

Slack (MET) :             16.360ns  (required time - arrival time)
  Source:                 uart_inst/rx_data_reg[0]/C
                            (rising edge-triggered cell FDCE clocked by clk_out1_pll  {rise@0.000ns fall@10.000ns period=20.000ns})
  Destination:            twin_controller_inst/status_buffer_reg[4][1]/CE
                            (rising edge-triggered cell FDCE clocked by clk_out1_pll  {rise@0.000ns fall@10.000ns period=20.000ns})
  Path Group:             clk_out1_pll
  Path Type:              Setup (Max at Slow Process Corner)
  Requirement:            20.000ns  (clk_out1_pll rise@20.000ns - clk_out1_pll rise@0.000ns)
  Data Path Delay:        3.281ns  (logic 0.309ns (9.417%)  route 2.972ns (90.583%))
  Logic Levels:           2  (LUT5=1 LUT6=1)
  Clock Path Skew:        -0.053ns (DCD - SCD + CPR)
    Destination Clock Delay (DCD):    -2.232ns = ( 17.768 - 20.000 ) 
    Source Clock Delay      (SCD):    -2.548ns
    Clock Pessimism Removal (CPR):    -0.370ns
  Clock Uncertainty:      0.105ns  ((TSJ^2 + DJ^2)^1/2) / 2 + PE
    Total System Jitter     (TSJ):    0.071ns
    Discrete Jitter          (DJ):    0.198ns
    Phase Error              (PE):    0.000ns

    Location             Delay type                Incr(ns)  Path(ns)    Netlist Resource(s)
  -------------------------------------------------------------------    -------------------
                         (clock clk_out1_pll rise edge)
                                                      0.000     0.000 r  
    AD12                                              0.000     0.000 r  i_sys_clk_p (IN)
                         net (fo=0)                   0.000     0.000    pll_inst/inst/clk_in1_p
    AD12                 IBUFDS (Prop_ibufds_I_O)     0.906     0.906 r  pll_inst/inst/clkin1_ibufgds/O
                         net (fo=1, routed)           1.098     2.004    pll_inst/inst/clk_in1_pll
    PLLE2_ADV_X1Y1       PLLE2_ADV (Prop_plle2_adv_CLKIN1_CLKOUT0)
                                                     -8.058    -6.054 r  pll_inst/inst/plle2_adv_inst/CLKOUT0
                         net (fo=1, routed)           2.128    -3.926    pll_inst/inst/clk_out1_pll
    BUFGCTRL_X0Y1        BUFG (Prop_bufg_I_O)         0.093    -3.833 r  pll_inst/inst/clkout1_buf/O
                         net (fo=353, routed)         1.285    -2.548    uart_inst/clk_out1
    SLICE_X23Y238        FDCE                                         r  uart_inst/rx_data_reg[0]/C
  -------------------------------------------------------------------    -------------------
    SLICE_X23Y238        FDCE (Prop_fdce_C_Q)         0.223    -2.325 f  uart_inst/rx_data_reg[0]/Q
                         net (fo=47, routed)          1.291    -1.035    uart_inst/rx_data[0]
    SLICE_X26Y242        LUT6 (Prop_lut6_I1_O)        0.043    -0.992 r  uart_inst/status_buffer[0][6]_i_2/O
                         net (fo=1, routed)           0.200    -0.792    uart_inst/status_buffer[0][6]_i_2_n_0
    SLICE_X26Y242        LUT5 (Prop_lut5_I3_O)        0.043    -0.749 r  uart_inst/status_buffer[0][6]_i_1/O
                         net (fo=134, routed)         1.482     0.733    twin_controller_inst/E[0]
    SLICE_X24Y234        FDCE                                         r  twin_controller_inst/status_buffer_reg[4][1]/CE
  -------------------------------------------------------------------    -------------------

                         (clock clk_out1_pll rise edge)
                                                     20.000    20.000 r  
    AD12                                              0.000    20.000 r  i_sys_clk_p (IN)
                         net (fo=0)                   0.000    20.000    pll_inst/inst/clk_in1_p
    AD12                 IBUFDS (Prop_ibufds_I_O)     0.803    20.803 r  pll_inst/inst/clkin1_ibufgds/O
                         net (fo=1, routed)           1.001    21.804    pll_inst/inst/clk_in1_pll
    PLLE2_ADV_X1Y1       PLLE2_ADV (Prop_plle2_adv_CLKIN1_CLKOUT0)
                                                     -7.261    14.543 r  pll_inst/inst/plle2_adv_inst/CLKOUT0
                         net (fo=1, routed)           2.003    16.546    pll_inst/inst/clk_out1_pll
    BUFGCTRL_X0Y1        BUFG (Prop_bufg_I_O)         0.083    16.629 r  pll_inst/inst/clkout1_buf/O
                         net (fo=353, routed)         1.139    17.768    twin_controller_inst/CLK
    SLICE_X24Y234        FDCE                                         r  twin_controller_inst/status_buffer_reg[4][1]/C
                         clock pessimism             -0.370    17.399    
                         clock uncertainty           -0.105    17.293    
    SLICE_X24Y234        FDCE (Setup_fdce_C_CE)      -0.201    17.092    twin_controller_inst/status_buffer_reg[4][1]
  -------------------------------------------------------------------
                         required time                         17.092    
                         arrival time                          -0.733    
  -------------------------------------------------------------------
                         slack                                 16.360    

Slack (MET) :             16.382ns  (required time - arrival time)
  Source:                 uart_inst/rx_data_reg[0]/C
                            (rising edge-triggered cell FDCE clocked by clk_out1_pll  {rise@0.000ns fall@10.000ns period=20.000ns})
  Destination:            twin_controller_inst/sw_reg[15]/D
                            (rising edge-triggered cell FDCE clocked by clk_out1_pll  {rise@0.000ns fall@10.000ns period=20.000ns})
  Path Group:             clk_out1_pll
  Path Type:              Setup (Max at Slow Process Corner)
  Requirement:            20.000ns  (clk_out1_pll rise@20.000ns - clk_out1_pll rise@0.000ns)
  Data Path Delay:        3.493ns  (logic 0.448ns (12.825%)  route 3.045ns (87.175%))
  Logic Levels:           3  (LUT2=1 LUT4=1 LUT6=1)
  Clock Path Skew:        -0.052ns (DCD - SCD + CPR)
    Destination Clock Delay (DCD):    -2.231ns = ( 17.769 - 20.000 ) 
    Source Clock Delay      (SCD):    -2.548ns
    Clock Pessimism Removal (CPR):    -0.370ns
  Clock Uncertainty:      0.105ns  ((TSJ^2 + DJ^2)^1/2) / 2 + PE
    Total System Jitter     (TSJ):    0.071ns
    Discrete Jitter          (DJ):    0.198ns
    Phase Error              (PE):    0.000ns

    Location             Delay type                Incr(ns)  Path(ns)    Netlist Resource(s)
  -------------------------------------------------------------------    -------------------
                         (clock clk_out1_pll rise edge)
                                                      0.000     0.000 r  
    AD12                                              0.000     0.000 r  i_sys_clk_p (IN)
                         net (fo=0)                   0.000     0.000    pll_inst/inst/clk_in1_p
    AD12                 IBUFDS (Prop_ibufds_I_O)     0.906     0.906 r  pll_inst/inst/clkin1_ibufgds/O
                         net (fo=1, routed)           1.098     2.004    pll_inst/inst/clk_in1_pll
    PLLE2_ADV_X1Y1       PLLE2_ADV (Prop_plle2_adv_CLKIN1_CLKOUT0)
                                                     -8.058    -6.054 r  pll_inst/inst/plle2_adv_inst/CLKOUT0
                         net (fo=1, routed)           2.128    -3.926    pll_inst/inst/clk_out1_pll
    BUFGCTRL_X0Y1        BUFG (Prop_bufg_I_O)         0.093    -3.833 r  pll_inst/inst/clkout1_buf/O
                         net (fo=353, routed)         1.285    -2.548    uart_inst/clk_out1
    SLICE_X23Y238        FDCE                                         r  uart_inst/rx_data_reg[0]/C
  -------------------------------------------------------------------    -------------------
    SLICE_X23Y238        FDCE (Prop_fdce_C_Q)         0.223    -2.325 r  uart_inst/rx_data_reg[0]/Q
                         net (fo=47, routed)          1.497    -0.828    uart_inst/rx_data[0]
    SLICE_X25Y240        LUT2 (Prop_lut2_I0_O)        0.050    -0.778 r  uart_inst/key[7]_i_5/O
                         net (fo=10, routed)          0.655    -0.123    uart_inst/key[7]_i_5_n_0
    SLICE_X24Y239        LUT6 (Prop_lut6_I2_O)        0.132     0.009 r  uart_inst/sw[15]_i_2/O
                         net (fo=8, routed)           0.893     0.902    uart_inst/sw[15]_i_2_n_0
    SLICE_X34Y239        LUT4 (Prop_lut4_I2_O)        0.043     0.945 r  uart_inst/sw[15]_i_1/O
                         net (fo=1, routed)           0.000     0.945    twin_controller_inst/sw_reg[15]_0
    SLICE_X34Y239        FDCE                                         r  twin_controller_inst/sw_reg[15]/D
  -------------------------------------------------------------------    -------------------

                         (clock clk_out1_pll rise edge)
                                                     20.000    20.000 r  
    AD12                                              0.000    20.000 r  i_sys_clk_p (IN)
                         net (fo=0)                   0.000    20.000    pll_inst/inst/clk_in1_p
    AD12                 IBUFDS (Prop_ibufds_I_O)     0.803    20.803 r  pll_inst/inst/clkin1_ibufgds/O
                         net (fo=1, routed)           1.001    21.804    pll_inst/inst/clk_in1_pll
    PLLE2_ADV_X1Y1       PLLE2_ADV (Prop_plle2_adv_CLKIN1_CLKOUT0)
                                                     -7.261    14.543 r  pll_inst/inst/plle2_adv_inst/CLKOUT0
                         net (fo=1, routed)           2.003    16.546    pll_inst/inst/clk_out1_pll
    BUFGCTRL_X0Y1        BUFG (Prop_bufg_I_O)         0.083    16.629 r  pll_inst/inst/clkout1_buf/O
                         net (fo=353, routed)         1.140    17.769    twin_controller_inst/CLK
    SLICE_X34Y239        FDCE                                         r  twin_controller_inst/sw_reg[15]/C
                         clock pessimism             -0.370    17.400    
                         clock uncertainty           -0.105    17.294    
    SLICE_X34Y239        FDCE (Setup_fdce_C_D)        0.033    17.327    twin_controller_inst/sw_reg[15]
  -------------------------------------------------------------------
                         required time                         17.327    
                         arrival time                          -0.945    
  -------------------------------------------------------------------
                         slack                                 16.382    

Slack (MET) :             16.433ns  (required time - arrival time)
  Source:                 uart_inst/rx_data_reg[0]/C
                            (rising edge-triggered cell FDCE clocked by clk_out1_pll  {rise@0.000ns fall@10.000ns period=20.000ns})
  Destination:            twin_controller_inst/sw_reg[12]/D
                            (rising edge-triggered cell FDCE clocked by clk_out1_pll  {rise@0.000ns fall@10.000ns period=20.000ns})
  Path Group:             clk_out1_pll
  Path Type:              Setup (Max at Slow Process Corner)
  Requirement:            20.000ns  (clk_out1_pll rise@20.000ns - clk_out1_pll rise@0.000ns)
  Data Path Delay:        3.444ns  (logic 0.448ns (13.010%)  route 2.996ns (86.990%))
  Logic Levels:           3  (LUT2=1 LUT6=2)
  Clock Path Skew:        -0.052ns (DCD - SCD + CPR)
    Destination Clock Delay (DCD):    -2.231ns = ( 17.769 - 20.000 ) 
    Source Clock Delay      (SCD):    -2.548ns
    Clock Pessimism Removal (CPR):    -0.370ns
  Clock Uncertainty:      0.105ns  ((TSJ^2 + DJ^2)^1/2) / 2 + PE
    Total System Jitter     (TSJ):    0.071ns
    Discrete Jitter          (DJ):    0.198ns
    Phase Error              (PE):    0.000ns

    Location             Delay type                Incr(ns)  Path(ns)    Netlist Resource(s)
  -------------------------------------------------------------------    -------------------
                         (clock clk_out1_pll rise edge)
                                                      0.000     0.000 r  
    AD12                                              0.000     0.000 r  i_sys_clk_p (IN)
                         net (fo=0)                   0.000     0.000    pll_inst/inst/clk_in1_p
    AD12                 IBUFDS (Prop_ibufds_I_O)     0.906     0.906 r  pll_inst/inst/clkin1_ibufgds/O
                         net (fo=1, routed)           1.098     2.004    pll_inst/inst/clk_in1_pll
    PLLE2_ADV_X1Y1       PLLE2_ADV (Prop_plle2_adv_CLKIN1_CLKOUT0)
                                                     -8.058    -6.054 r  pll_inst/inst/plle2_adv_inst/CLKOUT0
                         net (fo=1, routed)           2.128    -3.926    pll_inst/inst/clk_out1_pll
    BUFGCTRL_X0Y1        BUFG (Prop_bufg_I_O)         0.093    -3.833 r  pll_inst/inst/clkout1_buf/O
                         net (fo=353, routed)         1.285    -2.548    uart_inst/clk_out1
    SLICE_X23Y238        FDCE                                         r  uart_inst/rx_data_reg[0]/C
  -------------------------------------------------------------------    -------------------
    SLICE_X23Y238        FDCE (Prop_fdce_C_Q)         0.223    -2.325 r  uart_inst/rx_data_reg[0]/Q
                         net (fo=47, routed)          1.497    -0.828    uart_inst/rx_data[0]
    SLICE_X25Y240        LUT2 (Prop_lut2_I0_O)        0.050    -0.778 r  uart_inst/key[7]_i_5/O
                         net (fo=10, routed)          0.655    -0.123    uart_inst/key[7]_i_5_n_0
    SLICE_X24Y239        LUT6 (Prop_lut6_I2_O)        0.132     0.009 r  uart_inst/sw[15]_i_2/O
                         net (fo=8, routed)           0.843     0.852    uart_inst/sw[15]_i_2_n_0
    SLICE_X34Y239        LUT6 (Prop_lut6_I4_O)        0.043     0.895 r  uart_inst/sw[12]_i_1/O
                         net (fo=1, routed)           0.000     0.895    twin_controller_inst/sw_reg[12]_0
    SLICE_X34Y239        FDCE                                         r  twin_controller_inst/sw_reg[12]/D
  -------------------------------------------------------------------    -------------------

                         (clock clk_out1_pll rise edge)
                                                     20.000    20.000 r  
    AD12                                              0.000    20.000 r  i_sys_clk_p (IN)
                         net (fo=0)                   0.000    20.000    pll_inst/inst/clk_in1_p
    AD12                 IBUFDS (Prop_ibufds_I_O)     0.803    20.803 r  pll_inst/inst/clkin1_ibufgds/O
                         net (fo=1, routed)           1.001    21.804    pll_inst/inst/clk_in1_pll
    PLLE2_ADV_X1Y1       PLLE2_ADV (Prop_plle2_adv_CLKIN1_CLKOUT0)
                                                     -7.261    14.543 r  pll_inst/inst/plle2_adv_inst/CLKOUT0
                         net (fo=1, routed)           2.003    16.546    pll_inst/inst/clk_out1_pll
    BUFGCTRL_X0Y1        BUFG (Prop_bufg_I_O)         0.083    16.629 r  pll_inst/inst/clkout1_buf/O
                         net (fo=353, routed)         1.140    17.769    twin_controller_inst/CLK
    SLICE_X34Y239        FDCE                                         r  twin_controller_inst/sw_reg[12]/C
                         clock pessimism             -0.370    17.400    
                         clock uncertainty           -0.105    17.294    
    SLICE_X34Y239        FDCE (Setup_fdce_C_D)        0.034    17.328    twin_controller_inst/sw_reg[12]
  -------------------------------------------------------------------
                         required time                         17.328    
                         arrival time                          -0.895    
  -------------------------------------------------------------------
                         slack                                 16.433    

Slack (MET) :             16.456ns  (required time - arrival time)
  Source:                 uart_inst/rx_data_reg[0]/C
                            (rising edge-triggered cell FDCE clocked by clk_out1_pll  {rise@0.000ns fall@10.000ns period=20.000ns})
  Destination:            twin_controller_inst/status_buffer_reg[10][0]/CE
                            (rising edge-triggered cell FDCE clocked by clk_out1_pll  {rise@0.000ns fall@10.000ns period=20.000ns})
  Path Group:             clk_out1_pll
  Path Type:              Setup (Max at Slow Process Corner)
  Requirement:            20.000ns  (clk_out1_pll rise@20.000ns - clk_out1_pll rise@0.000ns)
  Data Path Delay:        3.187ns  (logic 0.309ns (9.696%)  route 2.878ns (90.304%))
  Logic Levels:           2  (LUT5=1 LUT6=1)
  Clock Path Skew:        -0.051ns (DCD - SCD + CPR)
    Destination Clock Delay (DCD):    -2.230ns = ( 17.770 - 20.000 ) 
    Source Clock Delay      (SCD):    -2.548ns
    Clock Pessimism Removal (CPR):    -0.370ns
  Clock Uncertainty:      0.105ns  ((TSJ^2 + DJ^2)^1/2) / 2 + PE
    Total System Jitter     (TSJ):    0.071ns
    Discrete Jitter          (DJ):    0.198ns
    Phase Error              (PE):    0.000ns

    Location             Delay type                Incr(ns)  Path(ns)    Netlist Resource(s)
  -------------------------------------------------------------------    -------------------
                         (clock clk_out1_pll rise edge)
                                                      0.000     0.000 r  
    AD12                                              0.000     0.000 r  i_sys_clk_p (IN)
                         net (fo=0)                   0.000     0.000    pll_inst/inst/clk_in1_p
    AD12                 IBUFDS (Prop_ibufds_I_O)     0.906     0.906 r  pll_inst/inst/clkin1_ibufgds/O
                         net (fo=1, routed)           1.098     2.004    pll_inst/inst/clk_in1_pll
    PLLE2_ADV_X1Y1       PLLE2_ADV (Prop_plle2_adv_CLKIN1_CLKOUT0)
                                                     -8.058    -6.054 r  pll_inst/inst/plle2_adv_inst/CLKOUT0
                         net (fo=1, routed)           2.128    -3.926    pll_inst/inst/clk_out1_pll
    BUFGCTRL_X0Y1        BUFG (Prop_bufg_I_O)         0.093    -3.833 r  pll_inst/inst/clkout1_buf/O
                         net (fo=353, routed)         1.285    -2.548    uart_inst/clk_out1
    SLICE_X23Y238        FDCE                                         r  uart_inst/rx_data_reg[0]/C
  -------------------------------------------------------------------    -------------------
    SLICE_X23Y238        FDCE (Prop_fdce_C_Q)         0.223    -2.325 f  uart_inst/rx_data_reg[0]/Q
                         net (fo=47, routed)          1.291    -1.035    uart_inst/rx_data[0]
    SLICE_X26Y242        LUT6 (Prop_lut6_I1_O)        0.043    -0.992 r  uart_inst/status_buffer[0][6]_i_2/O
                         net (fo=1, routed)           0.200    -0.792    uart_inst/status_buffer[0][6]_i_2_n_0
    SLICE_X26Y242        LUT5 (Prop_lut5_I3_O)        0.043    -0.749 r  uart_inst/status_buffer[0][6]_i_1/O
                         net (fo=134, routed)         1.388     0.639    twin_controller_inst/E[0]
    SLICE_X24Y236        FDCE                                         r  twin_controller_inst/status_buffer_reg[10][0]/CE
  -------------------------------------------------------------------    -------------------

                         (clock clk_out1_pll rise edge)
                                                     20.000    20.000 r  
    AD12                                              0.000    20.000 r  i_sys_clk_p (IN)
                         net (fo=0)                   0.000    20.000    pll_inst/inst/clk_in1_p
    AD12                 IBUFDS (Prop_ibufds_I_O)     0.803    20.803 r  pll_inst/inst/clkin1_ibufgds/O
                         net (fo=1, routed)           1.001    21.804    pll_inst/inst/clk_in1_pll
    PLLE2_ADV_X1Y1       PLLE2_ADV (Prop_plle2_adv_CLKIN1_CLKOUT0)
                                                     -7.261    14.543 r  pll_inst/inst/plle2_adv_inst/CLKOUT0
                         net (fo=1, routed)           2.003    16.546    pll_inst/inst/clk_out1_pll
    BUFGCTRL_X0Y1        BUFG (Prop_bufg_I_O)         0.083    16.629 r  pll_inst/inst/clkout1_buf/O
                         net (fo=353, routed)         1.141    17.770    twin_controller_inst/CLK
    SLICE_X24Y236        FDCE                                         r  twin_controller_inst/status_buffer_reg[10][0]/C
                         clock pessimism             -0.370    17.401    
                         clock uncertainty           -0.105    17.295    
    SLICE_X24Y236        FDCE (Setup_fdce_C_CE)      -0.201    17.094    twin_controller_inst/status_buffer_reg[10][0]
  -------------------------------------------------------------------
                         required time                         17.094    
                         arrival time                          -0.639    
  -------------------------------------------------------------------
                         slack                                 16.456    

Slack (MET) :             16.456ns  (required time - arrival time)
  Source:                 uart_inst/rx_data_reg[0]/C
                            (rising edge-triggered cell FDCE clocked by clk_out1_pll  {rise@0.000ns fall@10.000ns period=20.000ns})
  Destination:            twin_controller_inst/status_buffer_reg[10][1]/CE
                            (rising edge-triggered cell FDCE clocked by clk_out1_pll  {rise@0.000ns fall@10.000ns period=20.000ns})
  Path Group:             clk_out1_pll
  Path Type:              Setup (Max at Slow Process Corner)
  Requirement:            20.000ns  (clk_out1_pll rise@20.000ns - clk_out1_pll rise@0.000ns)
  Data Path Delay:        3.187ns  (logic 0.309ns (9.696%)  route 2.878ns (90.304%))
  Logic Levels:           2  (LUT5=1 LUT6=1)
  Clock Path Skew:        -0.051ns (DCD - SCD + CPR)
    Destination Clock Delay (DCD):    -2.230ns = ( 17.770 - 20.000 ) 
    Source Clock Delay      (SCD):    -2.548ns
    Clock Pessimism Removal (CPR):    -0.370ns
  Clock Uncertainty:      0.105ns  ((TSJ^2 + DJ^2)^1/2) / 2 + PE
    Total System Jitter     (TSJ):    0.071ns
    Discrete Jitter          (DJ):    0.198ns
    Phase Error              (PE):    0.000ns

    Location             Delay type                Incr(ns)  Path(ns)    Netlist Resource(s)
  -------------------------------------------------------------------    -------------------
                         (clock clk_out1_pll rise edge)
                                                      0.000     0.000 r  
    AD12                                              0.000     0.000 r  i_sys_clk_p (IN)
                         net (fo=0)                   0.000     0.000    pll_inst/inst/clk_in1_p
    AD12                 IBUFDS (Prop_ibufds_I_O)     0.906     0.906 r  pll_inst/inst/clkin1_ibufgds/O
                         net (fo=1, routed)           1.098     2.004    pll_inst/inst/clk_in1_pll
    PLLE2_ADV_X1Y1       PLLE2_ADV (Prop_plle2_adv_CLKIN1_CLKOUT0)
                                                     -8.058    -6.054 r  pll_inst/inst/plle2_adv_inst/CLKOUT0
                         net (fo=1, routed)           2.128    -3.926    pll_inst/inst/clk_out1_pll
    BUFGCTRL_X0Y1        BUFG (Prop_bufg_I_O)         0.093    -3.833 r  pll_inst/inst/clkout1_buf/O
                         net (fo=353, routed)         1.285    -2.548    uart_inst/clk_out1
    SLICE_X23Y238        FDCE                                         r  uart_inst/rx_data_reg[0]/C
  -------------------------------------------------------------------    -------------------
    SLICE_X23Y238        FDCE (Prop_fdce_C_Q)         0.223    -2.325 f  uart_inst/rx_data_reg[0]/Q
                         net (fo=47, routed)          1.291    -1.035    uart_inst/rx_data[0]
    SLICE_X26Y242        LUT6 (Prop_lut6_I1_O)        0.043    -0.992 r  uart_inst/status_buffer[0][6]_i_2/O
                         net (fo=1, routed)           0.200    -0.792    uart_inst/status_buffer[0][6]_i_2_n_0
    SLICE_X26Y242        LUT5 (Prop_lut5_I3_O)        0.043    -0.749 r  uart_inst/status_buffer[0][6]_i_1/O
                         net (fo=134, routed)         1.388     0.639    twin_controller_inst/E[0]
    SLICE_X24Y236        FDCE                                         r  twin_controller_inst/status_buffer_reg[10][1]/CE
  -------------------------------------------------------------------    -------------------

                         (clock clk_out1_pll rise edge)
                                                     20.000    20.000 r  
    AD12                                              0.000    20.000 r  i_sys_clk_p (IN)
                         net (fo=0)                   0.000    20.000    pll_inst/inst/clk_in1_p
    AD12                 IBUFDS (Prop_ibufds_I_O)     0.803    20.803 r  pll_inst/inst/clkin1_ibufgds/O
                         net (fo=1, routed)           1.001    21.804    pll_inst/inst/clk_in1_pll
    PLLE2_ADV_X1Y1       PLLE2_ADV (Prop_plle2_adv_CLKIN1_CLKOUT0)
                                                     -7.261    14.543 r  pll_inst/inst/plle2_adv_inst/CLKOUT0
                         net (fo=1, routed)           2.003    16.546    pll_inst/inst/clk_out1_pll
    BUFGCTRL_X0Y1        BUFG (Prop_bufg_I_O)         0.083    16.629 r  pll_inst/inst/clkout1_buf/O
                         net (fo=353, routed)         1.141    17.770    twin_controller_inst/CLK
    SLICE_X24Y236        FDCE                                         r  twin_controller_inst/status_buffer_reg[10][1]/C
                         clock pessimism             -0.370    17.401    
                         clock uncertainty           -0.105    17.295    
    SLICE_X24Y236        FDCE (Setup_fdce_C_CE)      -0.201    17.094    twin_controller_inst/status_buffer_reg[10][1]
  -------------------------------------------------------------------
                         required time                         17.094    
                         arrival time                          -0.639    
  -------------------------------------------------------------------
                         slack                                 16.456    

Slack (MET) :             16.456ns  (required time - arrival time)
  Source:                 uart_inst/rx_data_reg[0]/C
                            (rising edge-triggered cell FDCE clocked by clk_out1_pll  {rise@0.000ns fall@10.000ns period=20.000ns})
  Destination:            twin_controller_inst/status_buffer_reg[5][0]/CE
                            (rising edge-triggered cell FDCE clocked by clk_out1_pll  {rise@0.000ns fall@10.000ns period=20.000ns})
  Path Group:             clk_out1_pll
  Path Type:              Setup (Max at Slow Process Corner)
  Requirement:            20.000ns  (clk_out1_pll rise@20.000ns - clk_out1_pll rise@0.000ns)
  Data Path Delay:        3.187ns  (logic 0.309ns (9.696%)  route 2.878ns (90.304%))
  Logic Levels:           2  (LUT5=1 LUT6=1)
  Clock Path Skew:        -0.051ns (DCD - SCD + CPR)
    Destination Clock Delay (DCD):    -2.230ns = ( 17.770 - 20.000 ) 
    Source Clock Delay      (SCD):    -2.548ns
    Clock Pessimism Removal (CPR):    -0.370ns
  Clock Uncertainty:      0.105ns  ((TSJ^2 + DJ^2)^1/2) / 2 + PE
    Total System Jitter     (TSJ):    0.071ns
    Discrete Jitter          (DJ):    0.198ns
    Phase Error              (PE):    0.000ns

    Location             Delay type                Incr(ns)  Path(ns)    Netlist Resource(s)
  -------------------------------------------------------------------    -------------------
                         (clock clk_out1_pll rise edge)
                                                      0.000     0.000 r  
    AD12                                              0.000     0.000 r  i_sys_clk_p (IN)
                         net (fo=0)                   0.000     0.000    pll_inst/inst/clk_in1_p
    AD12                 IBUFDS (Prop_ibufds_I_O)     0.906     0.906 r  pll_inst/inst/clkin1_ibufgds/O
                         net (fo=1, routed)           1.098     2.004    pll_inst/inst/clk_in1_pll
    PLLE2_ADV_X1Y1       PLLE2_ADV (Prop_plle2_adv_CLKIN1_CLKOUT0)
                                                     -8.058    -6.054 r  pll_inst/inst/plle2_adv_inst/CLKOUT0
                         net (fo=1, routed)           2.128    -3.926    pll_inst/inst/clk_out1_pll
    BUFGCTRL_X0Y1        BUFG (Prop_bufg_I_O)         0.093    -3.833 r  pll_inst/inst/clkout1_buf/O
                         net (fo=353, routed)         1.285    -2.548    uart_inst/clk_out1
    SLICE_X23Y238        FDCE                                         r  uart_inst/rx_data_reg[0]/C
  -------------------------------------------------------------------    -------------------
    SLICE_X23Y238        FDCE (Prop_fdce_C_Q)         0.223    -2.325 f  uart_inst/rx_data_reg[0]/Q
                         net (fo=47, routed)          1.291    -1.035    uart_inst/rx_data[0]
    SLICE_X26Y242        LUT6 (Prop_lut6_I1_O)        0.043    -0.992 r  uart_inst/status_buffer[0][6]_i_2/O
                         net (fo=1, routed)           0.200    -0.792    uart_inst/status_buffer[0][6]_i_2_n_0
    SLICE_X26Y242        LUT5 (Prop_lut5_I3_O)        0.043    -0.749 r  uart_inst/status_buffer[0][6]_i_1/O
                         net (fo=134, routed)         1.388     0.639    twin_controller_inst/E[0]
    SLICE_X24Y236        FDCE                                         r  twin_controller_inst/status_buffer_reg[5][0]/CE
  -------------------------------------------------------------------    -------------------

                         (clock clk_out1_pll rise edge)
                                                     20.000    20.000 r  
    AD12                                              0.000    20.000 r  i_sys_clk_p (IN)
                         net (fo=0)                   0.000    20.000    pll_inst/inst/clk_in1_p
    AD12                 IBUFDS (Prop_ibufds_I_O)     0.803    20.803 r  pll_inst/inst/clkin1_ibufgds/O
                         net (fo=1, routed)           1.001    21.804    pll_inst/inst/clk_in1_pll
    PLLE2_ADV_X1Y1       PLLE2_ADV (Prop_plle2_adv_CLKIN1_CLKOUT0)
                                                     -7.261    14.543 r  pll_inst/inst/plle2_adv_inst/CLKOUT0
                         net (fo=1, routed)           2.003    16.546    pll_inst/inst/clk_out1_pll
    BUFGCTRL_X0Y1        BUFG (Prop_bufg_I_O)         0.083    16.629 r  pll_inst/inst/clkout1_buf/O
                         net (fo=353, routed)         1.141    17.770    twin_controller_inst/CLK
    SLICE_X24Y236        FDCE                                         r  twin_controller_inst/status_buffer_reg[5][0]/C
                         clock pessimism             -0.370    17.401    
                         clock uncertainty           -0.105    17.295    
    SLICE_X24Y236        FDCE (Setup_fdce_C_CE)      -0.201    17.094    twin_controller_inst/status_buffer_reg[5][0]
  -------------------------------------------------------------------
                         required time                         17.094    
                         arrival time                          -0.639    
  -------------------------------------------------------------------
                         slack                                 16.456    





Min Delay Paths
--------------------------------------------------------------------------------------
Slack (MET) :             0.110ns  (arrival time - required time)
  Source:                 twin_controller_inst/status_buffer_reg[17][0]/C
                            (rising edge-triggered cell FDCE clocked by clk_out1_pll  {rise@0.000ns fall@10.000ns period=20.000ns})
  Destination:            twin_controller_inst/tx_data_reg[0]/D
                            (rising edge-triggered cell FDCE clocked by clk_out1_pll  {rise@0.000ns fall@10.000ns period=20.000ns})
  Path Group:             clk_out1_pll
  Path Type:              Hold (Min at Fast Process Corner)
  Requirement:            0.000ns  (clk_out1_pll rise@0.000ns - clk_out1_pll rise@0.000ns)
  Data Path Delay:        0.182ns  (logic 0.128ns (70.416%)  route 0.054ns (29.584%))
  Logic Levels:           1  (LUT5=1)
  Clock Path Skew:        0.011ns (DCD - SCD - CPR)
    Destination Clock Delay (DCD):    -0.667ns
    Source Clock Delay      (SCD):    -0.463ns
    Clock Pessimism Removal (CPR):    -0.216ns

    Location             Delay type                Incr(ns)  Path(ns)    Netlist Resource(s)
  -------------------------------------------------------------------    -------------------
                         (clock clk_out1_pll rise edge)
                                                      0.000     0.000 r  
    AD12                                              0.000     0.000 r  i_sys_clk_p (IN)
                         net (fo=0)                   0.000     0.000    pll_inst/inst/clk_in1_p
    AD12                 IBUFDS (Prop_ibufds_I_O)     0.388     0.388 r  pll_inst/inst/clkin1_ibufgds/O
                         net (fo=1, routed)           0.503     0.891    pll_inst/inst/clk_in1_pll
    PLLE2_ADV_X1Y1       PLLE2_ADV (Prop_plle2_adv_CLKIN1_CLKOUT0)
                                                     -2.908    -2.017 r  pll_inst/inst/plle2_adv_inst/CLKOUT0
                         net (fo=1, routed)           0.958    -1.059    pll_inst/inst/clk_out1_pll
    BUFGCTRL_X0Y1        BUFG (Prop_bufg_I_O)         0.026    -1.033 r  pll_inst/inst/clkout1_buf/O
                         net (fo=353, routed)         0.570    -0.463    twin_controller_inst/CLK
    SLICE_X30Y243        FDCE                                         r  twin_controller_inst/status_buffer_reg[17][0]/C
  -------------------------------------------------------------------    -------------------
    SLICE_X30Y243        FDCE (Prop_fdce_C_Q)         0.100    -0.363 r  twin_controller_inst/status_buffer_reg[17][0]/Q
                         net (fo=1, routed)           0.054    -0.309    twin_controller_inst/status_buffer_reg[17]_17[0]
    SLICE_X31Y243        LUT5 (Prop_lut5_I0_O)        0.028    -0.281 r  twin_controller_inst/tx_data[0]_i_1/O
                         net (fo=1, routed)           0.000    -0.281    twin_controller_inst/status_buffer[0]
    SLICE_X31Y243        FDCE                                         r  twin_controller_inst/tx_data_reg[0]/D
  -------------------------------------------------------------------    -------------------

                         (clock clk_out1_pll rise edge)
                                                      0.000     0.000 r  
    AD12                                              0.000     0.000 r  i_sys_clk_p (IN)
                         net (fo=0)                   0.000     0.000    pll_inst/inst/clk_in1_p
    AD12                 IBUFDS (Prop_ibufds_I_O)     0.470     0.470 r  pll_inst/inst/clkin1_ibufgds/O
                         net (fo=1, routed)           0.554     1.024    pll_inst/inst/clk_in1_pll
    PLLE2_ADV_X1Y1       PLLE2_ADV (Prop_plle2_adv_CLKIN1_CLKOUT0)
                                                     -3.524    -2.500 r  pll_inst/inst/plle2_adv_inst/CLKOUT0
                         net (fo=1, routed)           1.027    -1.473    pll_inst/inst/clk_out1_pll
    BUFGCTRL_X0Y1        BUFG (Prop_bufg_I_O)         0.030    -1.443 r  pll_inst/inst/clkout1_buf/O
                         net (fo=353, routed)         0.776    -0.667    twin_controller_inst/CLK
    SLICE_X31Y243        FDCE                                         r  twin_controller_inst/tx_data_reg[0]/C
                         clock pessimism              0.216    -0.452    
    SLICE_X31Y243        FDCE (Hold_fdce_C_D)         0.061    -0.391    twin_controller_inst/tx_data_reg[0]
  -------------------------------------------------------------------
                         required time                          0.391    
                         arrival time                          -0.281    
  -------------------------------------------------------------------
                         slack                                  0.110    

Slack (MET) :             0.131ns  (arrival time - required time)
  Source:                 twin_controller_inst/sw_reg[58]/C
                            (rising edge-triggered cell FDCE clocked by clk_out1_pll  {rise@0.000ns fall@10.000ns period=20.000ns})
  Destination:            twin_controller_inst/status_buffer_reg[13][2]/D
                            (rising edge-triggered cell FDCE clocked by clk_out1_pll  {rise@0.000ns fall@10.000ns period=20.000ns})
  Path Group:             clk_out1_pll
  Path Type:              Hold (Min at Fast Process Corner)
  Requirement:            0.000ns  (clk_out1_pll rise@0.000ns - clk_out1_pll rise@0.000ns)
  Data Path Delay:        0.175ns  (logic 0.100ns (57.101%)  route 0.075ns (42.899%))
  Logic Levels:           0  
  Clock Path Skew:        0.011ns (DCD - SCD - CPR)
    Destination Clock Delay (DCD):    -0.671ns
    Source Clock Delay      (SCD):    -0.466ns
    Clock Pessimism Removal (CPR):    -0.217ns

    Location             Delay type                Incr(ns)  Path(ns)    Netlist Resource(s)
  -------------------------------------------------------------------    -------------------
                         (clock clk_out1_pll rise edge)
                                                      0.000     0.000 r  
    AD12                                              0.000     0.000 r  i_sys_clk_p (IN)
                         net (fo=0)                   0.000     0.000    pll_inst/inst/clk_in1_p
    AD12                 IBUFDS (Prop_ibufds_I_O)     0.388     0.388 r  pll_inst/inst/clkin1_ibufgds/O
                         net (fo=1, routed)           0.503     0.891    pll_inst/inst/clk_in1_pll
    PLLE2_ADV_X1Y1       PLLE2_ADV (Prop_plle2_adv_CLKIN1_CLKOUT0)
                                                     -2.908    -2.017 r  pll_inst/inst/plle2_adv_inst/CLKOUT0
                         net (fo=1, routed)           0.958    -1.059    pll_inst/inst/clk_out1_pll
    BUFGCTRL_X0Y1        BUFG (Prop_bufg_I_O)         0.026    -1.033 r  pll_inst/inst/clkout1_buf/O
                         net (fo=353, routed)         0.567    -0.466    twin_controller_inst/CLK
    SLICE_X29Y237        FDCE                                         r  twin_controller_inst/sw_reg[58]/C
  -------------------------------------------------------------------    -------------------
    SLICE_X29Y237        FDCE (Prop_fdce_C_Q)         0.100    -0.366 r  twin_controller_inst/sw_reg[58]/Q
                         net (fo=3, routed)           0.075    -0.290    twin_controller_inst/virtual_sw[58]
    SLICE_X28Y237        FDCE                                         r  twin_controller_inst/status_buffer_reg[13][2]/D
  -------------------------------------------------------------------    -------------------

                         (clock clk_out1_pll rise edge)
                                                      0.000     0.000 r  
    AD12                                              0.000     0.000 r  i_sys_clk_p (IN)
                         net (fo=0)                   0.000     0.000    pll_inst/inst/clk_in1_p
    AD12                 IBUFDS (Prop_ibufds_I_O)     0.470     0.470 r  pll_inst/inst/clkin1_ibufgds/O
                         net (fo=1, routed)           0.554     1.024    pll_inst/inst/clk_in1_pll
    PLLE2_ADV_X1Y1       PLLE2_ADV (Prop_plle2_adv_CLKIN1_CLKOUT0)
                                                     -3.524    -2.500 r  pll_inst/inst/plle2_adv_inst/CLKOUT0
                         net (fo=1, routed)           1.027    -1.473    pll_inst/inst/clk_out1_pll
    BUFGCTRL_X0Y1        BUFG (Prop_bufg_I_O)         0.030    -1.443 r  pll_inst/inst/clkout1_buf/O
                         net (fo=353, routed)         0.772    -0.671    twin_controller_inst/CLK
    SLICE_X28Y237        FDCE                                         r  twin_controller_inst/status_buffer_reg[13][2]/C
                         clock pessimism              0.217    -0.455    
    SLICE_X28Y237        FDCE (Hold_fdce_C_D)         0.033    -0.422    twin_controller_inst/status_buffer_reg[13][2]
  -------------------------------------------------------------------
                         required time                          0.422    
                         arrival time                          -0.290    
  -------------------------------------------------------------------
                         slack                                  0.131    

Slack (MET) :             0.137ns  (arrival time - required time)
  Source:                 twin_controller_inst/status_buffer_reg[16][5]/C
                            (rising edge-triggered cell FDCE clocked by clk_out1_pll  {rise@0.000ns fall@10.000ns period=20.000ns})
  Destination:            twin_controller_inst/tx_data_reg[5]/D
                            (rising edge-triggered cell FDCE clocked by clk_out1_pll  {rise@0.000ns fall@10.000ns period=20.000ns})
  Path Group:             clk_out1_pll
  Path Type:              Hold (Min at Fast Process Corner)
  Requirement:            0.000ns  (clk_out1_pll rise@0.000ns - clk_out1_pll rise@0.000ns)
  Data Path Delay:        0.208ns  (logic 0.128ns (61.615%)  route 0.080ns (38.385%))
  Logic Levels:           1  (LUT5=1)
  Clock Path Skew:        0.011ns (DCD - SCD - CPR)
    Destination Clock Delay (DCD):    -0.667ns
    Source Clock Delay      (SCD):    -0.463ns
    Clock Pessimism Removal (CPR):    -0.216ns

    Location             Delay type                Incr(ns)  Path(ns)    Netlist Resource(s)
  -------------------------------------------------------------------    -------------------
                         (clock clk_out1_pll rise edge)
                                                      0.000     0.000 r  
    AD12                                              0.000     0.000 r  i_sys_clk_p (IN)
                         net (fo=0)                   0.000     0.000    pll_inst/inst/clk_in1_p
    AD12                 IBUFDS (Prop_ibufds_I_O)     0.388     0.388 r  pll_inst/inst/clkin1_ibufgds/O
                         net (fo=1, routed)           0.503     0.891    pll_inst/inst/clk_in1_pll
    PLLE2_ADV_X1Y1       PLLE2_ADV (Prop_plle2_adv_CLKIN1_CLKOUT0)
                                                     -2.908    -2.017 r  pll_inst/inst/plle2_adv_inst/CLKOUT0
                         net (fo=1, routed)           0.958    -1.059    pll_inst/inst/clk_out1_pll
    BUFGCTRL_X0Y1        BUFG (Prop_bufg_I_O)         0.026    -1.033 r  pll_inst/inst/clkout1_buf/O
                         net (fo=353, routed)         0.570    -0.463    twin_controller_inst/CLK
    SLICE_X30Y243        FDCE                                         r  twin_controller_inst/status_buffer_reg[16][5]/C
  -------------------------------------------------------------------    -------------------
    SLICE_X30Y243        FDCE (Prop_fdce_C_Q)         0.100    -0.363 r  twin_controller_inst/status_buffer_reg[16][5]/Q
                         net (fo=1, routed)           0.080    -0.283    twin_controller_inst/status_buffer_reg[16]_16[5]
    SLICE_X31Y243        LUT5 (Prop_lut5_I2_O)        0.028    -0.255 r  twin_controller_inst/tx_data[5]_i_1/O
                         net (fo=1, routed)           0.000    -0.255    twin_controller_inst/status_buffer[5]
    SLICE_X31Y243        FDCE                                         r  twin_controller_inst/tx_data_reg[5]/D
  -------------------------------------------------------------------    -------------------

                         (clock clk_out1_pll rise edge)
                                                      0.000     0.000 r  
    AD12                                              0.000     0.000 r  i_sys_clk_p (IN)
                         net (fo=0)                   0.000     0.000    pll_inst/inst/clk_in1_p
    AD12                 IBUFDS (Prop_ibufds_I_O)     0.470     0.470 r  pll_inst/inst/clkin1_ibufgds/O
                         net (fo=1, routed)           0.554     1.024    pll_inst/inst/clk_in1_pll
    PLLE2_ADV_X1Y1       PLLE2_ADV (Prop_plle2_adv_CLKIN1_CLKOUT0)
                                                     -3.524    -2.500 r  pll_inst/inst/plle2_adv_inst/CLKOUT0
                         net (fo=1, routed)           1.027    -1.473    pll_inst/inst/clk_out1_pll
    BUFGCTRL_X0Y1        BUFG (Prop_bufg_I_O)         0.030    -1.443 r  pll_inst/inst/clkout1_buf/O
                         net (fo=353, routed)         0.776    -0.667    twin_controller_inst/CLK
    SLICE_X31Y243        FDCE                                         r  twin_controller_inst/tx_data_reg[5]/C
                         clock pessimism              0.216    -0.452    
    SLICE_X31Y243        FDCE (Hold_fdce_C_D)         0.060    -0.392    twin_controller_inst/tx_data_reg[5]
  -------------------------------------------------------------------
                         required time                          0.392    
                         arrival time                          -0.255    
  -------------------------------------------------------------------
                         slack                                  0.137    

Slack (MET) :             0.138ns  (arrival time - required time)
  Source:                 twin_controller_inst/status_buffer_reg[17][3]/C
                            (rising edge-triggered cell FDCE clocked by clk_out1_pll  {rise@0.000ns fall@10.000ns period=20.000ns})
  Destination:            twin_controller_inst/tx_data_reg[3]/D
                            (rising edge-triggered cell FDCE clocked by clk_out1_pll  {rise@0.000ns fall@10.000ns period=20.000ns})
  Path Group:             clk_out1_pll
  Path Type:              Hold (Min at Fast Process Corner)
  Requirement:            0.000ns  (clk_out1_pll rise@0.000ns - clk_out1_pll rise@0.000ns)
  Data Path Delay:        0.229ns  (logic 0.128ns (55.842%)  route 0.101ns (44.158%))
  Logic Levels:           1  (LUT5=1)
  Clock Path Skew:        0.031ns (DCD - SCD - CPR)
    Destination Clock Delay (DCD):    -0.667ns
    Source Clock Delay      (SCD):    -0.461ns
    Clock Pessimism Removal (CPR):    -0.238ns

    Location             Delay type                Incr(ns)  Path(ns)    Netlist Resource(s)
  -------------------------------------------------------------------    -------------------
                         (clock clk_out1_pll rise edge)
                                                      0.000     0.000 r  
    AD12                                              0.000     0.000 r  i_sys_clk_p (IN)
                         net (fo=0)                   0.000     0.000    pll_inst/inst/clk_in1_p
    AD12                 IBUFDS (Prop_ibufds_I_O)     0.388     0.388 r  pll_inst/inst/clkin1_ibufgds/O
                         net (fo=1, routed)           0.503     0.891    pll_inst/inst/clk_in1_pll
    PLLE2_ADV_X1Y1       PLLE2_ADV (Prop_plle2_adv_CLKIN1_CLKOUT0)
                                                     -2.908    -2.017 r  pll_inst/inst/plle2_adv_inst/CLKOUT0
                         net (fo=1, routed)           0.958    -1.059    pll_inst/inst/clk_out1_pll
    BUFGCTRL_X0Y1        BUFG (Prop_bufg_I_O)         0.026    -1.033 r  pll_inst/inst/clkout1_buf/O
                         net (fo=353, routed)         0.572    -0.461    twin_controller_inst/CLK
    SLICE_X26Y243        FDCE                                         r  twin_controller_inst/status_buffer_reg[17][3]/C
  -------------------------------------------------------------------    -------------------
    SLICE_X26Y243        FDCE (Prop_fdce_C_Q)         0.100    -0.361 r  twin_controller_inst/status_buffer_reg[17][3]/Q
                         net (fo=1, routed)           0.101    -0.259    twin_controller_inst/status_buffer_reg[17]_17[3]
    SLICE_X29Y243        LUT5 (Prop_lut5_I0_O)        0.028    -0.231 r  twin_controller_inst/tx_data[3]_i_1/O
                         net (fo=1, routed)           0.000    -0.231    twin_controller_inst/status_buffer[3]
    SLICE_X29Y243        FDCE                                         r  twin_controller_inst/tx_data_reg[3]/D
  -------------------------------------------------------------------    -------------------

                         (clock clk_out1_pll rise edge)
                                                      0.000     0.000 r  
    AD12                                              0.000     0.000 r  i_sys_clk_p (IN)
                         net (fo=0)                   0.000     0.000    pll_inst/inst/clk_in1_p
    AD12                 IBUFDS (Prop_ibufds_I_O)     0.470     0.470 r  pll_inst/inst/clkin1_ibufgds/O
                         net (fo=1, routed)           0.554     1.024    pll_inst/inst/clk_in1_pll
    PLLE2_ADV_X1Y1       PLLE2_ADV (Prop_plle2_adv_CLKIN1_CLKOUT0)
                                                     -3.524    -2.500 r  pll_inst/inst/plle2_adv_inst/CLKOUT0
                         net (fo=1, routed)           1.027    -1.473    pll_inst/inst/clk_out1_pll
    BUFGCTRL_X0Y1        BUFG (Prop_bufg_I_O)         0.030    -1.443 r  pll_inst/inst/clkout1_buf/O
                         net (fo=353, routed)         0.776    -0.667    twin_controller_inst/CLK
    SLICE_X29Y243        FDCE                                         r  twin_controller_inst/tx_data_reg[3]/C
                         clock pessimism              0.238    -0.430    
    SLICE_X29Y243        FDCE (Hold_fdce_C_D)         0.060    -0.370    twin_controller_inst/tx_data_reg[3]
  -------------------------------------------------------------------
                         required time                          0.370    
                         arrival time                          -0.231    
  -------------------------------------------------------------------
                         slack                                  0.138    

Slack (MET) :             0.139ns  (arrival time - required time)
  Source:                 twin_controller_inst/tx_data_reg[6]/C
                            (rising edge-triggered cell FDCE clocked by clk_out1_pll  {rise@0.000ns fall@10.000ns period=20.000ns})
  Destination:            uart_inst/tx_shift_reg[7]/D
                            (rising edge-triggered cell FDPE clocked by clk_out1_pll  {rise@0.000ns fall@10.000ns period=20.000ns})
  Path Group:             clk_out1_pll
  Path Type:              Hold (Min at Fast Process Corner)
  Requirement:            0.000ns  (clk_out1_pll rise@0.000ns - clk_out1_pll rise@0.000ns)
  Data Path Delay:        0.211ns  (logic 0.128ns (60.586%)  route 0.083ns (39.414%))
  Logic Levels:           1  (LUT3=1)
  Clock Path Skew:        0.011ns (DCD - SCD - CPR)
    Destination Clock Delay (DCD):    -0.667ns
    Source Clock Delay      (SCD):    -0.463ns
    Clock Pessimism Removal (CPR):    -0.216ns

    Location             Delay type                Incr(ns)  Path(ns)    Netlist Resource(s)
  -------------------------------------------------------------------    -------------------
                         (clock clk_out1_pll rise edge)
                                                      0.000     0.000 r  
    AD12                                              0.000     0.000 r  i_sys_clk_p (IN)
                         net (fo=0)                   0.000     0.000    pll_inst/inst/clk_in1_p
    AD12                 IBUFDS (Prop_ibufds_I_O)     0.388     0.388 r  pll_inst/inst/clkin1_ibufgds/O
                         net (fo=1, routed)           0.503     0.891    pll_inst/inst/clk_in1_pll
    PLLE2_ADV_X1Y1       PLLE2_ADV (Prop_plle2_adv_CLKIN1_CLKOUT0)
                                                     -2.908    -2.017 r  pll_inst/inst/plle2_adv_inst/CLKOUT0
                         net (fo=1, routed)           0.958    -1.059    pll_inst/inst/clk_out1_pll
    BUFGCTRL_X0Y1        BUFG (Prop_bufg_I_O)         0.026    -1.033 r  pll_inst/inst/clkout1_buf/O
                         net (fo=353, routed)         0.570    -0.463    twin_controller_inst/CLK
    SLICE_X29Y243        FDCE                                         r  twin_controller_inst/tx_data_reg[6]/C
  -------------------------------------------------------------------    -------------------
    SLICE_X29Y243        FDCE (Prop_fdce_C_Q)         0.100    -0.363 r  twin_controller_inst/tx_data_reg[6]/Q
                         net (fo=1, routed)           0.083    -0.279    uart_inst/tx_shift_reg[8]_0[6]
    SLICE_X28Y243        LUT3 (Prop_lut3_I2_O)        0.028    -0.251 r  uart_inst/tx_shift[7]_i_1/O
                         net (fo=1, routed)           0.000    -0.251    uart_inst/tx_shift0_in[7]
    SLICE_X28Y243        FDPE                                         r  uart_inst/tx_shift_reg[7]/D
  -------------------------------------------------------------------    -------------------

                         (clock clk_out1_pll rise edge)
                                                      0.000     0.000 r  
    AD12                                              0.000     0.000 r  i_sys_clk_p (IN)
                         net (fo=0)                   0.000     0.000    pll_inst/inst/clk_in1_p
    AD12                 IBUFDS (Prop_ibufds_I_O)     0.470     0.470 r  pll_inst/inst/clkin1_ibufgds/O
                         net (fo=1, routed)           0.554     1.024    pll_inst/inst/clk_in1_pll
    PLLE2_ADV_X1Y1       PLLE2_ADV (Prop_plle2_adv_CLKIN1_CLKOUT0)
                                                     -3.524    -2.500 r  pll_inst/inst/plle2_adv_inst/CLKOUT0
                         net (fo=1, routed)           1.027    -1.473    pll_inst/inst/clk_out1_pll
    BUFGCTRL_X0Y1        BUFG (Prop_bufg_I_O)         0.030    -1.443 r  pll_inst/inst/clkout1_buf/O
                         net (fo=353, routed)         0.776    -0.667    uart_inst/clk_out1
    SLICE_X28Y243        FDPE                                         r  uart_inst/tx_shift_reg[7]/C
                         clock pessimism              0.216    -0.452    
    SLICE_X28Y243        FDPE (Hold_fdpe_C_D)         0.061    -0.391    uart_inst/tx_shift_reg[7]
  -------------------------------------------------------------------
                         required time                          0.391    
                         arrival time                          -0.251    
  -------------------------------------------------------------------
                         slack                                  0.139    

Slack (MET) :             0.139ns  (arrival time - required time)
  Source:                 twin_controller_inst/sw_reg[13]/C
                            (rising edge-triggered cell FDCE clocked by clk_out1_pll  {rise@0.000ns fall@10.000ns period=20.000ns})
  Destination:            twin_controller_inst/status_buffer_reg[7][5]/D
                            (rising edge-triggered cell FDCE clocked by clk_out1_pll  {rise@0.000ns fall@10.000ns period=20.000ns})
  Path Group:             clk_out1_pll
  Path Type:              Hold (Min at Fast Process Corner)
  Requirement:            0.000ns  (clk_out1_pll rise@0.000ns - clk_out1_pll rise@0.000ns)
  Data Path Delay:        0.217ns  (logic 0.100ns (46.003%)  route 0.117ns (53.997%))
  Logic Levels:           0  
  Clock Path Skew:        0.034ns (DCD - SCD - CPR)
    Destination Clock Delay (DCD):    -0.668ns
    Source Clock Delay      (SCD):    -0.465ns
    Clock Pessimism Removal (CPR):    -0.238ns

    Location             Delay type                Incr(ns)  Path(ns)    Netlist Resource(s)
  -------------------------------------------------------------------    -------------------
                         (clock clk_out1_pll rise edge)
                                                      0.000     0.000 r  
    AD12                                              0.000     0.000 r  i_sys_clk_p (IN)
                         net (fo=0)                   0.000     0.000    pll_inst/inst/clk_in1_p
    AD12                 IBUFDS (Prop_ibufds_I_O)     0.388     0.388 r  pll_inst/inst/clkin1_ibufgds/O
                         net (fo=1, routed)           0.503     0.891    pll_inst/inst/clk_in1_pll
    PLLE2_ADV_X1Y1       PLLE2_ADV (Prop_plle2_adv_CLKIN1_CLKOUT0)
                                                     -2.908    -2.017 r  pll_inst/inst/plle2_adv_inst/CLKOUT0
                         net (fo=1, routed)           0.958    -1.059    pll_inst/inst/clk_out1_pll
    BUFGCTRL_X0Y1        BUFG (Prop_bufg_I_O)         0.026    -1.033 r  pll_inst/inst/clkout1_buf/O
                         net (fo=353, routed)         0.568    -0.465    twin_controller_inst/CLK
    SLICE_X33Y241        FDCE                                         r  twin_controller_inst/sw_reg[13]/C
  -------------------------------------------------------------------    -------------------
    SLICE_X33Y241        FDCE (Prop_fdce_C_Q)         0.100    -0.365 r  twin_controller_inst/sw_reg[13]/Q
                         net (fo=3, routed)           0.117    -0.247    twin_controller_inst/virtual_sw[13]
    SLICE_X31Y241        FDCE                                         r  twin_controller_inst/status_buffer_reg[7][5]/D
  -------------------------------------------------------------------    -------------------

                         (clock clk_out1_pll rise edge)
                                                      0.000     0.000 r  
    AD12                                              0.000     0.000 r  i_sys_clk_p (IN)
                         net (fo=0)                   0.000     0.000    pll_inst/inst/clk_in1_p
    AD12                 IBUFDS (Prop_ibufds_I_O)     0.470     0.470 r  pll_inst/inst/clkin1_ibufgds/O
                         net (fo=1, routed)           0.554     1.024    pll_inst/inst/clk_in1_pll
    PLLE2_ADV_X1Y1       PLLE2_ADV (Prop_plle2_adv_CLKIN1_CLKOUT0)
                                                     -3.524    -2.500 r  pll_inst/inst/plle2_adv_inst/CLKOUT0
                         net (fo=1, routed)           1.027    -1.473    pll_inst/inst/clk_out1_pll
    BUFGCTRL_X0Y1        BUFG (Prop_bufg_I_O)         0.030    -1.443 r  pll_inst/inst/clkout1_buf/O
                         net (fo=353, routed)         0.775    -0.668    twin_controller_inst/CLK
    SLICE_X31Y241        FDCE                                         r  twin_controller_inst/status_buffer_reg[7][5]/C
                         clock pessimism              0.238    -0.431    
    SLICE_X31Y241        FDCE (Hold_fdce_C_D)         0.044    -0.387    twin_controller_inst/status_buffer_reg[7][5]
  -------------------------------------------------------------------
                         required time                          0.387    
                         arrival time                          -0.247    
  -------------------------------------------------------------------
                         slack                                  0.139    

Slack (MET) :             0.144ns  (arrival time - required time)
  Source:                 twin_controller_inst/status_buffer_reg[16][7]/C
                            (rising edge-triggered cell FDCE clocked by clk_out1_pll  {rise@0.000ns fall@10.000ns period=20.000ns})
  Destination:            twin_controller_inst/tx_data_reg[7]/D
                            (rising edge-triggered cell FDCE clocked by clk_out1_pll  {rise@0.000ns fall@10.000ns period=20.000ns})
  Path Group:             clk_out1_pll
  Path Type:              Hold (Min at Fast Process Corner)
  Requirement:            0.000ns  (clk_out1_pll rise@0.000ns - clk_out1_pll rise@0.000ns)
  Data Path Delay:        0.219ns  (logic 0.128ns (58.532%)  route 0.091ns (41.468%))
  Logic Levels:           1  (LUT5=1)
  Clock Path Skew:        0.014ns (DCD - SCD - CPR)
    Destination Clock Delay (DCD):    -0.667ns
    Source Clock Delay      (SCD):    -0.463ns
    Clock Pessimism Removal (CPR):    -0.219ns

    Location             Delay type                Incr(ns)  Path(ns)    Netlist Resource(s)
  -------------------------------------------------------------------    -------------------
                         (clock clk_out1_pll rise edge)
                                                      0.000     0.000 r  
    AD12                                              0.000     0.000 r  i_sys_clk_p (IN)
                         net (fo=0)                   0.000     0.000    pll_inst/inst/clk_in1_p
    AD12                 IBUFDS (Prop_ibufds_I_O)     0.388     0.388 r  pll_inst/inst/clkin1_ibufgds/O
                         net (fo=1, routed)           0.503     0.891    pll_inst/inst/clk_in1_pll
    PLLE2_ADV_X1Y1       PLLE2_ADV (Prop_plle2_adv_CLKIN1_CLKOUT0)
                                                     -2.908    -2.017 r  pll_inst/inst/plle2_adv_inst/CLKOUT0
                         net (fo=1, routed)           0.958    -1.059    pll_inst/inst/clk_out1_pll
    BUFGCTRL_X0Y1        BUFG (Prop_bufg_I_O)         0.026    -1.033 r  pll_inst/inst/clkout1_buf/O
                         net (fo=353, routed)         0.570    -0.463    twin_controller_inst/CLK
    SLICE_X31Y244        FDCE                                         r  twin_controller_inst/status_buffer_reg[16][7]/C
  -------------------------------------------------------------------    -------------------
    SLICE_X31Y244        FDCE (Prop_fdce_C_Q)         0.100    -0.363 r  twin_controller_inst/status_buffer_reg[16][7]/Q
                         net (fo=1, routed)           0.091    -0.272    twin_controller_inst/status_buffer_reg[16]_16[7]
    SLICE_X31Y243        LUT5 (Prop_lut5_I2_O)        0.028    -0.244 r  twin_controller_inst/tx_data[7]_i_1/O
                         net (fo=1, routed)           0.000    -0.244    twin_controller_inst/status_buffer[7]
    SLICE_X31Y243        FDCE                                         r  twin_controller_inst/tx_data_reg[7]/D
  -------------------------------------------------------------------    -------------------

                         (clock clk_out1_pll rise edge)
                                                      0.000     0.000 r  
    AD12                                              0.000     0.000 r  i_sys_clk_p (IN)
                         net (fo=0)                   0.000     0.000    pll_inst/inst/clk_in1_p
    AD12                 IBUFDS (Prop_ibufds_I_O)     0.470     0.470 r  pll_inst/inst/clkin1_ibufgds/O
                         net (fo=1, routed)           0.554     1.024    pll_inst/inst/clk_in1_pll
    PLLE2_ADV_X1Y1       PLLE2_ADV (Prop_plle2_adv_CLKIN1_CLKOUT0)
                                                     -3.524    -2.500 r  pll_inst/inst/plle2_adv_inst/CLKOUT0
                         net (fo=1, routed)           1.027    -1.473    pll_inst/inst/clk_out1_pll
    BUFGCTRL_X0Y1        BUFG (Prop_bufg_I_O)         0.030    -1.443 r  pll_inst/inst/clkout1_buf/O
                         net (fo=353, routed)         0.776    -0.667    twin_controller_inst/CLK
    SLICE_X31Y243        FDCE                                         r  twin_controller_inst/tx_data_reg[7]/C
                         clock pessimism              0.219    -0.449    
    SLICE_X31Y243        FDCE (Hold_fdce_C_D)         0.061    -0.388    twin_controller_inst/tx_data_reg[7]
  -------------------------------------------------------------------
                         required time                          0.388    
                         arrival time                          -0.244    
  -------------------------------------------------------------------
                         slack                                  0.144    

Slack (MET) :             0.144ns  (arrival time - required time)
  Source:                 twin_controller_inst/tx_data_reg[2]/C
                            (rising edge-triggered cell FDCE clocked by clk_out1_pll  {rise@0.000ns fall@10.000ns period=20.000ns})
  Destination:            uart_inst/tx_shift_reg[3]/D
                            (rising edge-triggered cell FDPE clocked by clk_out1_pll  {rise@0.000ns fall@10.000ns period=20.000ns})
  Path Group:             clk_out1_pll
  Path Type:              Hold (Min at Fast Process Corner)
  Requirement:            0.000ns  (clk_out1_pll rise@0.000ns - clk_out1_pll rise@0.000ns)
  Data Path Delay:        0.215ns  (logic 0.128ns (59.452%)  route 0.087ns (40.548%))
  Logic Levels:           1  (LUT3=1)
  Clock Path Skew:        0.011ns (DCD - SCD - CPR)
    Destination Clock Delay (DCD):    -0.667ns
    Source Clock Delay      (SCD):    -0.463ns
    Clock Pessimism Removal (CPR):    -0.216ns

    Location             Delay type                Incr(ns)  Path(ns)    Netlist Resource(s)
  -------------------------------------------------------------------    -------------------
                         (clock clk_out1_pll rise edge)
                                                      0.000     0.000 r  
    AD12                                              0.000     0.000 r  i_sys_clk_p (IN)
                         net (fo=0)                   0.000     0.000    pll_inst/inst/clk_in1_p
    AD12                 IBUFDS (Prop_ibufds_I_O)     0.388     0.388 r  pll_inst/inst/clkin1_ibufgds/O
                         net (fo=1, routed)           0.503     0.891    pll_inst/inst/clk_in1_pll
    PLLE2_ADV_X1Y1       PLLE2_ADV (Prop_plle2_adv_CLKIN1_CLKOUT0)
                                                     -2.908    -2.017 r  pll_inst/inst/plle2_adv_inst/CLKOUT0
                         net (fo=1, routed)           0.958    -1.059    pll_inst/inst/clk_out1_pll
    BUFGCTRL_X0Y1        BUFG (Prop_bufg_I_O)         0.026    -1.033 r  pll_inst/inst/clkout1_buf/O
                         net (fo=353, routed)         0.570    -0.463    twin_controller_inst/CLK
    SLICE_X29Y243        FDCE                                         r  twin_controller_inst/tx_data_reg[2]/C
  -------------------------------------------------------------------    -------------------
    SLICE_X29Y243        FDCE (Prop_fdce_C_Q)         0.100    -0.363 r  twin_controller_inst/tx_data_reg[2]/Q
                         net (fo=1, routed)           0.087    -0.275    uart_inst/tx_shift_reg[8]_0[2]
    SLICE_X28Y243        LUT3 (Prop_lut3_I2_O)        0.028    -0.247 r  uart_inst/tx_shift[3]_i_1/O
                         net (fo=1, routed)           0.000    -0.247    uart_inst/tx_shift0_in[3]
    SLICE_X28Y243        FDPE                                         r  uart_inst/tx_shift_reg[3]/D
  -------------------------------------------------------------------    -------------------

                         (clock clk_out1_pll rise edge)
                                                      0.000     0.000 r  
    AD12                                              0.000     0.000 r  i_sys_clk_p (IN)
                         net (fo=0)                   0.000     0.000    pll_inst/inst/clk_in1_p
    AD12                 IBUFDS (Prop_ibufds_I_O)     0.470     0.470 r  pll_inst/inst/clkin1_ibufgds/O
                         net (fo=1, routed)           0.554     1.024    pll_inst/inst/clk_in1_pll
    PLLE2_ADV_X1Y1       PLLE2_ADV (Prop_plle2_adv_CLKIN1_CLKOUT0)
                                                     -3.524    -2.500 r  pll_inst/inst/plle2_adv_inst/CLKOUT0
                         net (fo=1, routed)           1.027    -1.473    pll_inst/inst/clk_out1_pll
    BUFGCTRL_X0Y1        BUFG (Prop_bufg_I_O)         0.030    -1.443 r  pll_inst/inst/clkout1_buf/O
                         net (fo=353, routed)         0.776    -0.667    uart_inst/clk_out1
    SLICE_X28Y243        FDPE                                         r  uart_inst/tx_shift_reg[3]/C
                         clock pessimism              0.216    -0.452    
    SLICE_X28Y243        FDPE (Hold_fdpe_C_D)         0.060    -0.392    uart_inst/tx_shift_reg[3]
  -------------------------------------------------------------------
                         required time                          0.392    
                         arrival time                          -0.247    
  -------------------------------------------------------------------
                         slack                                  0.144    

Slack (MET) :             0.145ns  (arrival time - required time)
  Source:                 uart_inst/tx_shift_reg[0]/C
                            (rising edge-triggered cell FDPE clocked by clk_out1_pll  {rise@0.000ns fall@10.000ns period=20.000ns})
  Destination:            uart_inst/tx_reg/D
                            (rising edge-triggered cell FDPE clocked by clk_out1_pll  {rise@0.000ns fall@10.000ns period=20.000ns})
  Path Group:             clk_out1_pll
  Path Type:              Hold (Min at Fast Process Corner)
  Requirement:            0.000ns  (clk_out1_pll rise@0.000ns - clk_out1_pll rise@0.000ns)
  Data Path Delay:        0.198ns  (logic 0.100ns (50.524%)  route 0.098ns (49.476%))
  Logic Levels:           0  
  Clock Path Skew:        0.013ns (DCD - SCD - CPR)
    Destination Clock Delay (DCD):    -0.667ns
    Source Clock Delay      (SCD):    -0.461ns
    Clock Pessimism Removal (CPR):    -0.220ns

    Location             Delay type                Incr(ns)  Path(ns)    Netlist Resource(s)
  -------------------------------------------------------------------    -------------------
                         (clock clk_out1_pll rise edge)
                                                      0.000     0.000 r  
    AD12                                              0.000     0.000 r  i_sys_clk_p (IN)
                         net (fo=0)                   0.000     0.000    pll_inst/inst/clk_in1_p
    AD12                 IBUFDS (Prop_ibufds_I_O)     0.388     0.388 r  pll_inst/inst/clkin1_ibufgds/O
                         net (fo=1, routed)           0.503     0.891    pll_inst/inst/clk_in1_pll
    PLLE2_ADV_X1Y1       PLLE2_ADV (Prop_plle2_adv_CLKIN1_CLKOUT0)
                                                     -2.908    -2.017 r  pll_inst/inst/plle2_adv_inst/CLKOUT0
                         net (fo=1, routed)           0.958    -1.059    pll_inst/inst/clk_out1_pll
    BUFGCTRL_X0Y1        BUFG (Prop_bufg_I_O)         0.026    -1.033 r  pll_inst/inst/clkout1_buf/O
                         net (fo=353, routed)         0.572    -0.461    uart_inst/clk_out1
    SLICE_X27Y243        FDPE                                         r  uart_inst/tx_shift_reg[0]/C
  -------------------------------------------------------------------    -------------------
    SLICE_X27Y243        FDPE (Prop_fdpe_C_Q)         0.100    -0.361 r  uart_inst/tx_shift_reg[0]/Q
                         net (fo=1, routed)           0.098    -0.263    uart_inst/tx_shift_reg_n_0_[0]
    SLICE_X26Y242        FDPE                                         r  uart_inst/tx_reg/D
  -------------------------------------------------------------------    -------------------

                         (clock clk_out1_pll rise edge)
                                                      0.000     0.000 r  
    AD12                                              0.000     0.000 r  i_sys_clk_p (IN)
                         net (fo=0)                   0.000     0.000    pll_inst/inst/clk_in1_p
    AD12                 IBUFDS (Prop_ibufds_I_O)     0.470     0.470 r  pll_inst/inst/clkin1_ibufgds/O
                         net (fo=1, routed)           0.554     1.024    pll_inst/inst/clk_in1_pll
    PLLE2_ADV_X1Y1       PLLE2_ADV (Prop_plle2_adv_CLKIN1_CLKOUT0)
                                                     -3.524    -2.500 r  pll_inst/inst/plle2_adv_inst/CLKOUT0
                         net (fo=1, routed)           1.027    -1.473    pll_inst/inst/clk_out1_pll
    BUFGCTRL_X0Y1        BUFG (Prop_bufg_I_O)         0.030    -1.443 r  pll_inst/inst/clkout1_buf/O
                         net (fo=353, routed)         0.776    -0.667    uart_inst/clk_out1
    SLICE_X26Y242        FDPE                                         r  uart_inst/tx_reg/C
                         clock pessimism              0.220    -0.448    
    SLICE_X26Y242        FDPE (Hold_fdpe_C_D)         0.040    -0.408    uart_inst/tx_reg
  -------------------------------------------------------------------
                         required time                          0.408    
                         arrival time                          -0.263    
  -------------------------------------------------------------------
                         slack                                  0.145    

Slack (MET) :             0.147ns  (arrival time - required time)
  Source:                 twin_controller_inst/sw_reg[23]/C
                            (rising edge-triggered cell FDCE clocked by clk_out1_pll  {rise@0.000ns fall@10.000ns period=20.000ns})
  Destination:            twin_controller_inst/status_buffer_reg[8][7]/D
                            (rising edge-triggered cell FDCE clocked by clk_out1_pll  {rise@0.000ns fall@10.000ns period=20.000ns})
  Path Group:             clk_out1_pll
  Path Type:              Hold (Min at Fast Process Corner)
  Requirement:            0.000ns  (clk_out1_pll rise@0.000ns - clk_out1_pll rise@0.000ns)
  Data Path Delay:        0.224ns  (logic 0.100ns (44.653%)  route 0.124ns (55.347%))
  Logic Levels:           0  
  Clock Path Skew:        0.034ns (DCD - SCD - CPR)
    Destination Clock Delay (DCD):    -0.669ns
    Source Clock Delay      (SCD):    -0.466ns
    Clock Pessimism Removal (CPR):    -0.238ns

    Location             Delay type                Incr(ns)  Path(ns)    Netlist Resource(s)
  -------------------------------------------------------------------    -------------------
                         (clock clk_out1_pll rise edge)
                                                      0.000     0.000 r  
    AD12                                              0.000     0.000 r  i_sys_clk_p (IN)
                         net (fo=0)                   0.000     0.000    pll_inst/inst/clk_in1_p
    AD12                 IBUFDS (Prop_ibufds_I_O)     0.388     0.388 r  pll_inst/inst/clkin1_ibufgds/O
                         net (fo=1, routed)           0.503     0.891    pll_inst/inst/clk_in1_pll
    PLLE2_ADV_X1Y1       PLLE2_ADV (Prop_plle2_adv_CLKIN1_CLKOUT0)
                                                     -2.908    -2.017 r  pll_inst/inst/plle2_adv_inst/CLKOUT0
                         net (fo=1, routed)           0.958    -1.059    pll_inst/inst/clk_out1_pll
    BUFGCTRL_X0Y1        BUFG (Prop_bufg_I_O)         0.026    -1.033 r  pll_inst/inst/clkout1_buf/O
                         net (fo=353, routed)         0.567    -0.466    twin_controller_inst/CLK
    SLICE_X32Y239        FDCE                                         r  twin_controller_inst/sw_reg[23]/C
  -------------------------------------------------------------------    -------------------
    SLICE_X32Y239        FDCE (Prop_fdce_C_Q)         0.100    -0.366 r  twin_controller_inst/sw_reg[23]/Q
                         net (fo=3, routed)           0.124    -0.242    twin_controller_inst/virtual_sw[23]
    SLICE_X31Y239        FDCE                                         r  twin_controller_inst/status_buffer_reg[8][7]/D
  -------------------------------------------------------------------    -------------------

                         (clock clk_out1_pll rise edge)
                                                      0.000     0.000 r  
    AD12                                              0.000     0.000 r  i_sys_clk_p (IN)
                         net (fo=0)                   0.000     0.000    pll_inst/inst/clk_in1_p
    AD12                 IBUFDS (Prop_ibufds_I_O)     0.470     0.470 r  pll_inst/inst/clkin1_ibufgds/O
                         net (fo=1, routed)           0.554     1.024    pll_inst/inst/clk_in1_pll
    PLLE2_ADV_X1Y1       PLLE2_ADV (Prop_plle2_adv_CLKIN1_CLKOUT0)
                                                     -3.524    -2.500 r  pll_inst/inst/plle2_adv_inst/CLKOUT0
                         net (fo=1, routed)           1.027    -1.473    pll_inst/inst/clk_out1_pll
    BUFGCTRL_X0Y1        BUFG (Prop_bufg_I_O)         0.030    -1.443 r  pll_inst/inst/clkout1_buf/O
                         net (fo=353, routed)         0.774    -0.669    twin_controller_inst/CLK
    SLICE_X31Y239        FDCE                                         r  twin_controller_inst/status_buffer_reg[8][7]/C
                         clock pessimism              0.238    -0.432    
    SLICE_X31Y239        FDCE (Hold_fdce_C_D)         0.043    -0.389    twin_controller_inst/status_buffer_reg[8][7]
  -------------------------------------------------------------------
                         required time                          0.389    
                         arrival time                          -0.242    
  -------------------------------------------------------------------
                         slack                                  0.147    





Pulse Width Checks
--------------------------------------------------------------------------------------
Clock Name:         clk_out1_pll
Waveform(ns):       { 0.000 10.000 }
Period(ns):         20.000
Sources:            { pll_inst/inst/plle2_adv_inst/CLKOUT0 }

Check Type        Corner  Lib Pin            Reference Pin  Required(ns)  Actual(ns)  Slack(ns)  Location        Pin
Min Period        n/a     BUFG/I             n/a            1.408         20.000      18.591     BUFGCTRL_X0Y1   pll_inst/inst/clkout1_buf/I
Min Period        n/a     PLLE2_ADV/CLKOUT0  n/a            1.071         20.000      18.929     PLLE2_ADV_X1Y1  pll_inst/inst/plle2_adv_inst/CLKOUT0
Min Period        n/a     FDCE/C             n/a            0.750         20.000      19.250     SLICE_X28Y242   twin_controller_inst/send_cnt_reg[1]/C
Min Period        n/a     FDCE/C             n/a            0.750         20.000      19.250     SLICE_X28Y242   twin_controller_inst/send_cnt_reg[3]/C
Min Period        n/a     FDCE/C             n/a            0.750         20.000      19.250     SLICE_X31Y241   twin_controller_inst/status_buffer_reg[15][5]/C
Min Period        n/a     FDCE/C             n/a            0.750         20.000      19.250     SLICE_X33Y243   twin_controller_inst/status_buffer_reg[17][1]/C
Min Period        n/a     FDCE/C             n/a            0.750         20.000      19.250     SLICE_X33Y243   twin_controller_inst/status_buffer_reg[17][5]/C
Min Period        n/a     FDCE/C             n/a            0.750         20.000      19.250     SLICE_X30Y243   twin_controller_inst/status_buffer_reg[17][6]/C
Min Period        n/a     FDCE/C             n/a            0.750         20.000      19.250     SLICE_X30Y243   twin_controller_inst/status_buffer_reg[17][7]/C
Min Period        n/a     FDCE/C             n/a            0.750         20.000      19.250     SLICE_X28Y239   twin_controller_inst/status_buffer_reg[5][6]/C
Max Period        n/a     PLLE2_ADV/CLKOUT0  n/a            160.000       20.000      140.000    PLLE2_ADV_X1Y1  pll_inst/inst/plle2_adv_inst/CLKOUT0
Low Pulse Width   Slow    FDCE/C             n/a            0.400         10.000      9.600      SLICE_X28Y242   twin_controller_inst/send_cnt_reg[1]/C
Low Pulse Width   Fast    FDCE/C             n/a            0.400         10.000      9.600      SLICE_X28Y242   twin_controller_inst/send_cnt_reg[1]/C
Low Pulse Width   Slow    FDCE/C             n/a            0.400         10.000      9.600      SLICE_X28Y242   twin_controller_inst/send_cnt_reg[3]/C
Low Pulse Width   Fast    FDCE/C             n/a            0.400         10.000      9.600      SLICE_X28Y242   twin_controller_inst/send_cnt_reg[3]/C
Low Pulse Width   Slow    FDCE/C             n/a            0.400         10.000      9.600      SLICE_X31Y241   twin_controller_inst/status_buffer_reg[15][5]/C
Low Pulse Width   Fast    FDCE/C             n/a            0.400         10.000      9.600      SLICE_X31Y241   twin_controller_inst/status_buffer_reg[15][5]/C
Low Pulse Width   Slow    FDCE/C             n/a            0.400         10.000      9.600      SLICE_X33Y243   twin_controller_inst/status_buffer_reg[17][1]/C
Low Pulse Width   Fast    FDCE/C             n/a            0.400         10.000      9.600      SLICE_X33Y243   twin_controller_inst/status_buffer_reg[17][1]/C
Low Pulse Width   Slow    FDCE/C             n/a            0.400         10.000      9.600      SLICE_X33Y243   twin_controller_inst/status_buffer_reg[17][5]/C
Low Pulse Width   Fast    FDCE/C             n/a            0.400         10.000      9.600      SLICE_X33Y243   twin_controller_inst/status_buffer_reg[17][5]/C
High Pulse Width  Slow    FDRE/C             n/a            0.350         10.000      9.650      SLICE_X36Y242   student_top_inst/bridge_inst/counter_inst/cnt_1ms_reg[0]/C
High Pulse Width  Fast    FDRE/C             n/a            0.350         10.000      9.650      SLICE_X36Y242   student_top_inst/bridge_inst/counter_inst/cnt_1ms_reg[0]/C
High Pulse Width  Slow    FDRE/C             n/a            0.350         10.000      9.650      SLICE_X36Y244   student_top_inst/bridge_inst/counter_inst/cnt_1ms_reg[10]/C
High Pulse Width  Fast    FDRE/C             n/a            0.350         10.000      9.650      SLICE_X36Y244   student_top_inst/bridge_inst/counter_inst/cnt_1ms_reg[10]/C
High Pulse Width  Slow    FDRE/C             n/a            0.350         10.000      9.650      SLICE_X36Y244   student_top_inst/bridge_inst/counter_inst/cnt_1ms_reg[11]/C
High Pulse Width  Fast    FDRE/C             n/a            0.350         10.000      9.650      SLICE_X36Y244   student_top_inst/bridge_inst/counter_inst/cnt_1ms_reg[11]/C
High Pulse Width  Slow    FDRE/C             n/a            0.350         10.000      9.650      SLICE_X36Y245   student_top_inst/bridge_inst/counter_inst/cnt_1ms_reg[12]/C
High Pulse Width  Fast    FDRE/C             n/a            0.350         10.000      9.650      SLICE_X36Y245   student_top_inst/bridge_inst/counter_inst/cnt_1ms_reg[12]/C
High Pulse Width  Slow    FDRE/C             n/a            0.350         10.000      9.650      SLICE_X36Y245   student_top_inst/bridge_inst/counter_inst/cnt_1ms_reg[13]/C
High Pulse Width  Fast    FDRE/C             n/a            0.350         10.000      9.650      SLICE_X36Y245   student_top_inst/bridge_inst/counter_inst/cnt_1ms_reg[13]/C



---------------------------------------------------------------------------------------------------
From Clock:  clk_out2_pll
  To Clock:  clk_out2_pll

Setup :            0  Failing Endpoints,  Worst Slack        0.111ns,  Total Violation        0.000ns
Hold  :            0  Failing Endpoints,  Worst Slack        0.119ns,  Total Violation        0.000ns
PW    :            0  Failing Endpoints,  Worst Slack        9.232ns,  Total Violation        0.000ns
---------------------------------------------------------------------------------------------------


Max Delay Paths
--------------------------------------------------------------------------------------
Slack (MET) :             0.111ns  (required time - arrival time)
  Source:                 student_top_inst/Core_cpu/pc_inst/reg_pc_reg[3]_replica/C
                            (rising edge-triggered cell FDCE clocked by clk_out2_pll  {rise@0.000ns fall@10.000ns period=20.000ns})
  Destination:            student_top_inst/Core_cpu/rf_inst/reg_bank_reg[12][19]/D
                            (rising edge-triggered cell FDCE clocked by clk_out2_pll  {rise@0.000ns fall@10.000ns period=20.000ns})
  Path Group:             clk_out2_pll
  Path Type:              Setup (Max at Slow Process Corner)
  Requirement:            20.000ns  (clk_out2_pll rise@20.000ns - clk_out2_pll rise@0.000ns)
  Data Path Delay:        19.778ns  (logic 2.486ns (12.569%)  route 17.292ns (87.431%))
  Logic Levels:           23  (LUT3=2 LUT4=1 LUT5=2 LUT6=10 MUXF7=3 MUXF8=4 RAMS64E=1)
  Clock Path Skew:        0.014ns (DCD - SCD + CPR)
    Destination Clock Delay (DCD):    -2.169ns = ( 17.831 - 20.000 ) 
    Source Clock Delay      (SCD):    -2.552ns
    Clock Pessimism Removal (CPR):    -0.370ns
  Clock Uncertainty:      0.105ns  ((TSJ^2 + DJ^2)^1/2) / 2 + PE
    Total System Jitter     (TSJ):    0.071ns
    Discrete Jitter          (DJ):    0.198ns
    Phase Error              (PE):    0.000ns

    Location             Delay type                Incr(ns)  Path(ns)    Netlist Resource(s)
  -------------------------------------------------------------------    -------------------
                         (clock clk_out2_pll rise edge)
                                                      0.000     0.000 r  
    AD12                                              0.000     0.000 r  i_sys_clk_p (IN)
                         net (fo=0)                   0.000     0.000    pll_inst/inst/clk_in1_p
    AD12                 IBUFDS (Prop_ibufds_I_O)     0.906     0.906 r  pll_inst/inst/clkin1_ibufgds/O
                         net (fo=1, routed)           1.098     2.004    pll_inst/inst/clk_in1_pll
    PLLE2_ADV_X1Y1       PLLE2_ADV (Prop_plle2_adv_CLKIN1_CLKOUT1)
                                                     -8.058    -6.054 r  pll_inst/inst/plle2_adv_inst/CLKOUT1
                         net (fo=1, routed)           2.128    -3.926    pll_inst/inst/clk_out2_pll
    BUFGCTRL_X0Y0        BUFG (Prop_bufg_I_O)         0.093    -3.833 r  pll_inst/inst/clkout2_buf/O
                         net (fo=34220, routed)       1.281    -2.552    student_top_inst/Core_cpu/pc_inst/CLK
    SLICE_X32Y206        FDCE                                         r  student_top_inst/Core_cpu/pc_inst/reg_pc_reg[3]_replica/C
  -------------------------------------------------------------------    -------------------
    SLICE_X32Y206        FDCE (Prop_fdce_C_Q)         0.223    -2.329 r  student_top_inst/Core_cpu/pc_inst/reg_pc_reg[3]_replica/Q
                         net (fo=185, routed)         0.832    -1.497    student_top_inst/Mem_IROM/U0/synth_options.dist_mem_inst/gen_rom.rom_inst/Q[3]_repN_alias
    SLICE_X33Y201        LUT3 (Prop_lut3_I2_O)        0.054    -1.443 r  student_top_inst/Mem_IROM/U0/synth_options.dist_mem_inst/gen_rom.rom_inst/spo[30]_INST_0_i_44/O
                         net (fo=4, routed)           0.650    -0.794    student_top_inst/Mem_IROM/U0/synth_options.dist_mem_inst/gen_rom.rom_inst/spo[30]_INST_0_i_44_n_0
    SLICE_X28Y204        LUT6 (Prop_lut6_I2_O)        0.137    -0.657 r  student_top_inst/Mem_IROM/U0/synth_options.dist_mem_inst/gen_rom.rom_inst/spo[18]_INST_0_i_12/O
                         net (fo=1, routed)           0.452    -0.205    student_top_inst/Mem_IROM/U0/synth_options.dist_mem_inst/gen_rom.rom_inst/spo[18]_INST_0_i_12_n_0
    SLICE_X29Y209        LUT6 (Prop_lut6_I2_O)        0.043    -0.162 r  student_top_inst/Mem_IROM/U0/synth_options.dist_mem_inst/gen_rom.rom_inst/spo[18]_INST_0_i_3/O
                         net (fo=1, routed)           0.331     0.169    student_top_inst/Mem_IROM/U0/synth_options.dist_mem_inst/gen_rom.rom_inst/spo[18]_INST_0_i_3_n_0
    SLICE_X28Y212        LUT6 (Prop_lut6_I3_O)        0.043     0.212 r  student_top_inst/Mem_IROM/U0/synth_options.dist_mem_inst/gen_rom.rom_inst/spo[18]_INST_0/O
                         net (fo=68, routed)          1.091     1.304    student_top_inst/Core_cpu/rf_inst/reg_bank_reg[0][31]_0[18]
    SLICE_X4Y210         MUXF8 (Prop_muxf8_S_O)       0.141     1.445 r  student_top_inst/Core_cpu/rf_inst/mepc_reg[19]_i_3/O
                         net (fo=1, routed)           1.008     2.453    student_top_inst/Core_cpu/rf_inst_n_272
    SLICE_X26Y218        LUT5 (Prop_lut5_I1_O)        0.126     2.579 r  student_top_inst/Core_cpu/mepc[19]_i_2/O
                         net (fo=16, routed)          1.025     3.604    student_top_inst/Core_cpu/rf_inst/A[19]
    SLICE_X44Y222        LUT5 (Prop_lut5_I0_O)        0.051     3.655 r  student_top_inst/Core_cpu/rf_inst/Mem_DRAM_i_306/O
                         net (fo=4, routed)           0.419     4.073    student_top_inst/Core_cpu/rf_inst/Mem_DRAM_i_306_n_0
    SLICE_X43Y224        LUT3 (Prop_lut3_I0_O)        0.145     4.218 r  student_top_inst/Core_cpu/rf_inst/Mem_DRAM_i_223/O
                         net (fo=2, routed)           0.436     4.654    student_top_inst/Core_cpu/rf_inst/Mem_DRAM_i_223_n_0
    SLICE_X45Y224        LUT6 (Prop_lut6_I0_O)        0.136     4.790 r  student_top_inst/Core_cpu/rf_inst/Mem_DRAM_i_117/O
                         net (fo=1, routed)           0.600     5.390    student_top_inst/Core_cpu/rf_inst/alu_inst/srl_result[4]
    SLICE_X53Y224        LUT6 (Prop_lut6_I2_O)        0.043     5.433 r  student_top_inst/Core_cpu/rf_inst/Mem_DRAM_i_14/O
                         net (fo=32822, routed)       3.208     8.641    student_top_inst/bridge_inst/dram_driver_inst/Mem_DRAM/U0/synth_options.dist_mem_inst/gen_sp_ram.spram_inst/ram_reg_65024_65279_31_31/A2
    SLICE_X136Y135       RAMS64E (Prop_rams64e_ADR2_O)
                                                      0.373     9.014 r  student_top_inst/bridge_inst/dram_driver_inst/Mem_DRAM/U0/synth_options.dist_mem_inst/gen_sp_ram.spram_inst/ram_reg_65024_65279_31_31/RAMS64E_C/O
                         net (fo=1, routed)           0.000     9.014    student_top_inst/bridge_inst/dram_driver_inst/Mem_DRAM/U0/synth_options.dist_mem_inst/gen_sp_ram.spram_inst/ram_reg_65024_65279_31_31/OC
    SLICE_X136Y135       MUXF7 (Prop_muxf7_I1_O)      0.117     9.131 r  student_top_inst/bridge_inst/dram_driver_inst/Mem_DRAM/U0/synth_options.dist_mem_inst/gen_sp_ram.spram_inst/ram_reg_65024_65279_31_31/F7.B/O
                         net (fo=1, routed)           0.000     9.131    student_top_inst/bridge_inst/dram_driver_inst/Mem_DRAM/U0/synth_options.dist_mem_inst/gen_sp_ram.spram_inst/ram_reg_65024_65279_31_31/O0
    SLICE_X136Y135       MUXF8 (Prop_muxf8_I0_O)      0.046     9.177 r  student_top_inst/bridge_inst/dram_driver_inst/Mem_DRAM/U0/synth_options.dist_mem_inst/gen_sp_ram.spram_inst/ram_reg_65024_65279_31_31/F8/O
                         net (fo=1, routed)           0.796     9.973    student_top_inst/bridge_inst/dram_driver_inst/Mem_DRAM/U0/synth_options.dist_mem_inst/gen_sp_ram.spram_inst/ram_reg_65024_65279_31_31_n_0
    SLICE_X133Y145       LUT6 (Prop_lut6_I1_O)        0.125    10.098 r  student_top_inst/bridge_inst/dram_driver_inst/Mem_DRAM/U0/synth_options.dist_mem_inst/gen_sp_ram.spram_inst/spo[31]_INST_0_i_106/O
                         net (fo=1, routed)           0.000    10.098    student_top_inst/bridge_inst/dram_driver_inst/Mem_DRAM/U0/synth_options.dist_mem_inst/gen_sp_ram.spram_inst/spo[31]_INST_0_i_106_n_0
    SLICE_X133Y145       MUXF7 (Prop_muxf7_I1_O)      0.108    10.206 r  student_top_inst/bridge_inst/dram_driver_inst/Mem_DRAM/U0/synth_options.dist_mem_inst/gen_sp_ram.spram_inst/spo[31]_INST_0_i_48/O
                         net (fo=1, routed)           0.000    10.206    student_top_inst/bridge_inst/dram_driver_inst/Mem_DRAM/U0/synth_options.dist_mem_inst/gen_sp_ram.spram_inst/spo[31]_INST_0_i_48_n_0
    SLICE_X133Y145       MUXF8 (Prop_muxf8_I1_O)      0.043    10.249 r  student_top_inst/bridge_inst/dram_driver_inst/Mem_DRAM/U0/synth_options.dist_mem_inst/gen_sp_ram.spram_inst/spo[31]_INST_0_i_19/O
                         net (fo=1, routed)           1.098    11.347    student_top_inst/bridge_inst/dram_driver_inst/Mem_DRAM/U0/synth_options.dist_mem_inst/gen_sp_ram.spram_inst/spo[31]_INST_0_i_19_n_0
    SLICE_X121Y164       LUT6 (Prop_lut6_I0_O)        0.126    11.473 r  student_top_inst/bridge_inst/dram_driver_inst/Mem_DRAM/U0/synth_options.dist_mem_inst/gen_sp_ram.spram_inst/spo[31]_INST_0_i_6/O
                         net (fo=1, routed)           0.000    11.473    student_top_inst/bridge_inst/dram_driver_inst/Mem_DRAM/U0/synth_options.dist_mem_inst/gen_sp_ram.spram_inst/spo[31]_INST_0_i_6_n_0
    SLICE_X121Y164       MUXF7 (Prop_muxf7_I1_O)      0.108    11.581 r  student_top_inst/bridge_inst/dram_driver_inst/Mem_DRAM/U0/synth_options.dist_mem_inst/gen_sp_ram.spram_inst/spo[31]_INST_0_i_2/O
                         net (fo=1, routed)           0.000    11.581    student_top_inst/bridge_inst/dram_driver_inst/Mem_DRAM/U0/synth_options.dist_mem_inst/gen_sp_ram.spram_inst/spo[31]_INST_0_i_2_n_0
    SLICE_X121Y164       MUXF8 (Prop_muxf8_I1_O)      0.043    11.624 r  student_top_inst/bridge_inst/dram_driver_inst/Mem_DRAM/U0/synth_options.dist_mem_inst/gen_sp_ram.spram_inst/spo[31]_INST_0/O
                         net (fo=6, routed)           2.696    14.320    student_top_inst/bridge_inst/dram_driver_inst/spo[31]
    SLICE_X32Y234        LUT4 (Prop_lut4_I3_O)        0.126    14.446 f  student_top_inst/bridge_inst/dram_driver_inst/reg_bank[31][31]_i_47/O
                         net (fo=1, routed)           0.242    14.688    student_top_inst/Core_cpu/rf_inst/reg_bank[31][31]_i_6_0
    SLICE_X32Y235        LUT6 (Prop_lut6_I4_O)        0.043    14.731 r  student_top_inst/Core_cpu/rf_inst/reg_bank[31][31]_i_24/O
                         net (fo=16, routed)          0.368    15.099    student_top_inst/Core_cpu/rf_inst/reg_bank[31][31]_i_24_n_0
    SLICE_X31Y236        LUT6 (Prop_lut6_I4_O)        0.043    15.142 r  student_top_inst/Core_cpu/rf_inst/reg_bank[31][19]_i_3/O
                         net (fo=1, routed)           0.704    15.846    student_top_inst/Core_cpu/rf_inst/reg_bank[31][19]_i_3_n_0
    SLICE_X31Y222        LUT6 (Prop_lut6_I2_O)        0.043    15.889 r  student_top_inst/Core_cpu/rf_inst/reg_bank[31][19]_i_1/O
                         net (fo=32, routed)          1.337    17.226    student_top_inst/Core_cpu/rf_inst/wdata[19]
    SLICE_X0Y211         FDCE                                         r  student_top_inst/Core_cpu/rf_inst/reg_bank_reg[12][19]/D
  -------------------------------------------------------------------    -------------------

                         (clock clk_out2_pll rise edge)
                                                     20.000    20.000 r  
    AD12                                              0.000    20.000 r  i_sys_clk_p (IN)
                         net (fo=0)                   0.000    20.000    pll_inst/inst/clk_in1_p
    AD12                 IBUFDS (Prop_ibufds_I_O)     0.803    20.803 r  pll_inst/inst/clkin1_ibufgds/O
                         net (fo=1, routed)           1.001    21.804    pll_inst/inst/clk_in1_pll
    PLLE2_ADV_X1Y1       PLLE2_ADV (Prop_plle2_adv_CLKIN1_CLKOUT1)
                                                     -7.261    14.543 r  pll_inst/inst/plle2_adv_inst/CLKOUT1
                         net (fo=1, routed)           2.003    16.546    pll_inst/inst/clk_out2_pll
    BUFGCTRL_X0Y0        BUFG (Prop_bufg_I_O)         0.083    16.629 r  pll_inst/inst/clkout2_buf/O
                         net (fo=34220, routed)       1.202    17.831    student_top_inst/Core_cpu/rf_inst/CLK
    SLICE_X0Y211         FDCE                                         r  student_top_inst/Core_cpu/rf_inst/reg_bank_reg[12][19]/C
                         clock pessimism             -0.370    17.462    
                         clock uncertainty           -0.105    17.356    
    SLICE_X0Y211         FDCE (Setup_fdce_C_D)       -0.019    17.337    student_top_inst/Core_cpu/rf_inst/reg_bank_reg[12][19]
  -------------------------------------------------------------------
                         required time                         17.337    
                         arrival time                         -17.226    
  -------------------------------------------------------------------
                         slack                                  0.111    

Slack (MET) :             0.126ns  (required time - arrival time)
  Source:                 student_top_inst/Core_cpu/pc_inst/reg_pc_reg[3]_replica/C
                            (rising edge-triggered cell FDCE clocked by clk_out2_pll  {rise@0.000ns fall@10.000ns period=20.000ns})
  Destination:            student_top_inst/Core_cpu/rf_inst/reg_bank_reg[18][19]/D
                            (rising edge-triggered cell FDCE clocked by clk_out2_pll  {rise@0.000ns fall@10.000ns period=20.000ns})
  Path Group:             clk_out2_pll
  Path Type:              Setup (Max at Slow Process Corner)
  Requirement:            20.000ns  (clk_out2_pll rise@20.000ns - clk_out2_pll rise@0.000ns)
  Data Path Delay:        19.766ns  (logic 2.486ns (12.577%)  route 17.280ns (87.423%))
  Logic Levels:           23  (LUT3=2 LUT4=1 LUT5=2 LUT6=10 MUXF7=3 MUXF8=4 RAMS64E=1)
  Clock Path Skew:        0.016ns (DCD - SCD + CPR)
    Destination Clock Delay (DCD):    -2.167ns = ( 17.833 - 20.000 ) 
    Source Clock Delay      (SCD):    -2.552ns
    Clock Pessimism Removal (CPR):    -0.370ns
  Clock Uncertainty:      0.105ns  ((TSJ^2 + DJ^2)^1/2) / 2 + PE
    Total System Jitter     (TSJ):    0.071ns
    Discrete Jitter          (DJ):    0.198ns
    Phase Error              (PE):    0.000ns

    Location             Delay type                Incr(ns)  Path(ns)    Netlist Resource(s)
  -------------------------------------------------------------------    -------------------
                         (clock clk_out2_pll rise edge)
                                                      0.000     0.000 r  
    AD12                                              0.000     0.000 r  i_sys_clk_p (IN)
                         net (fo=0)                   0.000     0.000    pll_inst/inst/clk_in1_p
    AD12                 IBUFDS (Prop_ibufds_I_O)     0.906     0.906 r  pll_inst/inst/clkin1_ibufgds/O
                         net (fo=1, routed)           1.098     2.004    pll_inst/inst/clk_in1_pll
    PLLE2_ADV_X1Y1       PLLE2_ADV (Prop_plle2_adv_CLKIN1_CLKOUT1)
                                                     -8.058    -6.054 r  pll_inst/inst/plle2_adv_inst/CLKOUT1
                         net (fo=1, routed)           2.128    -3.926    pll_inst/inst/clk_out2_pll
    BUFGCTRL_X0Y0        BUFG (Prop_bufg_I_O)         0.093    -3.833 r  pll_inst/inst/clkout2_buf/O
                         net (fo=34220, routed)       1.281    -2.552    student_top_inst/Core_cpu/pc_inst/CLK
    SLICE_X32Y206        FDCE                                         r  student_top_inst/Core_cpu/pc_inst/reg_pc_reg[3]_replica/C
  -------------------------------------------------------------------    -------------------
    SLICE_X32Y206        FDCE (Prop_fdce_C_Q)         0.223    -2.329 r  student_top_inst/Core_cpu/pc_inst/reg_pc_reg[3]_replica/Q
                         net (fo=185, routed)         0.832    -1.497    student_top_inst/Mem_IROM/U0/synth_options.dist_mem_inst/gen_rom.rom_inst/Q[3]_repN_alias
    SLICE_X33Y201        LUT3 (Prop_lut3_I2_O)        0.054    -1.443 r  student_top_inst/Mem_IROM/U0/synth_options.dist_mem_inst/gen_rom.rom_inst/spo[30]_INST_0_i_44/O
                         net (fo=4, routed)           0.650    -0.794    student_top_inst/Mem_IROM/U0/synth_options.dist_mem_inst/gen_rom.rom_inst/spo[30]_INST_0_i_44_n_0
    SLICE_X28Y204        LUT6 (Prop_lut6_I2_O)        0.137    -0.657 r  student_top_inst/Mem_IROM/U0/synth_options.dist_mem_inst/gen_rom.rom_inst/spo[18]_INST_0_i_12/O
                         net (fo=1, routed)           0.452    -0.205    student_top_inst/Mem_IROM/U0/synth_options.dist_mem_inst/gen_rom.rom_inst/spo[18]_INST_0_i_12_n_0
    SLICE_X29Y209        LUT6 (Prop_lut6_I2_O)        0.043    -0.162 r  student_top_inst/Mem_IROM/U0/synth_options.dist_mem_inst/gen_rom.rom_inst/spo[18]_INST_0_i_3/O
                         net (fo=1, routed)           0.331     0.169    student_top_inst/Mem_IROM/U0/synth_options.dist_mem_inst/gen_rom.rom_inst/spo[18]_INST_0_i_3_n_0
    SLICE_X28Y212        LUT6 (Prop_lut6_I3_O)        0.043     0.212 r  student_top_inst/Mem_IROM/U0/synth_options.dist_mem_inst/gen_rom.rom_inst/spo[18]_INST_0/O
                         net (fo=68, routed)          1.091     1.304    student_top_inst/Core_cpu/rf_inst/reg_bank_reg[0][31]_0[18]
    SLICE_X4Y210         MUXF8 (Prop_muxf8_S_O)       0.141     1.445 r  student_top_inst/Core_cpu/rf_inst/mepc_reg[19]_i_3/O
                         net (fo=1, routed)           1.008     2.453    student_top_inst/Core_cpu/rf_inst_n_272
    SLICE_X26Y218        LUT5 (Prop_lut5_I1_O)        0.126     2.579 r  student_top_inst/Core_cpu/mepc[19]_i_2/O
                         net (fo=16, routed)          1.025     3.604    student_top_inst/Core_cpu/rf_inst/A[19]
    SLICE_X44Y222        LUT5 (Prop_lut5_I0_O)        0.051     3.655 r  student_top_inst/Core_cpu/rf_inst/Mem_DRAM_i_306/O
                         net (fo=4, routed)           0.419     4.073    student_top_inst/Core_cpu/rf_inst/Mem_DRAM_i_306_n_0
    SLICE_X43Y224        LUT3 (Prop_lut3_I0_O)        0.145     4.218 r  student_top_inst/Core_cpu/rf_inst/Mem_DRAM_i_223/O
                         net (fo=2, routed)           0.436     4.654    student_top_inst/Core_cpu/rf_inst/Mem_DRAM_i_223_n_0
    SLICE_X45Y224        LUT6 (Prop_lut6_I0_O)        0.136     4.790 r  student_top_inst/Core_cpu/rf_inst/Mem_DRAM_i_117/O
                         net (fo=1, routed)           0.600     5.390    student_top_inst/Core_cpu/rf_inst/alu_inst/srl_result[4]
    SLICE_X53Y224        LUT6 (Prop_lut6_I2_O)        0.043     5.433 r  student_top_inst/Core_cpu/rf_inst/Mem_DRAM_i_14/O
                         net (fo=32822, routed)       3.208     8.641    student_top_inst/bridge_inst/dram_driver_inst/Mem_DRAM/U0/synth_options.dist_mem_inst/gen_sp_ram.spram_inst/ram_reg_65024_65279_31_31/A2
    SLICE_X136Y135       RAMS64E (Prop_rams64e_ADR2_O)
                                                      0.373     9.014 r  student_top_inst/bridge_inst/dram_driver_inst/Mem_DRAM/U0/synth_options.dist_mem_inst/gen_sp_ram.spram_inst/ram_reg_65024_65279_31_31/RAMS64E_C/O
                         net (fo=1, routed)           0.000     9.014    student_top_inst/bridge_inst/dram_driver_inst/Mem_DRAM/U0/synth_options.dist_mem_inst/gen_sp_ram.spram_inst/ram_reg_65024_65279_31_31/OC
    SLICE_X136Y135       MUXF7 (Prop_muxf7_I1_O)      0.117     9.131 r  student_top_inst/bridge_inst/dram_driver_inst/Mem_DRAM/U0/synth_options.dist_mem_inst/gen_sp_ram.spram_inst/ram_reg_65024_65279_31_31/F7.B/O
                         net (fo=1, routed)           0.000     9.131    student_top_inst/bridge_inst/dram_driver_inst/Mem_DRAM/U0/synth_options.dist_mem_inst/gen_sp_ram.spram_inst/ram_reg_65024_65279_31_31/O0
    SLICE_X136Y135       MUXF8 (Prop_muxf8_I0_O)      0.046     9.177 r  student_top_inst/bridge_inst/dram_driver_inst/Mem_DRAM/U0/synth_options.dist_mem_inst/gen_sp_ram.spram_inst/ram_reg_65024_65279_31_31/F8/O
                         net (fo=1, routed)           0.796     9.973    student_top_inst/bridge_inst/dram_driver_inst/Mem_DRAM/U0/synth_options.dist_mem_inst/gen_sp_ram.spram_inst/ram_reg_65024_65279_31_31_n_0
    SLICE_X133Y145       LUT6 (Prop_lut6_I1_O)        0.125    10.098 r  student_top_inst/bridge_inst/dram_driver_inst/Mem_DRAM/U0/synth_options.dist_mem_inst/gen_sp_ram.spram_inst/spo[31]_INST_0_i_106/O
                         net (fo=1, routed)           0.000    10.098    student_top_inst/bridge_inst/dram_driver_inst/Mem_DRAM/U0/synth_options.dist_mem_inst/gen_sp_ram.spram_inst/spo[31]_INST_0_i_106_n_0
    SLICE_X133Y145       MUXF7 (Prop_muxf7_I1_O)      0.108    10.206 r  student_top_inst/bridge_inst/dram_driver_inst/Mem_DRAM/U0/synth_options.dist_mem_inst/gen_sp_ram.spram_inst/spo[31]_INST_0_i_48/O
                         net (fo=1, routed)           0.000    10.206    student_top_inst/bridge_inst/dram_driver_inst/Mem_DRAM/U0/synth_options.dist_mem_inst/gen_sp_ram.spram_inst/spo[31]_INST_0_i_48_n_0
    SLICE_X133Y145       MUXF8 (Prop_muxf8_I1_O)      0.043    10.249 r  student_top_inst/bridge_inst/dram_driver_inst/Mem_DRAM/U0/synth_options.dist_mem_inst/gen_sp_ram.spram_inst/spo[31]_INST_0_i_19/O
                         net (fo=1, routed)           1.098    11.347    student_top_inst/bridge_inst/dram_driver_inst/Mem_DRAM/U0/synth_options.dist_mem_inst/gen_sp_ram.spram_inst/spo[31]_INST_0_i_19_n_0
    SLICE_X121Y164       LUT6 (Prop_lut6_I0_O)        0.126    11.473 r  student_top_inst/bridge_inst/dram_driver_inst/Mem_DRAM/U0/synth_options.dist_mem_inst/gen_sp_ram.spram_inst/spo[31]_INST_0_i_6/O
                         net (fo=1, routed)           0.000    11.473    student_top_inst/bridge_inst/dram_driver_inst/Mem_DRAM/U0/synth_options.dist_mem_inst/gen_sp_ram.spram_inst/spo[31]_INST_0_i_6_n_0
    SLICE_X121Y164       MUXF7 (Prop_muxf7_I1_O)      0.108    11.581 r  student_top_inst/bridge_inst/dram_driver_inst/Mem_DRAM/U0/synth_options.dist_mem_inst/gen_sp_ram.spram_inst/spo[31]_INST_0_i_2/O
                         net (fo=1, routed)           0.000    11.581    student_top_inst/bridge_inst/dram_driver_inst/Mem_DRAM/U0/synth_options.dist_mem_inst/gen_sp_ram.spram_inst/spo[31]_INST_0_i_2_n_0
    SLICE_X121Y164       MUXF8 (Prop_muxf8_I1_O)      0.043    11.624 r  student_top_inst/bridge_inst/dram_driver_inst/Mem_DRAM/U0/synth_options.dist_mem_inst/gen_sp_ram.spram_inst/spo[31]_INST_0/O
                         net (fo=6, routed)           2.696    14.320    student_top_inst/bridge_inst/dram_driver_inst/spo[31]
    SLICE_X32Y234        LUT4 (Prop_lut4_I3_O)        0.126    14.446 f  student_top_inst/bridge_inst/dram_driver_inst/reg_bank[31][31]_i_47/O
                         net (fo=1, routed)           0.242    14.688    student_top_inst/Core_cpu/rf_inst/reg_bank[31][31]_i_6_0
    SLICE_X32Y235        LUT6 (Prop_lut6_I4_O)        0.043    14.731 r  student_top_inst/Core_cpu/rf_inst/reg_bank[31][31]_i_24/O
                         net (fo=16, routed)          0.368    15.099    student_top_inst/Core_cpu/rf_inst/reg_bank[31][31]_i_24_n_0
    SLICE_X31Y236        LUT6 (Prop_lut6_I4_O)        0.043    15.142 r  student_top_inst/Core_cpu/rf_inst/reg_bank[31][19]_i_3/O
                         net (fo=1, routed)           0.704    15.846    student_top_inst/Core_cpu/rf_inst/reg_bank[31][19]_i_3_n_0
    SLICE_X31Y222        LUT6 (Prop_lut6_I2_O)        0.043    15.889 r  student_top_inst/Core_cpu/rf_inst/reg_bank[31][19]_i_1/O
                         net (fo=32, routed)          1.325    17.214    student_top_inst/Core_cpu/rf_inst/wdata[19]
    SLICE_X3Y208         FDCE                                         r  student_top_inst/Core_cpu/rf_inst/reg_bank_reg[18][19]/D
  -------------------------------------------------------------------    -------------------

                         (clock clk_out2_pll rise edge)
                                                     20.000    20.000 r  
    AD12                                              0.000    20.000 r  i_sys_clk_p (IN)
                         net (fo=0)                   0.000    20.000    pll_inst/inst/clk_in1_p
    AD12                 IBUFDS (Prop_ibufds_I_O)     0.803    20.803 r  pll_inst/inst/clkin1_ibufgds/O
                         net (fo=1, routed)           1.001    21.804    pll_inst/inst/clk_in1_pll
    PLLE2_ADV_X1Y1       PLLE2_ADV (Prop_plle2_adv_CLKIN1_CLKOUT1)
                                                     -7.261    14.543 r  pll_inst/inst/plle2_adv_inst/CLKOUT1
                         net (fo=1, routed)           2.003    16.546    pll_inst/inst/clk_out2_pll
    BUFGCTRL_X0Y0        BUFG (Prop_bufg_I_O)         0.083    16.629 r  pll_inst/inst/clkout2_buf/O
                         net (fo=34220, routed)       1.204    17.833    student_top_inst/Core_cpu/rf_inst/CLK
    SLICE_X3Y208         FDCE                                         r  student_top_inst/Core_cpu/rf_inst/reg_bank_reg[18][19]/C
                         clock pessimism             -0.370    17.464    
                         clock uncertainty           -0.105    17.358    
    SLICE_X3Y208         FDCE (Setup_fdce_C_D)       -0.019    17.339    student_top_inst/Core_cpu/rf_inst/reg_bank_reg[18][19]
  -------------------------------------------------------------------
                         required time                         17.339    
                         arrival time                         -17.214    
  -------------------------------------------------------------------
                         slack                                  0.126    

Slack (MET) :             0.139ns  (required time - arrival time)
  Source:                 student_top_inst/Core_cpu/pc_inst/reg_pc_reg[3]_replica/C
                            (rising edge-triggered cell FDCE clocked by clk_out2_pll  {rise@0.000ns fall@10.000ns period=20.000ns})
  Destination:            student_top_inst/Core_cpu/rf_inst/reg_bank_reg[15][19]/D
                            (rising edge-triggered cell FDCE clocked by clk_out2_pll  {rise@0.000ns fall@10.000ns period=20.000ns})
  Path Group:             clk_out2_pll
  Path Type:              Setup (Max at Slow Process Corner)
  Requirement:            20.000ns  (clk_out2_pll rise@20.000ns - clk_out2_pll rise@0.000ns)
  Data Path Delay:        19.751ns  (logic 2.486ns (12.586%)  route 17.265ns (87.414%))
  Logic Levels:           23  (LUT3=2 LUT4=1 LUT5=2 LUT6=10 MUXF7=3 MUXF8=4 RAMS64E=1)
  Clock Path Skew:        0.014ns (DCD - SCD + CPR)
    Destination Clock Delay (DCD):    -2.169ns = ( 17.831 - 20.000 ) 
    Source Clock Delay      (SCD):    -2.552ns
    Clock Pessimism Removal (CPR):    -0.370ns
  Clock Uncertainty:      0.105ns  ((TSJ^2 + DJ^2)^1/2) / 2 + PE
    Total System Jitter     (TSJ):    0.071ns
    Discrete Jitter          (DJ):    0.198ns
    Phase Error              (PE):    0.000ns

    Location             Delay type                Incr(ns)  Path(ns)    Netlist Resource(s)
  -------------------------------------------------------------------    -------------------
                         (clock clk_out2_pll rise edge)
                                                      0.000     0.000 r  
    AD12                                              0.000     0.000 r  i_sys_clk_p (IN)
                         net (fo=0)                   0.000     0.000    pll_inst/inst/clk_in1_p
    AD12                 IBUFDS (Prop_ibufds_I_O)     0.906     0.906 r  pll_inst/inst/clkin1_ibufgds/O
                         net (fo=1, routed)           1.098     2.004    pll_inst/inst/clk_in1_pll
    PLLE2_ADV_X1Y1       PLLE2_ADV (Prop_plle2_adv_CLKIN1_CLKOUT1)
                                                     -8.058    -6.054 r  pll_inst/inst/plle2_adv_inst/CLKOUT1
                         net (fo=1, routed)           2.128    -3.926    pll_inst/inst/clk_out2_pll
    BUFGCTRL_X0Y0        BUFG (Prop_bufg_I_O)         0.093    -3.833 r  pll_inst/inst/clkout2_buf/O
                         net (fo=34220, routed)       1.281    -2.552    student_top_inst/Core_cpu/pc_inst/CLK
    SLICE_X32Y206        FDCE                                         r  student_top_inst/Core_cpu/pc_inst/reg_pc_reg[3]_replica/C
  -------------------------------------------------------------------    -------------------
    SLICE_X32Y206        FDCE (Prop_fdce_C_Q)         0.223    -2.329 r  student_top_inst/Core_cpu/pc_inst/reg_pc_reg[3]_replica/Q
                         net (fo=185, routed)         0.832    -1.497    student_top_inst/Mem_IROM/U0/synth_options.dist_mem_inst/gen_rom.rom_inst/Q[3]_repN_alias
    SLICE_X33Y201        LUT3 (Prop_lut3_I2_O)        0.054    -1.443 r  student_top_inst/Mem_IROM/U0/synth_options.dist_mem_inst/gen_rom.rom_inst/spo[30]_INST_0_i_44/O
                         net (fo=4, routed)           0.650    -0.794    student_top_inst/Mem_IROM/U0/synth_options.dist_mem_inst/gen_rom.rom_inst/spo[30]_INST_0_i_44_n_0
    SLICE_X28Y204        LUT6 (Prop_lut6_I2_O)        0.137    -0.657 r  student_top_inst/Mem_IROM/U0/synth_options.dist_mem_inst/gen_rom.rom_inst/spo[18]_INST_0_i_12/O
                         net (fo=1, routed)           0.452    -0.205    student_top_inst/Mem_IROM/U0/synth_options.dist_mem_inst/gen_rom.rom_inst/spo[18]_INST_0_i_12_n_0
    SLICE_X29Y209        LUT6 (Prop_lut6_I2_O)        0.043    -0.162 r  student_top_inst/Mem_IROM/U0/synth_options.dist_mem_inst/gen_rom.rom_inst/spo[18]_INST_0_i_3/O
                         net (fo=1, routed)           0.331     0.169    student_top_inst/Mem_IROM/U0/synth_options.dist_mem_inst/gen_rom.rom_inst/spo[18]_INST_0_i_3_n_0
    SLICE_X28Y212        LUT6 (Prop_lut6_I3_O)        0.043     0.212 r  student_top_inst/Mem_IROM/U0/synth_options.dist_mem_inst/gen_rom.rom_inst/spo[18]_INST_0/O
                         net (fo=68, routed)          1.091     1.304    student_top_inst/Core_cpu/rf_inst/reg_bank_reg[0][31]_0[18]
    SLICE_X4Y210         MUXF8 (Prop_muxf8_S_O)       0.141     1.445 r  student_top_inst/Core_cpu/rf_inst/mepc_reg[19]_i_3/O
                         net (fo=1, routed)           1.008     2.453    student_top_inst/Core_cpu/rf_inst_n_272
    SLICE_X26Y218        LUT5 (Prop_lut5_I1_O)        0.126     2.579 r  student_top_inst/Core_cpu/mepc[19]_i_2/O
                         net (fo=16, routed)          1.025     3.604    student_top_inst/Core_cpu/rf_inst/A[19]
    SLICE_X44Y222        LUT5 (Prop_lut5_I0_O)        0.051     3.655 r  student_top_inst/Core_cpu/rf_inst/Mem_DRAM_i_306/O
                         net (fo=4, routed)           0.419     4.073    student_top_inst/Core_cpu/rf_inst/Mem_DRAM_i_306_n_0
    SLICE_X43Y224        LUT3 (Prop_lut3_I0_O)        0.145     4.218 r  student_top_inst/Core_cpu/rf_inst/Mem_DRAM_i_223/O
                         net (fo=2, routed)           0.436     4.654    student_top_inst/Core_cpu/rf_inst/Mem_DRAM_i_223_n_0
    SLICE_X45Y224        LUT6 (Prop_lut6_I0_O)        0.136     4.790 r  student_top_inst/Core_cpu/rf_inst/Mem_DRAM_i_117/O
                         net (fo=1, routed)           0.600     5.390    student_top_inst/Core_cpu/rf_inst/alu_inst/srl_result[4]
    SLICE_X53Y224        LUT6 (Prop_lut6_I2_O)        0.043     5.433 r  student_top_inst/Core_cpu/rf_inst/Mem_DRAM_i_14/O
                         net (fo=32822, routed)       3.208     8.641    student_top_inst/bridge_inst/dram_driver_inst/Mem_DRAM/U0/synth_options.dist_mem_inst/gen_sp_ram.spram_inst/ram_reg_65024_65279_31_31/A2
    SLICE_X136Y135       RAMS64E (Prop_rams64e_ADR2_O)
                                                      0.373     9.014 r  student_top_inst/bridge_inst/dram_driver_inst/Mem_DRAM/U0/synth_options.dist_mem_inst/gen_sp_ram.spram_inst/ram_reg_65024_65279_31_31/RAMS64E_C/O
                         net (fo=1, routed)           0.000     9.014    student_top_inst/bridge_inst/dram_driver_inst/Mem_DRAM/U0/synth_options.dist_mem_inst/gen_sp_ram.spram_inst/ram_reg_65024_65279_31_31/OC
    SLICE_X136Y135       MUXF7 (Prop_muxf7_I1_O)      0.117     9.131 r  student_top_inst/bridge_inst/dram_driver_inst/Mem_DRAM/U0/synth_options.dist_mem_inst/gen_sp_ram.spram_inst/ram_reg_65024_65279_31_31/F7.B/O
                         net (fo=1, routed)           0.000     9.131    student_top_inst/bridge_inst/dram_driver_inst/Mem_DRAM/U0/synth_options.dist_mem_inst/gen_sp_ram.spram_inst/ram_reg_65024_65279_31_31/O0
    SLICE_X136Y135       MUXF8 (Prop_muxf8_I0_O)      0.046     9.177 r  student_top_inst/bridge_inst/dram_driver_inst/Mem_DRAM/U0/synth_options.dist_mem_inst/gen_sp_ram.spram_inst/ram_reg_65024_65279_31_31/F8/O
                         net (fo=1, routed)           0.796     9.973    student_top_inst/bridge_inst/dram_driver_inst/Mem_DRAM/U0/synth_options.dist_mem_inst/gen_sp_ram.spram_inst/ram_reg_65024_65279_31_31_n_0
    SLICE_X133Y145       LUT6 (Prop_lut6_I1_O)        0.125    10.098 r  student_top_inst/bridge_inst/dram_driver_inst/Mem_DRAM/U0/synth_options.dist_mem_inst/gen_sp_ram.spram_inst/spo[31]_INST_0_i_106/O
                         net (fo=1, routed)           0.000    10.098    student_top_inst/bridge_inst/dram_driver_inst/Mem_DRAM/U0/synth_options.dist_mem_inst/gen_sp_ram.spram_inst/spo[31]_INST_0_i_106_n_0
    SLICE_X133Y145       MUXF7 (Prop_muxf7_I1_O)      0.108    10.206 r  student_top_inst/bridge_inst/dram_driver_inst/Mem_DRAM/U0/synth_options.dist_mem_inst/gen_sp_ram.spram_inst/spo[31]_INST_0_i_48/O
                         net (fo=1, routed)           0.000    10.206    student_top_inst/bridge_inst/dram_driver_inst/Mem_DRAM/U0/synth_options.dist_mem_inst/gen_sp_ram.spram_inst/spo[31]_INST_0_i_48_n_0
    SLICE_X133Y145       MUXF8 (Prop_muxf8_I1_O)      0.043    10.249 r  student_top_inst/bridge_inst/dram_driver_inst/Mem_DRAM/U0/synth_options.dist_mem_inst/gen_sp_ram.spram_inst/spo[31]_INST_0_i_19/O
                         net (fo=1, routed)           1.098    11.347    student_top_inst/bridge_inst/dram_driver_inst/Mem_DRAM/U0/synth_options.dist_mem_inst/gen_sp_ram.spram_inst/spo[31]_INST_0_i_19_n_0
    SLICE_X121Y164       LUT6 (Prop_lut6_I0_O)        0.126    11.473 r  student_top_inst/bridge_inst/dram_driver_inst/Mem_DRAM/U0/synth_options.dist_mem_inst/gen_sp_ram.spram_inst/spo[31]_INST_0_i_6/O
                         net (fo=1, routed)           0.000    11.473    student_top_inst/bridge_inst/dram_driver_inst/Mem_DRAM/U0/synth_options.dist_mem_inst/gen_sp_ram.spram_inst/spo[31]_INST_0_i_6_n_0
    SLICE_X121Y164       MUXF7 (Prop_muxf7_I1_O)      0.108    11.581 r  student_top_inst/bridge_inst/dram_driver_inst/Mem_DRAM/U0/synth_options.dist_mem_inst/gen_sp_ram.spram_inst/spo[31]_INST_0_i_2/O
                         net (fo=1, routed)           0.000    11.581    student_top_inst/bridge_inst/dram_driver_inst/Mem_DRAM/U0/synth_options.dist_mem_inst/gen_sp_ram.spram_inst/spo[31]_INST_0_i_2_n_0
    SLICE_X121Y164       MUXF8 (Prop_muxf8_I1_O)      0.043    11.624 r  student_top_inst/bridge_inst/dram_driver_inst/Mem_DRAM/U0/synth_options.dist_mem_inst/gen_sp_ram.spram_inst/spo[31]_INST_0/O
                         net (fo=6, routed)           2.696    14.320    student_top_inst/bridge_inst/dram_driver_inst/spo[31]
    SLICE_X32Y234        LUT4 (Prop_lut4_I3_O)        0.126    14.446 f  student_top_inst/bridge_inst/dram_driver_inst/reg_bank[31][31]_i_47/O
                         net (fo=1, routed)           0.242    14.688    student_top_inst/Core_cpu/rf_inst/reg_bank[31][31]_i_6_0
    SLICE_X32Y235        LUT6 (Prop_lut6_I4_O)        0.043    14.731 r  student_top_inst/Core_cpu/rf_inst/reg_bank[31][31]_i_24/O
                         net (fo=16, routed)          0.368    15.099    student_top_inst/Core_cpu/rf_inst/reg_bank[31][31]_i_24_n_0
    SLICE_X31Y236        LUT6 (Prop_lut6_I4_O)        0.043    15.142 r  student_top_inst/Core_cpu/rf_inst/reg_bank[31][19]_i_3/O
                         net (fo=1, routed)           0.704    15.846    student_top_inst/Core_cpu/rf_inst/reg_bank[31][19]_i_3_n_0
    SLICE_X31Y222        LUT6 (Prop_lut6_I2_O)        0.043    15.889 r  student_top_inst/Core_cpu/rf_inst/reg_bank[31][19]_i_1/O
                         net (fo=32, routed)          1.310    17.199    student_top_inst/Core_cpu/rf_inst/wdata[19]
    SLICE_X0Y212         FDCE                                         r  student_top_inst/Core_cpu/rf_inst/reg_bank_reg[15][19]/D
  -------------------------------------------------------------------    -------------------

                         (clock clk_out2_pll rise edge)
                                                     20.000    20.000 r  
    AD12                                              0.000    20.000 r  i_sys_clk_p (IN)
                         net (fo=0)                   0.000    20.000    pll_inst/inst/clk_in1_p
    AD12                 IBUFDS (Prop_ibufds_I_O)     0.803    20.803 r  pll_inst/inst/clkin1_ibufgds/O
                         net (fo=1, routed)           1.001    21.804    pll_inst/inst/clk_in1_pll
    PLLE2_ADV_X1Y1       PLLE2_ADV (Prop_plle2_adv_CLKIN1_CLKOUT1)
                                                     -7.261    14.543 r  pll_inst/inst/plle2_adv_inst/CLKOUT1
                         net (fo=1, routed)           2.003    16.546    pll_inst/inst/clk_out2_pll
    BUFGCTRL_X0Y0        BUFG (Prop_bufg_I_O)         0.083    16.629 r  pll_inst/inst/clkout2_buf/O
                         net (fo=34220, routed)       1.202    17.831    student_top_inst/Core_cpu/rf_inst/CLK
    SLICE_X0Y212         FDCE                                         r  student_top_inst/Core_cpu/rf_inst/reg_bank_reg[15][19]/C
                         clock pessimism             -0.370    17.462    
                         clock uncertainty           -0.105    17.356    
    SLICE_X0Y212         FDCE (Setup_fdce_C_D)       -0.019    17.337    student_top_inst/Core_cpu/rf_inst/reg_bank_reg[15][19]
  -------------------------------------------------------------------
                         required time                         17.337    
                         arrival time                         -17.199    
  -------------------------------------------------------------------
                         slack                                  0.139    

Slack (MET) :             0.154ns  (required time - arrival time)
  Source:                 student_top_inst/Core_cpu/pc_inst/reg_pc_reg[3]_replica/C
                            (rising edge-triggered cell FDCE clocked by clk_out2_pll  {rise@0.000ns fall@10.000ns period=20.000ns})
  Destination:            student_top_inst/Core_cpu/rf_inst/reg_bank_reg[27][19]/D
                            (rising edge-triggered cell FDCE clocked by clk_out2_pll  {rise@0.000ns fall@10.000ns period=20.000ns})
  Path Group:             clk_out2_pll
  Path Type:              Setup (Max at Slow Process Corner)
  Requirement:            20.000ns  (clk_out2_pll rise@20.000ns - clk_out2_pll rise@0.000ns)
  Data Path Delay:        19.726ns  (logic 2.486ns (12.603%)  route 17.240ns (87.397%))
  Logic Levels:           23  (LUT3=2 LUT4=1 LUT5=2 LUT6=10 MUXF7=3 MUXF8=4 RAMS64E=1)
  Clock Path Skew:        0.016ns (DCD - SCD + CPR)
    Destination Clock Delay (DCD):    -2.167ns = ( 17.833 - 20.000 ) 
    Source Clock Delay      (SCD):    -2.552ns
    Clock Pessimism Removal (CPR):    -0.370ns
  Clock Uncertainty:      0.105ns  ((TSJ^2 + DJ^2)^1/2) / 2 + PE
    Total System Jitter     (TSJ):    0.071ns
    Discrete Jitter          (DJ):    0.198ns
    Phase Error              (PE):    0.000ns

    Location             Delay type                Incr(ns)  Path(ns)    Netlist Resource(s)
  -------------------------------------------------------------------    -------------------
                         (clock clk_out2_pll rise edge)
                                                      0.000     0.000 r  
    AD12                                              0.000     0.000 r  i_sys_clk_p (IN)
                         net (fo=0)                   0.000     0.000    pll_inst/inst/clk_in1_p
    AD12                 IBUFDS (Prop_ibufds_I_O)     0.906     0.906 r  pll_inst/inst/clkin1_ibufgds/O
                         net (fo=1, routed)           1.098     2.004    pll_inst/inst/clk_in1_pll
    PLLE2_ADV_X1Y1       PLLE2_ADV (Prop_plle2_adv_CLKIN1_CLKOUT1)
                                                     -8.058    -6.054 r  pll_inst/inst/plle2_adv_inst/CLKOUT1
                         net (fo=1, routed)           2.128    -3.926    pll_inst/inst/clk_out2_pll
    BUFGCTRL_X0Y0        BUFG (Prop_bufg_I_O)         0.093    -3.833 r  pll_inst/inst/clkout2_buf/O
                         net (fo=34220, routed)       1.281    -2.552    student_top_inst/Core_cpu/pc_inst/CLK
    SLICE_X32Y206        FDCE                                         r  student_top_inst/Core_cpu/pc_inst/reg_pc_reg[3]_replica/C
  -------------------------------------------------------------------    -------------------
    SLICE_X32Y206        FDCE (Prop_fdce_C_Q)         0.223    -2.329 r  student_top_inst/Core_cpu/pc_inst/reg_pc_reg[3]_replica/Q
                         net (fo=185, routed)         0.832    -1.497    student_top_inst/Mem_IROM/U0/synth_options.dist_mem_inst/gen_rom.rom_inst/Q[3]_repN_alias
    SLICE_X33Y201        LUT3 (Prop_lut3_I2_O)        0.054    -1.443 r  student_top_inst/Mem_IROM/U0/synth_options.dist_mem_inst/gen_rom.rom_inst/spo[30]_INST_0_i_44/O
                         net (fo=4, routed)           0.650    -0.794    student_top_inst/Mem_IROM/U0/synth_options.dist_mem_inst/gen_rom.rom_inst/spo[30]_INST_0_i_44_n_0
    SLICE_X28Y204        LUT6 (Prop_lut6_I2_O)        0.137    -0.657 r  student_top_inst/Mem_IROM/U0/synth_options.dist_mem_inst/gen_rom.rom_inst/spo[18]_INST_0_i_12/O
                         net (fo=1, routed)           0.452    -0.205    student_top_inst/Mem_IROM/U0/synth_options.dist_mem_inst/gen_rom.rom_inst/spo[18]_INST_0_i_12_n_0
    SLICE_X29Y209        LUT6 (Prop_lut6_I2_O)        0.043    -0.162 r  student_top_inst/Mem_IROM/U0/synth_options.dist_mem_inst/gen_rom.rom_inst/spo[18]_INST_0_i_3/O
                         net (fo=1, routed)           0.331     0.169    student_top_inst/Mem_IROM/U0/synth_options.dist_mem_inst/gen_rom.rom_inst/spo[18]_INST_0_i_3_n_0
    SLICE_X28Y212        LUT6 (Prop_lut6_I3_O)        0.043     0.212 r  student_top_inst/Mem_IROM/U0/synth_options.dist_mem_inst/gen_rom.rom_inst/spo[18]_INST_0/O
                         net (fo=68, routed)          1.091     1.304    student_top_inst/Core_cpu/rf_inst/reg_bank_reg[0][31]_0[18]
    SLICE_X4Y210         MUXF8 (Prop_muxf8_S_O)       0.141     1.445 r  student_top_inst/Core_cpu/rf_inst/mepc_reg[19]_i_3/O
                         net (fo=1, routed)           1.008     2.453    student_top_inst/Core_cpu/rf_inst_n_272
    SLICE_X26Y218        LUT5 (Prop_lut5_I1_O)        0.126     2.579 r  student_top_inst/Core_cpu/mepc[19]_i_2/O
                         net (fo=16, routed)          1.025     3.604    student_top_inst/Core_cpu/rf_inst/A[19]
    SLICE_X44Y222        LUT5 (Prop_lut5_I0_O)        0.051     3.655 r  student_top_inst/Core_cpu/rf_inst/Mem_DRAM_i_306/O
                         net (fo=4, routed)           0.419     4.073    student_top_inst/Core_cpu/rf_inst/Mem_DRAM_i_306_n_0
    SLICE_X43Y224        LUT3 (Prop_lut3_I0_O)        0.145     4.218 r  student_top_inst/Core_cpu/rf_inst/Mem_DRAM_i_223/O
                         net (fo=2, routed)           0.436     4.654    student_top_inst/Core_cpu/rf_inst/Mem_DRAM_i_223_n_0
    SLICE_X45Y224        LUT6 (Prop_lut6_I0_O)        0.136     4.790 r  student_top_inst/Core_cpu/rf_inst/Mem_DRAM_i_117/O
                         net (fo=1, routed)           0.600     5.390    student_top_inst/Core_cpu/rf_inst/alu_inst/srl_result[4]
    SLICE_X53Y224        LUT6 (Prop_lut6_I2_O)        0.043     5.433 r  student_top_inst/Core_cpu/rf_inst/Mem_DRAM_i_14/O
                         net (fo=32822, routed)       3.208     8.641    student_top_inst/bridge_inst/dram_driver_inst/Mem_DRAM/U0/synth_options.dist_mem_inst/gen_sp_ram.spram_inst/ram_reg_65024_65279_31_31/A2
    SLICE_X136Y135       RAMS64E (Prop_rams64e_ADR2_O)
                                                      0.373     9.014 r  student_top_inst/bridge_inst/dram_driver_inst/Mem_DRAM/U0/synth_options.dist_mem_inst/gen_sp_ram.spram_inst/ram_reg_65024_65279_31_31/RAMS64E_C/O
                         net (fo=1, routed)           0.000     9.014    student_top_inst/bridge_inst/dram_driver_inst/Mem_DRAM/U0/synth_options.dist_mem_inst/gen_sp_ram.spram_inst/ram_reg_65024_65279_31_31/OC
    SLICE_X136Y135       MUXF7 (Prop_muxf7_I1_O)      0.117     9.131 r  student_top_inst/bridge_inst/dram_driver_inst/Mem_DRAM/U0/synth_options.dist_mem_inst/gen_sp_ram.spram_inst/ram_reg_65024_65279_31_31/F7.B/O
                         net (fo=1, routed)           0.000     9.131    student_top_inst/bridge_inst/dram_driver_inst/Mem_DRAM/U0/synth_options.dist_mem_inst/gen_sp_ram.spram_inst/ram_reg_65024_65279_31_31/O0
    SLICE_X136Y135       MUXF8 (Prop_muxf8_I0_O)      0.046     9.177 r  student_top_inst/bridge_inst/dram_driver_inst/Mem_DRAM/U0/synth_options.dist_mem_inst/gen_sp_ram.spram_inst/ram_reg_65024_65279_31_31/F8/O
                         net (fo=1, routed)           0.796     9.973    student_top_inst/bridge_inst/dram_driver_inst/Mem_DRAM/U0/synth_options.dist_mem_inst/gen_sp_ram.spram_inst/ram_reg_65024_65279_31_31_n_0
    SLICE_X133Y145       LUT6 (Prop_lut6_I1_O)        0.125    10.098 r  student_top_inst/bridge_inst/dram_driver_inst/Mem_DRAM/U0/synth_options.dist_mem_inst/gen_sp_ram.spram_inst/spo[31]_INST_0_i_106/O
                         net (fo=1, routed)           0.000    10.098    student_top_inst/bridge_inst/dram_driver_inst/Mem_DRAM/U0/synth_options.dist_mem_inst/gen_sp_ram.spram_inst/spo[31]_INST_0_i_106_n_0
    SLICE_X133Y145       MUXF7 (Prop_muxf7_I1_O)      0.108    10.206 r  student_top_inst/bridge_inst/dram_driver_inst/Mem_DRAM/U0/synth_options.dist_mem_inst/gen_sp_ram.spram_inst/spo[31]_INST_0_i_48/O
                         net (fo=1, routed)           0.000    10.206    student_top_inst/bridge_inst/dram_driver_inst/Mem_DRAM/U0/synth_options.dist_mem_inst/gen_sp_ram.spram_inst/spo[31]_INST_0_i_48_n_0
    SLICE_X133Y145       MUXF8 (Prop_muxf8_I1_O)      0.043    10.249 r  student_top_inst/bridge_inst/dram_driver_inst/Mem_DRAM/U0/synth_options.dist_mem_inst/gen_sp_ram.spram_inst/spo[31]_INST_0_i_19/O
                         net (fo=1, routed)           1.098    11.347    student_top_inst/bridge_inst/dram_driver_inst/Mem_DRAM/U0/synth_options.dist_mem_inst/gen_sp_ram.spram_inst/spo[31]_INST_0_i_19_n_0
    SLICE_X121Y164       LUT6 (Prop_lut6_I0_O)        0.126    11.473 r  student_top_inst/bridge_inst/dram_driver_inst/Mem_DRAM/U0/synth_options.dist_mem_inst/gen_sp_ram.spram_inst/spo[31]_INST_0_i_6/O
                         net (fo=1, routed)           0.000    11.473    student_top_inst/bridge_inst/dram_driver_inst/Mem_DRAM/U0/synth_options.dist_mem_inst/gen_sp_ram.spram_inst/spo[31]_INST_0_i_6_n_0
    SLICE_X121Y164       MUXF7 (Prop_muxf7_I1_O)      0.108    11.581 r  student_top_inst/bridge_inst/dram_driver_inst/Mem_DRAM/U0/synth_options.dist_mem_inst/gen_sp_ram.spram_inst/spo[31]_INST_0_i_2/O
                         net (fo=1, routed)           0.000    11.581    student_top_inst/bridge_inst/dram_driver_inst/Mem_DRAM/U0/synth_options.dist_mem_inst/gen_sp_ram.spram_inst/spo[31]_INST_0_i_2_n_0
    SLICE_X121Y164       MUXF8 (Prop_muxf8_I1_O)      0.043    11.624 r  student_top_inst/bridge_inst/dram_driver_inst/Mem_DRAM/U0/synth_options.dist_mem_inst/gen_sp_ram.spram_inst/spo[31]_INST_0/O
                         net (fo=6, routed)           2.696    14.320    student_top_inst/bridge_inst/dram_driver_inst/spo[31]
    SLICE_X32Y234        LUT4 (Prop_lut4_I3_O)        0.126    14.446 f  student_top_inst/bridge_inst/dram_driver_inst/reg_bank[31][31]_i_47/O
                         net (fo=1, routed)           0.242    14.688    student_top_inst/Core_cpu/rf_inst/reg_bank[31][31]_i_6_0
    SLICE_X32Y235        LUT6 (Prop_lut6_I4_O)        0.043    14.731 r  student_top_inst/Core_cpu/rf_inst/reg_bank[31][31]_i_24/O
                         net (fo=16, routed)          0.368    15.099    student_top_inst/Core_cpu/rf_inst/reg_bank[31][31]_i_24_n_0
    SLICE_X31Y236        LUT6 (Prop_lut6_I4_O)        0.043    15.142 r  student_top_inst/Core_cpu/rf_inst/reg_bank[31][19]_i_3/O
                         net (fo=1, routed)           0.704    15.846    student_top_inst/Core_cpu/rf_inst/reg_bank[31][19]_i_3_n_0
    SLICE_X31Y222        LUT6 (Prop_lut6_I2_O)        0.043    15.889 r  student_top_inst/Core_cpu/rf_inst/reg_bank[31][19]_i_1/O
                         net (fo=32, routed)          1.284    17.173    student_top_inst/Core_cpu/rf_inst/wdata[19]
    SLICE_X3Y209         FDCE                                         r  student_top_inst/Core_cpu/rf_inst/reg_bank_reg[27][19]/D
  -------------------------------------------------------------------    -------------------

                         (clock clk_out2_pll rise edge)
                                                     20.000    20.000 r  
    AD12                                              0.000    20.000 r  i_sys_clk_p (IN)
                         net (fo=0)                   0.000    20.000    pll_inst/inst/clk_in1_p
    AD12                 IBUFDS (Prop_ibufds_I_O)     0.803    20.803 r  pll_inst/inst/clkin1_ibufgds/O
                         net (fo=1, routed)           1.001    21.804    pll_inst/inst/clk_in1_pll
    PLLE2_ADV_X1Y1       PLLE2_ADV (Prop_plle2_adv_CLKIN1_CLKOUT1)
                                                     -7.261    14.543 r  pll_inst/inst/plle2_adv_inst/CLKOUT1
                         net (fo=1, routed)           2.003    16.546    pll_inst/inst/clk_out2_pll
    BUFGCTRL_X0Y0        BUFG (Prop_bufg_I_O)         0.083    16.629 r  pll_inst/inst/clkout2_buf/O
                         net (fo=34220, routed)       1.204    17.833    student_top_inst/Core_cpu/rf_inst/CLK
    SLICE_X3Y209         FDCE                                         r  student_top_inst/Core_cpu/rf_inst/reg_bank_reg[27][19]/C
                         clock pessimism             -0.370    17.464    
                         clock uncertainty           -0.105    17.358    
    SLICE_X3Y209         FDCE (Setup_fdce_C_D)       -0.031    17.327    student_top_inst/Core_cpu/rf_inst/reg_bank_reg[27][19]
  -------------------------------------------------------------------
                         required time                         17.327    
                         arrival time                         -17.173    
  -------------------------------------------------------------------
                         slack                                  0.154    

Slack (MET) :             0.170ns  (required time - arrival time)
  Source:                 student_top_inst/Core_cpu/pc_inst/reg_pc_reg[3]_replica/C
                            (rising edge-triggered cell FDCE clocked by clk_out2_pll  {rise@0.000ns fall@10.000ns period=20.000ns})
  Destination:            student_top_inst/Core_cpu/rf_inst/reg_bank_reg[13][19]/D
                            (rising edge-triggered cell FDCE clocked by clk_out2_pll  {rise@0.000ns fall@10.000ns period=20.000ns})
  Path Group:             clk_out2_pll
  Path Type:              Setup (Max at Slow Process Corner)
  Requirement:            20.000ns  (clk_out2_pll rise@20.000ns - clk_out2_pll rise@0.000ns)
  Data Path Delay:        19.720ns  (logic 2.486ns (12.606%)  route 17.234ns (87.394%))
  Logic Levels:           23  (LUT3=2 LUT4=1 LUT5=2 LUT6=10 MUXF7=3 MUXF8=4 RAMS64E=1)
  Clock Path Skew:        0.014ns (DCD - SCD + CPR)
    Destination Clock Delay (DCD):    -2.169ns = ( 17.831 - 20.000 ) 
    Source Clock Delay      (SCD):    -2.552ns
    Clock Pessimism Removal (CPR):    -0.370ns
  Clock Uncertainty:      0.105ns  ((TSJ^2 + DJ^2)^1/2) / 2 + PE
    Total System Jitter     (TSJ):    0.071ns
    Discrete Jitter          (DJ):    0.198ns
    Phase Error              (PE):    0.000ns

    Location             Delay type                Incr(ns)  Path(ns)    Netlist Resource(s)
  -------------------------------------------------------------------    -------------------
                         (clock clk_out2_pll rise edge)
                                                      0.000     0.000 r  
    AD12                                              0.000     0.000 r  i_sys_clk_p (IN)
                         net (fo=0)                   0.000     0.000    pll_inst/inst/clk_in1_p
    AD12                 IBUFDS (Prop_ibufds_I_O)     0.906     0.906 r  pll_inst/inst/clkin1_ibufgds/O
                         net (fo=1, routed)           1.098     2.004    pll_inst/inst/clk_in1_pll
    PLLE2_ADV_X1Y1       PLLE2_ADV (Prop_plle2_adv_CLKIN1_CLKOUT1)
                                                     -8.058    -6.054 r  pll_inst/inst/plle2_adv_inst/CLKOUT1
                         net (fo=1, routed)           2.128    -3.926    pll_inst/inst/clk_out2_pll
    BUFGCTRL_X0Y0        BUFG (Prop_bufg_I_O)         0.093    -3.833 r  pll_inst/inst/clkout2_buf/O
                         net (fo=34220, routed)       1.281    -2.552    student_top_inst/Core_cpu/pc_inst/CLK
    SLICE_X32Y206        FDCE                                         r  student_top_inst/Core_cpu/pc_inst/reg_pc_reg[3]_replica/C
  -------------------------------------------------------------------    -------------------
    SLICE_X32Y206        FDCE (Prop_fdce_C_Q)         0.223    -2.329 r  student_top_inst/Core_cpu/pc_inst/reg_pc_reg[3]_replica/Q
                         net (fo=185, routed)         0.832    -1.497    student_top_inst/Mem_IROM/U0/synth_options.dist_mem_inst/gen_rom.rom_inst/Q[3]_repN_alias
    SLICE_X33Y201        LUT3 (Prop_lut3_I2_O)        0.054    -1.443 r  student_top_inst/Mem_IROM/U0/synth_options.dist_mem_inst/gen_rom.rom_inst/spo[30]_INST_0_i_44/O
                         net (fo=4, routed)           0.650    -0.794    student_top_inst/Mem_IROM/U0/synth_options.dist_mem_inst/gen_rom.rom_inst/spo[30]_INST_0_i_44_n_0
    SLICE_X28Y204        LUT6 (Prop_lut6_I2_O)        0.137    -0.657 r  student_top_inst/Mem_IROM/U0/synth_options.dist_mem_inst/gen_rom.rom_inst/spo[18]_INST_0_i_12/O
                         net (fo=1, routed)           0.452    -0.205    student_top_inst/Mem_IROM/U0/synth_options.dist_mem_inst/gen_rom.rom_inst/spo[18]_INST_0_i_12_n_0
    SLICE_X29Y209        LUT6 (Prop_lut6_I2_O)        0.043    -0.162 r  student_top_inst/Mem_IROM/U0/synth_options.dist_mem_inst/gen_rom.rom_inst/spo[18]_INST_0_i_3/O
                         net (fo=1, routed)           0.331     0.169    student_top_inst/Mem_IROM/U0/synth_options.dist_mem_inst/gen_rom.rom_inst/spo[18]_INST_0_i_3_n_0
    SLICE_X28Y212        LUT6 (Prop_lut6_I3_O)        0.043     0.212 r  student_top_inst/Mem_IROM/U0/synth_options.dist_mem_inst/gen_rom.rom_inst/spo[18]_INST_0/O
                         net (fo=68, routed)          1.091     1.304    student_top_inst/Core_cpu/rf_inst/reg_bank_reg[0][31]_0[18]
    SLICE_X4Y210         MUXF8 (Prop_muxf8_S_O)       0.141     1.445 r  student_top_inst/Core_cpu/rf_inst/mepc_reg[19]_i_3/O
                         net (fo=1, routed)           1.008     2.453    student_top_inst/Core_cpu/rf_inst_n_272
    SLICE_X26Y218        LUT5 (Prop_lut5_I1_O)        0.126     2.579 r  student_top_inst/Core_cpu/mepc[19]_i_2/O
                         net (fo=16, routed)          1.025     3.604    student_top_inst/Core_cpu/rf_inst/A[19]
    SLICE_X44Y222        LUT5 (Prop_lut5_I0_O)        0.051     3.655 r  student_top_inst/Core_cpu/rf_inst/Mem_DRAM_i_306/O
                         net (fo=4, routed)           0.419     4.073    student_top_inst/Core_cpu/rf_inst/Mem_DRAM_i_306_n_0
    SLICE_X43Y224        LUT3 (Prop_lut3_I0_O)        0.145     4.218 r  student_top_inst/Core_cpu/rf_inst/Mem_DRAM_i_223/O
                         net (fo=2, routed)           0.436     4.654    student_top_inst/Core_cpu/rf_inst/Mem_DRAM_i_223_n_0
    SLICE_X45Y224        LUT6 (Prop_lut6_I0_O)        0.136     4.790 r  student_top_inst/Core_cpu/rf_inst/Mem_DRAM_i_117/O
                         net (fo=1, routed)           0.600     5.390    student_top_inst/Core_cpu/rf_inst/alu_inst/srl_result[4]
    SLICE_X53Y224        LUT6 (Prop_lut6_I2_O)        0.043     5.433 r  student_top_inst/Core_cpu/rf_inst/Mem_DRAM_i_14/O
                         net (fo=32822, routed)       3.208     8.641    student_top_inst/bridge_inst/dram_driver_inst/Mem_DRAM/U0/synth_options.dist_mem_inst/gen_sp_ram.spram_inst/ram_reg_65024_65279_31_31/A2
    SLICE_X136Y135       RAMS64E (Prop_rams64e_ADR2_O)
                                                      0.373     9.014 r  student_top_inst/bridge_inst/dram_driver_inst/Mem_DRAM/U0/synth_options.dist_mem_inst/gen_sp_ram.spram_inst/ram_reg_65024_65279_31_31/RAMS64E_C/O
                         net (fo=1, routed)           0.000     9.014    student_top_inst/bridge_inst/dram_driver_inst/Mem_DRAM/U0/synth_options.dist_mem_inst/gen_sp_ram.spram_inst/ram_reg_65024_65279_31_31/OC
    SLICE_X136Y135       MUXF7 (Prop_muxf7_I1_O)      0.117     9.131 r  student_top_inst/bridge_inst/dram_driver_inst/Mem_DRAM/U0/synth_options.dist_mem_inst/gen_sp_ram.spram_inst/ram_reg_65024_65279_31_31/F7.B/O
                         net (fo=1, routed)           0.000     9.131    student_top_inst/bridge_inst/dram_driver_inst/Mem_DRAM/U0/synth_options.dist_mem_inst/gen_sp_ram.spram_inst/ram_reg_65024_65279_31_31/O0
    SLICE_X136Y135       MUXF8 (Prop_muxf8_I0_O)      0.046     9.177 r  student_top_inst/bridge_inst/dram_driver_inst/Mem_DRAM/U0/synth_options.dist_mem_inst/gen_sp_ram.spram_inst/ram_reg_65024_65279_31_31/F8/O
                         net (fo=1, routed)           0.796     9.973    student_top_inst/bridge_inst/dram_driver_inst/Mem_DRAM/U0/synth_options.dist_mem_inst/gen_sp_ram.spram_inst/ram_reg_65024_65279_31_31_n_0
    SLICE_X133Y145       LUT6 (Prop_lut6_I1_O)        0.125    10.098 r  student_top_inst/bridge_inst/dram_driver_inst/Mem_DRAM/U0/synth_options.dist_mem_inst/gen_sp_ram.spram_inst/spo[31]_INST_0_i_106/O
                         net (fo=1, routed)           0.000    10.098    student_top_inst/bridge_inst/dram_driver_inst/Mem_DRAM/U0/synth_options.dist_mem_inst/gen_sp_ram.spram_inst/spo[31]_INST_0_i_106_n_0
    SLICE_X133Y145       MUXF7 (Prop_muxf7_I1_O)      0.108    10.206 r  student_top_inst/bridge_inst/dram_driver_inst/Mem_DRAM/U0/synth_options.dist_mem_inst/gen_sp_ram.spram_inst/spo[31]_INST_0_i_48/O
                         net (fo=1, routed)           0.000    10.206    student_top_inst/bridge_inst/dram_driver_inst/Mem_DRAM/U0/synth_options.dist_mem_inst/gen_sp_ram.spram_inst/spo[31]_INST_0_i_48_n_0
    SLICE_X133Y145       MUXF8 (Prop_muxf8_I1_O)      0.043    10.249 r  student_top_inst/bridge_inst/dram_driver_inst/Mem_DRAM/U0/synth_options.dist_mem_inst/gen_sp_ram.spram_inst/spo[31]_INST_0_i_19/O
                         net (fo=1, routed)           1.098    11.347    student_top_inst/bridge_inst/dram_driver_inst/Mem_DRAM/U0/synth_options.dist_mem_inst/gen_sp_ram.spram_inst/spo[31]_INST_0_i_19_n_0
    SLICE_X121Y164       LUT6 (Prop_lut6_I0_O)        0.126    11.473 r  student_top_inst/bridge_inst/dram_driver_inst/Mem_DRAM/U0/synth_options.dist_mem_inst/gen_sp_ram.spram_inst/spo[31]_INST_0_i_6/O
                         net (fo=1, routed)           0.000    11.473    student_top_inst/bridge_inst/dram_driver_inst/Mem_DRAM/U0/synth_options.dist_mem_inst/gen_sp_ram.spram_inst/spo[31]_INST_0_i_6_n_0
    SLICE_X121Y164       MUXF7 (Prop_muxf7_I1_O)      0.108    11.581 r  student_top_inst/bridge_inst/dram_driver_inst/Mem_DRAM/U0/synth_options.dist_mem_inst/gen_sp_ram.spram_inst/spo[31]_INST_0_i_2/O
                         net (fo=1, routed)           0.000    11.581    student_top_inst/bridge_inst/dram_driver_inst/Mem_DRAM/U0/synth_options.dist_mem_inst/gen_sp_ram.spram_inst/spo[31]_INST_0_i_2_n_0
    SLICE_X121Y164       MUXF8 (Prop_muxf8_I1_O)      0.043    11.624 r  student_top_inst/bridge_inst/dram_driver_inst/Mem_DRAM/U0/synth_options.dist_mem_inst/gen_sp_ram.spram_inst/spo[31]_INST_0/O
                         net (fo=6, routed)           2.696    14.320    student_top_inst/bridge_inst/dram_driver_inst/spo[31]
    SLICE_X32Y234        LUT4 (Prop_lut4_I3_O)        0.126    14.446 f  student_top_inst/bridge_inst/dram_driver_inst/reg_bank[31][31]_i_47/O
                         net (fo=1, routed)           0.242    14.688    student_top_inst/Core_cpu/rf_inst/reg_bank[31][31]_i_6_0
    SLICE_X32Y235        LUT6 (Prop_lut6_I4_O)        0.043    14.731 r  student_top_inst/Core_cpu/rf_inst/reg_bank[31][31]_i_24/O
                         net (fo=16, routed)          0.368    15.099    student_top_inst/Core_cpu/rf_inst/reg_bank[31][31]_i_24_n_0
    SLICE_X31Y236        LUT6 (Prop_lut6_I4_O)        0.043    15.142 r  student_top_inst/Core_cpu/rf_inst/reg_bank[31][19]_i_3/O
                         net (fo=1, routed)           0.704    15.846    student_top_inst/Core_cpu/rf_inst/reg_bank[31][19]_i_3_n_0
    SLICE_X31Y222        LUT6 (Prop_lut6_I2_O)        0.043    15.889 r  student_top_inst/Core_cpu/rf_inst/reg_bank[31][19]_i_1/O
                         net (fo=32, routed)          1.278    17.167    student_top_inst/Core_cpu/rf_inst/wdata[19]
    SLICE_X1Y212         FDCE                                         r  student_top_inst/Core_cpu/rf_inst/reg_bank_reg[13][19]/D
  -------------------------------------------------------------------    -------------------

                         (clock clk_out2_pll rise edge)
                                                     20.000    20.000 r  
    AD12                                              0.000    20.000 r  i_sys_clk_p (IN)
                         net (fo=0)                   0.000    20.000    pll_inst/inst/clk_in1_p
    AD12                 IBUFDS (Prop_ibufds_I_O)     0.803    20.803 r  pll_inst/inst/clkin1_ibufgds/O
                         net (fo=1, routed)           1.001    21.804    pll_inst/inst/clk_in1_pll
    PLLE2_ADV_X1Y1       PLLE2_ADV (Prop_plle2_adv_CLKIN1_CLKOUT1)
                                                     -7.261    14.543 r  pll_inst/inst/plle2_adv_inst/CLKOUT1
                         net (fo=1, routed)           2.003    16.546    pll_inst/inst/clk_out2_pll
    BUFGCTRL_X0Y0        BUFG (Prop_bufg_I_O)         0.083    16.629 r  pll_inst/inst/clkout2_buf/O
                         net (fo=34220, routed)       1.202    17.831    student_top_inst/Core_cpu/rf_inst/CLK
    SLICE_X1Y212         FDCE                                         r  student_top_inst/Core_cpu/rf_inst/reg_bank_reg[13][19]/C
                         clock pessimism             -0.370    17.462    
                         clock uncertainty           -0.105    17.356    
    SLICE_X1Y212         FDCE (Setup_fdce_C_D)       -0.019    17.337    student_top_inst/Core_cpu/rf_inst/reg_bank_reg[13][19]
  -------------------------------------------------------------------
                         required time                         17.337    
                         arrival time                         -17.167    
  -------------------------------------------------------------------
                         slack                                  0.170    

Slack (MET) :             0.182ns  (required time - arrival time)
  Source:                 student_top_inst/Core_cpu/pc_inst/reg_pc_reg[3]_replica/C
                            (rising edge-triggered cell FDCE clocked by clk_out2_pll  {rise@0.000ns fall@10.000ns period=20.000ns})
  Destination:            student_top_inst/Core_cpu/rf_inst/reg_bank_reg[0][19]/D
                            (rising edge-triggered cell FDCE clocked by clk_out2_pll  {rise@0.000ns fall@10.000ns period=20.000ns})
  Path Group:             clk_out2_pll
  Path Type:              Setup (Max at Slow Process Corner)
  Requirement:            20.000ns  (clk_out2_pll rise@20.000ns - clk_out2_pll rise@0.000ns)
  Data Path Delay:        19.707ns  (logic 2.486ns (12.614%)  route 17.221ns (87.386%))
  Logic Levels:           23  (LUT3=2 LUT4=1 LUT5=2 LUT6=10 MUXF7=3 MUXF8=4 RAMS64E=1)
  Clock Path Skew:        0.013ns (DCD - SCD + CPR)
    Destination Clock Delay (DCD):    -2.170ns = ( 17.830 - 20.000 ) 
    Source Clock Delay      (SCD):    -2.552ns
    Clock Pessimism Removal (CPR):    -0.370ns
  Clock Uncertainty:      0.105ns  ((TSJ^2 + DJ^2)^1/2) / 2 + PE
    Total System Jitter     (TSJ):    0.071ns
    Discrete Jitter          (DJ):    0.198ns
    Phase Error              (PE):    0.000ns

    Location             Delay type                Incr(ns)  Path(ns)    Netlist Resource(s)
  -------------------------------------------------------------------    -------------------
                         (clock clk_out2_pll rise edge)
                                                      0.000     0.000 r  
    AD12                                              0.000     0.000 r  i_sys_clk_p (IN)
                         net (fo=0)                   0.000     0.000    pll_inst/inst/clk_in1_p
    AD12                 IBUFDS (Prop_ibufds_I_O)     0.906     0.906 r  pll_inst/inst/clkin1_ibufgds/O
                         net (fo=1, routed)           1.098     2.004    pll_inst/inst/clk_in1_pll
    PLLE2_ADV_X1Y1       PLLE2_ADV (Prop_plle2_adv_CLKIN1_CLKOUT1)
                                                     -8.058    -6.054 r  pll_inst/inst/plle2_adv_inst/CLKOUT1
                         net (fo=1, routed)           2.128    -3.926    pll_inst/inst/clk_out2_pll
    BUFGCTRL_X0Y0        BUFG (Prop_bufg_I_O)         0.093    -3.833 r  pll_inst/inst/clkout2_buf/O
                         net (fo=34220, routed)       1.281    -2.552    student_top_inst/Core_cpu/pc_inst/CLK
    SLICE_X32Y206        FDCE                                         r  student_top_inst/Core_cpu/pc_inst/reg_pc_reg[3]_replica/C
  -------------------------------------------------------------------    -------------------
    SLICE_X32Y206        FDCE (Prop_fdce_C_Q)         0.223    -2.329 r  student_top_inst/Core_cpu/pc_inst/reg_pc_reg[3]_replica/Q
                         net (fo=185, routed)         0.832    -1.497    student_top_inst/Mem_IROM/U0/synth_options.dist_mem_inst/gen_rom.rom_inst/Q[3]_repN_alias
    SLICE_X33Y201        LUT3 (Prop_lut3_I2_O)        0.054    -1.443 r  student_top_inst/Mem_IROM/U0/synth_options.dist_mem_inst/gen_rom.rom_inst/spo[30]_INST_0_i_44/O
                         net (fo=4, routed)           0.650    -0.794    student_top_inst/Mem_IROM/U0/synth_options.dist_mem_inst/gen_rom.rom_inst/spo[30]_INST_0_i_44_n_0
    SLICE_X28Y204        LUT6 (Prop_lut6_I2_O)        0.137    -0.657 r  student_top_inst/Mem_IROM/U0/synth_options.dist_mem_inst/gen_rom.rom_inst/spo[18]_INST_0_i_12/O
                         net (fo=1, routed)           0.452    -0.205    student_top_inst/Mem_IROM/U0/synth_options.dist_mem_inst/gen_rom.rom_inst/spo[18]_INST_0_i_12_n_0
    SLICE_X29Y209        LUT6 (Prop_lut6_I2_O)        0.043    -0.162 r  student_top_inst/Mem_IROM/U0/synth_options.dist_mem_inst/gen_rom.rom_inst/spo[18]_INST_0_i_3/O
                         net (fo=1, routed)           0.331     0.169    student_top_inst/Mem_IROM/U0/synth_options.dist_mem_inst/gen_rom.rom_inst/spo[18]_INST_0_i_3_n_0
    SLICE_X28Y212        LUT6 (Prop_lut6_I3_O)        0.043     0.212 r  student_top_inst/Mem_IROM/U0/synth_options.dist_mem_inst/gen_rom.rom_inst/spo[18]_INST_0/O
                         net (fo=68, routed)          1.091     1.304    student_top_inst/Core_cpu/rf_inst/reg_bank_reg[0][31]_0[18]
    SLICE_X4Y210         MUXF8 (Prop_muxf8_S_O)       0.141     1.445 r  student_top_inst/Core_cpu/rf_inst/mepc_reg[19]_i_3/O
                         net (fo=1, routed)           1.008     2.453    student_top_inst/Core_cpu/rf_inst_n_272
    SLICE_X26Y218        LUT5 (Prop_lut5_I1_O)        0.126     2.579 r  student_top_inst/Core_cpu/mepc[19]_i_2/O
                         net (fo=16, routed)          1.025     3.604    student_top_inst/Core_cpu/rf_inst/A[19]
    SLICE_X44Y222        LUT5 (Prop_lut5_I0_O)        0.051     3.655 r  student_top_inst/Core_cpu/rf_inst/Mem_DRAM_i_306/O
                         net (fo=4, routed)           0.419     4.073    student_top_inst/Core_cpu/rf_inst/Mem_DRAM_i_306_n_0
    SLICE_X43Y224        LUT3 (Prop_lut3_I0_O)        0.145     4.218 r  student_top_inst/Core_cpu/rf_inst/Mem_DRAM_i_223/O
                         net (fo=2, routed)           0.436     4.654    student_top_inst/Core_cpu/rf_inst/Mem_DRAM_i_223_n_0
    SLICE_X45Y224        LUT6 (Prop_lut6_I0_O)        0.136     4.790 r  student_top_inst/Core_cpu/rf_inst/Mem_DRAM_i_117/O
                         net (fo=1, routed)           0.600     5.390    student_top_inst/Core_cpu/rf_inst/alu_inst/srl_result[4]
    SLICE_X53Y224        LUT6 (Prop_lut6_I2_O)        0.043     5.433 r  student_top_inst/Core_cpu/rf_inst/Mem_DRAM_i_14/O
                         net (fo=32822, routed)       3.208     8.641    student_top_inst/bridge_inst/dram_driver_inst/Mem_DRAM/U0/synth_options.dist_mem_inst/gen_sp_ram.spram_inst/ram_reg_65024_65279_31_31/A2
    SLICE_X136Y135       RAMS64E (Prop_rams64e_ADR2_O)
                                                      0.373     9.014 r  student_top_inst/bridge_inst/dram_driver_inst/Mem_DRAM/U0/synth_options.dist_mem_inst/gen_sp_ram.spram_inst/ram_reg_65024_65279_31_31/RAMS64E_C/O
                         net (fo=1, routed)           0.000     9.014    student_top_inst/bridge_inst/dram_driver_inst/Mem_DRAM/U0/synth_options.dist_mem_inst/gen_sp_ram.spram_inst/ram_reg_65024_65279_31_31/OC
    SLICE_X136Y135       MUXF7 (Prop_muxf7_I1_O)      0.117     9.131 r  student_top_inst/bridge_inst/dram_driver_inst/Mem_DRAM/U0/synth_options.dist_mem_inst/gen_sp_ram.spram_inst/ram_reg_65024_65279_31_31/F7.B/O
                         net (fo=1, routed)           0.000     9.131    student_top_inst/bridge_inst/dram_driver_inst/Mem_DRAM/U0/synth_options.dist_mem_inst/gen_sp_ram.spram_inst/ram_reg_65024_65279_31_31/O0
    SLICE_X136Y135       MUXF8 (Prop_muxf8_I0_O)      0.046     9.177 r  student_top_inst/bridge_inst/dram_driver_inst/Mem_DRAM/U0/synth_options.dist_mem_inst/gen_sp_ram.spram_inst/ram_reg_65024_65279_31_31/F8/O
                         net (fo=1, routed)           0.796     9.973    student_top_inst/bridge_inst/dram_driver_inst/Mem_DRAM/U0/synth_options.dist_mem_inst/gen_sp_ram.spram_inst/ram_reg_65024_65279_31_31_n_0
    SLICE_X133Y145       LUT6 (Prop_lut6_I1_O)        0.125    10.098 r  student_top_inst/bridge_inst/dram_driver_inst/Mem_DRAM/U0/synth_options.dist_mem_inst/gen_sp_ram.spram_inst/spo[31]_INST_0_i_106/O
                         net (fo=1, routed)           0.000    10.098    student_top_inst/bridge_inst/dram_driver_inst/Mem_DRAM/U0/synth_options.dist_mem_inst/gen_sp_ram.spram_inst/spo[31]_INST_0_i_106_n_0
    SLICE_X133Y145       MUXF7 (Prop_muxf7_I1_O)      0.108    10.206 r  student_top_inst/bridge_inst/dram_driver_inst/Mem_DRAM/U0/synth_options.dist_mem_inst/gen_sp_ram.spram_inst/spo[31]_INST_0_i_48/O
                         net (fo=1, routed)           0.000    10.206    student_top_inst/bridge_inst/dram_driver_inst/Mem_DRAM/U0/synth_options.dist_mem_inst/gen_sp_ram.spram_inst/spo[31]_INST_0_i_48_n_0
    SLICE_X133Y145       MUXF8 (Prop_muxf8_I1_O)      0.043    10.249 r  student_top_inst/bridge_inst/dram_driver_inst/Mem_DRAM/U0/synth_options.dist_mem_inst/gen_sp_ram.spram_inst/spo[31]_INST_0_i_19/O
                         net (fo=1, routed)           1.098    11.347    student_top_inst/bridge_inst/dram_driver_inst/Mem_DRAM/U0/synth_options.dist_mem_inst/gen_sp_ram.spram_inst/spo[31]_INST_0_i_19_n_0
    SLICE_X121Y164       LUT6 (Prop_lut6_I0_O)        0.126    11.473 r  student_top_inst/bridge_inst/dram_driver_inst/Mem_DRAM/U0/synth_options.dist_mem_inst/gen_sp_ram.spram_inst/spo[31]_INST_0_i_6/O
                         net (fo=1, routed)           0.000    11.473    student_top_inst/bridge_inst/dram_driver_inst/Mem_DRAM/U0/synth_options.dist_mem_inst/gen_sp_ram.spram_inst/spo[31]_INST_0_i_6_n_0
    SLICE_X121Y164       MUXF7 (Prop_muxf7_I1_O)      0.108    11.581 r  student_top_inst/bridge_inst/dram_driver_inst/Mem_DRAM/U0/synth_options.dist_mem_inst/gen_sp_ram.spram_inst/spo[31]_INST_0_i_2/O
                         net (fo=1, routed)           0.000    11.581    student_top_inst/bridge_inst/dram_driver_inst/Mem_DRAM/U0/synth_options.dist_mem_inst/gen_sp_ram.spram_inst/spo[31]_INST_0_i_2_n_0
    SLICE_X121Y164       MUXF8 (Prop_muxf8_I1_O)      0.043    11.624 r  student_top_inst/bridge_inst/dram_driver_inst/Mem_DRAM/U0/synth_options.dist_mem_inst/gen_sp_ram.spram_inst/spo[31]_INST_0/O
                         net (fo=6, routed)           2.696    14.320    student_top_inst/bridge_inst/dram_driver_inst/spo[31]
    SLICE_X32Y234        LUT4 (Prop_lut4_I3_O)        0.126    14.446 f  student_top_inst/bridge_inst/dram_driver_inst/reg_bank[31][31]_i_47/O
                         net (fo=1, routed)           0.242    14.688    student_top_inst/Core_cpu/rf_inst/reg_bank[31][31]_i_6_0
    SLICE_X32Y235        LUT6 (Prop_lut6_I4_O)        0.043    14.731 r  student_top_inst/Core_cpu/rf_inst/reg_bank[31][31]_i_24/O
                         net (fo=16, routed)          0.368    15.099    student_top_inst/Core_cpu/rf_inst/reg_bank[31][31]_i_24_n_0
    SLICE_X31Y236        LUT6 (Prop_lut6_I4_O)        0.043    15.142 r  student_top_inst/Core_cpu/rf_inst/reg_bank[31][19]_i_3/O
                         net (fo=1, routed)           0.704    15.846    student_top_inst/Core_cpu/rf_inst/reg_bank[31][19]_i_3_n_0
    SLICE_X31Y222        LUT6 (Prop_lut6_I2_O)        0.043    15.889 r  student_top_inst/Core_cpu/rf_inst/reg_bank[31][19]_i_1/O
                         net (fo=32, routed)          1.266    17.155    student_top_inst/Core_cpu/rf_inst/wdata[19]
    SLICE_X0Y214         FDCE                                         r  student_top_inst/Core_cpu/rf_inst/reg_bank_reg[0][19]/D
  -------------------------------------------------------------------    -------------------

                         (clock clk_out2_pll rise edge)
                                                     20.000    20.000 r  
    AD12                                              0.000    20.000 r  i_sys_clk_p (IN)
                         net (fo=0)                   0.000    20.000    pll_inst/inst/clk_in1_p
    AD12                 IBUFDS (Prop_ibufds_I_O)     0.803    20.803 r  pll_inst/inst/clkin1_ibufgds/O
                         net (fo=1, routed)           1.001    21.804    pll_inst/inst/clk_in1_pll
    PLLE2_ADV_X1Y1       PLLE2_ADV (Prop_plle2_adv_CLKIN1_CLKOUT1)
                                                     -7.261    14.543 r  pll_inst/inst/plle2_adv_inst/CLKOUT1
                         net (fo=1, routed)           2.003    16.546    pll_inst/inst/clk_out2_pll
    BUFGCTRL_X0Y0        BUFG (Prop_bufg_I_O)         0.083    16.629 r  pll_inst/inst/clkout2_buf/O
                         net (fo=34220, routed)       1.201    17.830    student_top_inst/Core_cpu/rf_inst/CLK
    SLICE_X0Y214         FDCE                                         r  student_top_inst/Core_cpu/rf_inst/reg_bank_reg[0][19]/C
                         clock pessimism             -0.370    17.461    
                         clock uncertainty           -0.105    17.355    
    SLICE_X0Y214         FDCE (Setup_fdce_C_D)       -0.019    17.336    student_top_inst/Core_cpu/rf_inst/reg_bank_reg[0][19]
  -------------------------------------------------------------------
                         required time                         17.336    
                         arrival time                         -17.155    
  -------------------------------------------------------------------
                         slack                                  0.182    

Slack (MET) :             0.186ns  (required time - arrival time)
  Source:                 student_top_inst/Core_cpu/pc_inst/reg_pc_reg[3]_replica/C
                            (rising edge-triggered cell FDCE clocked by clk_out2_pll  {rise@0.000ns fall@10.000ns period=20.000ns})
  Destination:            student_top_inst/Core_cpu/rf_inst/reg_bank_reg[3][19]/D
                            (rising edge-triggered cell FDCE clocked by clk_out2_pll  {rise@0.000ns fall@10.000ns period=20.000ns})
  Path Group:             clk_out2_pll
  Path Type:              Setup (Max at Slow Process Corner)
  Requirement:            20.000ns  (clk_out2_pll rise@20.000ns - clk_out2_pll rise@0.000ns)
  Data Path Delay:        19.713ns  (logic 2.486ns (12.610%)  route 17.227ns (87.390%))
  Logic Levels:           23  (LUT3=2 LUT4=1 LUT5=2 LUT6=10 MUXF7=3 MUXF8=4 RAMS64E=1)
  Clock Path Skew:        0.014ns (DCD - SCD + CPR)
    Destination Clock Delay (DCD):    -2.169ns = ( 17.831 - 20.000 ) 
    Source Clock Delay      (SCD):    -2.552ns
    Clock Pessimism Removal (CPR):    -0.370ns
  Clock Uncertainty:      0.105ns  ((TSJ^2 + DJ^2)^1/2) / 2 + PE
    Total System Jitter     (TSJ):    0.071ns
    Discrete Jitter          (DJ):    0.198ns
    Phase Error              (PE):    0.000ns

    Location             Delay type                Incr(ns)  Path(ns)    Netlist Resource(s)
  -------------------------------------------------------------------    -------------------
                         (clock clk_out2_pll rise edge)
                                                      0.000     0.000 r  
    AD12                                              0.000     0.000 r  i_sys_clk_p (IN)
                         net (fo=0)                   0.000     0.000    pll_inst/inst/clk_in1_p
    AD12                 IBUFDS (Prop_ibufds_I_O)     0.906     0.906 r  pll_inst/inst/clkin1_ibufgds/O
                         net (fo=1, routed)           1.098     2.004    pll_inst/inst/clk_in1_pll
    PLLE2_ADV_X1Y1       PLLE2_ADV (Prop_plle2_adv_CLKIN1_CLKOUT1)
                                                     -8.058    -6.054 r  pll_inst/inst/plle2_adv_inst/CLKOUT1
                         net (fo=1, routed)           2.128    -3.926    pll_inst/inst/clk_out2_pll
    BUFGCTRL_X0Y0        BUFG (Prop_bufg_I_O)         0.093    -3.833 r  pll_inst/inst/clkout2_buf/O
                         net (fo=34220, routed)       1.281    -2.552    student_top_inst/Core_cpu/pc_inst/CLK
    SLICE_X32Y206        FDCE                                         r  student_top_inst/Core_cpu/pc_inst/reg_pc_reg[3]_replica/C
  -------------------------------------------------------------------    -------------------
    SLICE_X32Y206        FDCE (Prop_fdce_C_Q)         0.223    -2.329 r  student_top_inst/Core_cpu/pc_inst/reg_pc_reg[3]_replica/Q
                         net (fo=185, routed)         0.832    -1.497    student_top_inst/Mem_IROM/U0/synth_options.dist_mem_inst/gen_rom.rom_inst/Q[3]_repN_alias
    SLICE_X33Y201        LUT3 (Prop_lut3_I2_O)        0.054    -1.443 r  student_top_inst/Mem_IROM/U0/synth_options.dist_mem_inst/gen_rom.rom_inst/spo[30]_INST_0_i_44/O
                         net (fo=4, routed)           0.650    -0.794    student_top_inst/Mem_IROM/U0/synth_options.dist_mem_inst/gen_rom.rom_inst/spo[30]_INST_0_i_44_n_0
    SLICE_X28Y204        LUT6 (Prop_lut6_I2_O)        0.137    -0.657 r  student_top_inst/Mem_IROM/U0/synth_options.dist_mem_inst/gen_rom.rom_inst/spo[18]_INST_0_i_12/O
                         net (fo=1, routed)           0.452    -0.205    student_top_inst/Mem_IROM/U0/synth_options.dist_mem_inst/gen_rom.rom_inst/spo[18]_INST_0_i_12_n_0
    SLICE_X29Y209        LUT6 (Prop_lut6_I2_O)        0.043    -0.162 r  student_top_inst/Mem_IROM/U0/synth_options.dist_mem_inst/gen_rom.rom_inst/spo[18]_INST_0_i_3/O
                         net (fo=1, routed)           0.331     0.169    student_top_inst/Mem_IROM/U0/synth_options.dist_mem_inst/gen_rom.rom_inst/spo[18]_INST_0_i_3_n_0
    SLICE_X28Y212        LUT6 (Prop_lut6_I3_O)        0.043     0.212 r  student_top_inst/Mem_IROM/U0/synth_options.dist_mem_inst/gen_rom.rom_inst/spo[18]_INST_0/O
                         net (fo=68, routed)          1.091     1.304    student_top_inst/Core_cpu/rf_inst/reg_bank_reg[0][31]_0[18]
    SLICE_X4Y210         MUXF8 (Prop_muxf8_S_O)       0.141     1.445 r  student_top_inst/Core_cpu/rf_inst/mepc_reg[19]_i_3/O
                         net (fo=1, routed)           1.008     2.453    student_top_inst/Core_cpu/rf_inst_n_272
    SLICE_X26Y218        LUT5 (Prop_lut5_I1_O)        0.126     2.579 r  student_top_inst/Core_cpu/mepc[19]_i_2/O
                         net (fo=16, routed)          1.025     3.604    student_top_inst/Core_cpu/rf_inst/A[19]
    SLICE_X44Y222        LUT5 (Prop_lut5_I0_O)        0.051     3.655 r  student_top_inst/Core_cpu/rf_inst/Mem_DRAM_i_306/O
                         net (fo=4, routed)           0.419     4.073    student_top_inst/Core_cpu/rf_inst/Mem_DRAM_i_306_n_0
    SLICE_X43Y224        LUT3 (Prop_lut3_I0_O)        0.145     4.218 r  student_top_inst/Core_cpu/rf_inst/Mem_DRAM_i_223/O
                         net (fo=2, routed)           0.436     4.654    student_top_inst/Core_cpu/rf_inst/Mem_DRAM_i_223_n_0
    SLICE_X45Y224        LUT6 (Prop_lut6_I0_O)        0.136     4.790 r  student_top_inst/Core_cpu/rf_inst/Mem_DRAM_i_117/O
                         net (fo=1, routed)           0.600     5.390    student_top_inst/Core_cpu/rf_inst/alu_inst/srl_result[4]
    SLICE_X53Y224        LUT6 (Prop_lut6_I2_O)        0.043     5.433 r  student_top_inst/Core_cpu/rf_inst/Mem_DRAM_i_14/O
                         net (fo=32822, routed)       3.208     8.641    student_top_inst/bridge_inst/dram_driver_inst/Mem_DRAM/U0/synth_options.dist_mem_inst/gen_sp_ram.spram_inst/ram_reg_65024_65279_31_31/A2
    SLICE_X136Y135       RAMS64E (Prop_rams64e_ADR2_O)
                                                      0.373     9.014 r  student_top_inst/bridge_inst/dram_driver_inst/Mem_DRAM/U0/synth_options.dist_mem_inst/gen_sp_ram.spram_inst/ram_reg_65024_65279_31_31/RAMS64E_C/O
                         net (fo=1, routed)           0.000     9.014    student_top_inst/bridge_inst/dram_driver_inst/Mem_DRAM/U0/synth_options.dist_mem_inst/gen_sp_ram.spram_inst/ram_reg_65024_65279_31_31/OC
    SLICE_X136Y135       MUXF7 (Prop_muxf7_I1_O)      0.117     9.131 r  student_top_inst/bridge_inst/dram_driver_inst/Mem_DRAM/U0/synth_options.dist_mem_inst/gen_sp_ram.spram_inst/ram_reg_65024_65279_31_31/F7.B/O
                         net (fo=1, routed)           0.000     9.131    student_top_inst/bridge_inst/dram_driver_inst/Mem_DRAM/U0/synth_options.dist_mem_inst/gen_sp_ram.spram_inst/ram_reg_65024_65279_31_31/O0
    SLICE_X136Y135       MUXF8 (Prop_muxf8_I0_O)      0.046     9.177 r  student_top_inst/bridge_inst/dram_driver_inst/Mem_DRAM/U0/synth_options.dist_mem_inst/gen_sp_ram.spram_inst/ram_reg_65024_65279_31_31/F8/O
                         net (fo=1, routed)           0.796     9.973    student_top_inst/bridge_inst/dram_driver_inst/Mem_DRAM/U0/synth_options.dist_mem_inst/gen_sp_ram.spram_inst/ram_reg_65024_65279_31_31_n_0
    SLICE_X133Y145       LUT6 (Prop_lut6_I1_O)        0.125    10.098 r  student_top_inst/bridge_inst/dram_driver_inst/Mem_DRAM/U0/synth_options.dist_mem_inst/gen_sp_ram.spram_inst/spo[31]_INST_0_i_106/O
                         net (fo=1, routed)           0.000    10.098    student_top_inst/bridge_inst/dram_driver_inst/Mem_DRAM/U0/synth_options.dist_mem_inst/gen_sp_ram.spram_inst/spo[31]_INST_0_i_106_n_0
    SLICE_X133Y145       MUXF7 (Prop_muxf7_I1_O)      0.108    10.206 r  student_top_inst/bridge_inst/dram_driver_inst/Mem_DRAM/U0/synth_options.dist_mem_inst/gen_sp_ram.spram_inst/spo[31]_INST_0_i_48/O
                         net (fo=1, routed)           0.000    10.206    student_top_inst/bridge_inst/dram_driver_inst/Mem_DRAM/U0/synth_options.dist_mem_inst/gen_sp_ram.spram_inst/spo[31]_INST_0_i_48_n_0
    SLICE_X133Y145       MUXF8 (Prop_muxf8_I1_O)      0.043    10.249 r  student_top_inst/bridge_inst/dram_driver_inst/Mem_DRAM/U0/synth_options.dist_mem_inst/gen_sp_ram.spram_inst/spo[31]_INST_0_i_19/O
                         net (fo=1, routed)           1.098    11.347    student_top_inst/bridge_inst/dram_driver_inst/Mem_DRAM/U0/synth_options.dist_mem_inst/gen_sp_ram.spram_inst/spo[31]_INST_0_i_19_n_0
    SLICE_X121Y164       LUT6 (Prop_lut6_I0_O)        0.126    11.473 r  student_top_inst/bridge_inst/dram_driver_inst/Mem_DRAM/U0/synth_options.dist_mem_inst/gen_sp_ram.spram_inst/spo[31]_INST_0_i_6/O
                         net (fo=1, routed)           0.000    11.473    student_top_inst/bridge_inst/dram_driver_inst/Mem_DRAM/U0/synth_options.dist_mem_inst/gen_sp_ram.spram_inst/spo[31]_INST_0_i_6_n_0
    SLICE_X121Y164       MUXF7 (Prop_muxf7_I1_O)      0.108    11.581 r  student_top_inst/bridge_inst/dram_driver_inst/Mem_DRAM/U0/synth_options.dist_mem_inst/gen_sp_ram.spram_inst/spo[31]_INST_0_i_2/O
                         net (fo=1, routed)           0.000    11.581    student_top_inst/bridge_inst/dram_driver_inst/Mem_DRAM/U0/synth_options.dist_mem_inst/gen_sp_ram.spram_inst/spo[31]_INST_0_i_2_n_0
    SLICE_X121Y164       MUXF8 (Prop_muxf8_I1_O)      0.043    11.624 r  student_top_inst/bridge_inst/dram_driver_inst/Mem_DRAM/U0/synth_options.dist_mem_inst/gen_sp_ram.spram_inst/spo[31]_INST_0/O
                         net (fo=6, routed)           2.696    14.320    student_top_inst/bridge_inst/dram_driver_inst/spo[31]
    SLICE_X32Y234        LUT4 (Prop_lut4_I3_O)        0.126    14.446 f  student_top_inst/bridge_inst/dram_driver_inst/reg_bank[31][31]_i_47/O
                         net (fo=1, routed)           0.242    14.688    student_top_inst/Core_cpu/rf_inst/reg_bank[31][31]_i_6_0
    SLICE_X32Y235        LUT6 (Prop_lut6_I4_O)        0.043    14.731 r  student_top_inst/Core_cpu/rf_inst/reg_bank[31][31]_i_24/O
                         net (fo=16, routed)          0.368    15.099    student_top_inst/Core_cpu/rf_inst/reg_bank[31][31]_i_24_n_0
    SLICE_X31Y236        LUT6 (Prop_lut6_I4_O)        0.043    15.142 r  student_top_inst/Core_cpu/rf_inst/reg_bank[31][19]_i_3/O
                         net (fo=1, routed)           0.704    15.846    student_top_inst/Core_cpu/rf_inst/reg_bank[31][19]_i_3_n_0
    SLICE_X31Y222        LUT6 (Prop_lut6_I2_O)        0.043    15.889 r  student_top_inst/Core_cpu/rf_inst/reg_bank[31][19]_i_1/O
                         net (fo=32, routed)          1.272    17.161    student_top_inst/Core_cpu/rf_inst/wdata[19]
    SLICE_X3Y213         FDCE                                         r  student_top_inst/Core_cpu/rf_inst/reg_bank_reg[3][19]/D
  -------------------------------------------------------------------    -------------------

                         (clock clk_out2_pll rise edge)
                                                     20.000    20.000 r  
    AD12                                              0.000    20.000 r  i_sys_clk_p (IN)
                         net (fo=0)                   0.000    20.000    pll_inst/inst/clk_in1_p
    AD12                 IBUFDS (Prop_ibufds_I_O)     0.803    20.803 r  pll_inst/inst/clkin1_ibufgds/O
                         net (fo=1, routed)           1.001    21.804    pll_inst/inst/clk_in1_pll
    PLLE2_ADV_X1Y1       PLLE2_ADV (Prop_plle2_adv_CLKIN1_CLKOUT1)
                                                     -7.261    14.543 r  pll_inst/inst/plle2_adv_inst/CLKOUT1
                         net (fo=1, routed)           2.003    16.546    pll_inst/inst/clk_out2_pll
    BUFGCTRL_X0Y0        BUFG (Prop_bufg_I_O)         0.083    16.629 r  pll_inst/inst/clkout2_buf/O
                         net (fo=34220, routed)       1.202    17.831    student_top_inst/Core_cpu/rf_inst/CLK
    SLICE_X3Y213         FDCE                                         r  student_top_inst/Core_cpu/rf_inst/reg_bank_reg[3][19]/C
                         clock pessimism             -0.370    17.462    
                         clock uncertainty           -0.105    17.356    
    SLICE_X3Y213         FDCE (Setup_fdce_C_D)       -0.009    17.347    student_top_inst/Core_cpu/rf_inst/reg_bank_reg[3][19]
  -------------------------------------------------------------------
                         required time                         17.347    
                         arrival time                         -17.161    
  -------------------------------------------------------------------
                         slack                                  0.186    

Slack (MET) :             0.208ns  (required time - arrival time)
  Source:                 student_top_inst/Core_cpu/pc_inst/reg_pc_reg[3]_replica/C
                            (rising edge-triggered cell FDCE clocked by clk_out2_pll  {rise@0.000ns fall@10.000ns period=20.000ns})
  Destination:            student_top_inst/Core_cpu/rf_inst/reg_bank_reg[17][19]/D
                            (rising edge-triggered cell FDCE clocked by clk_out2_pll  {rise@0.000ns fall@10.000ns period=20.000ns})
  Path Group:             clk_out2_pll
  Path Type:              Setup (Max at Slow Process Corner)
  Requirement:            20.000ns  (clk_out2_pll rise@20.000ns - clk_out2_pll rise@0.000ns)
  Data Path Delay:        19.680ns  (logic 2.486ns (12.632%)  route 17.194ns (87.368%))
  Logic Levels:           23  (LUT3=2 LUT4=1 LUT5=2 LUT6=10 MUXF7=3 MUXF8=4 RAMS64E=1)
  Clock Path Skew:        0.016ns (DCD - SCD + CPR)
    Destination Clock Delay (DCD):    -2.167ns = ( 17.833 - 20.000 ) 
    Source Clock Delay      (SCD):    -2.552ns
    Clock Pessimism Removal (CPR):    -0.370ns
  Clock Uncertainty:      0.105ns  ((TSJ^2 + DJ^2)^1/2) / 2 + PE
    Total System Jitter     (TSJ):    0.071ns
    Discrete Jitter          (DJ):    0.198ns
    Phase Error              (PE):    0.000ns

    Location             Delay type                Incr(ns)  Path(ns)    Netlist Resource(s)
  -------------------------------------------------------------------    -------------------
                         (clock clk_out2_pll rise edge)
                                                      0.000     0.000 r  
    AD12                                              0.000     0.000 r  i_sys_clk_p (IN)
                         net (fo=0)                   0.000     0.000    pll_inst/inst/clk_in1_p
    AD12                 IBUFDS (Prop_ibufds_I_O)     0.906     0.906 r  pll_inst/inst/clkin1_ibufgds/O
                         net (fo=1, routed)           1.098     2.004    pll_inst/inst/clk_in1_pll
    PLLE2_ADV_X1Y1       PLLE2_ADV (Prop_plle2_adv_CLKIN1_CLKOUT1)
                                                     -8.058    -6.054 r  pll_inst/inst/plle2_adv_inst/CLKOUT1
                         net (fo=1, routed)           2.128    -3.926    pll_inst/inst/clk_out2_pll
    BUFGCTRL_X0Y0        BUFG (Prop_bufg_I_O)         0.093    -3.833 r  pll_inst/inst/clkout2_buf/O
                         net (fo=34220, routed)       1.281    -2.552    student_top_inst/Core_cpu/pc_inst/CLK
    SLICE_X32Y206        FDCE                                         r  student_top_inst/Core_cpu/pc_inst/reg_pc_reg[3]_replica/C
  -------------------------------------------------------------------    -------------------
    SLICE_X32Y206        FDCE (Prop_fdce_C_Q)         0.223    -2.329 r  student_top_inst/Core_cpu/pc_inst/reg_pc_reg[3]_replica/Q
                         net (fo=185, routed)         0.832    -1.497    student_top_inst/Mem_IROM/U0/synth_options.dist_mem_inst/gen_rom.rom_inst/Q[3]_repN_alias
    SLICE_X33Y201        LUT3 (Prop_lut3_I2_O)        0.054    -1.443 r  student_top_inst/Mem_IROM/U0/synth_options.dist_mem_inst/gen_rom.rom_inst/spo[30]_INST_0_i_44/O
                         net (fo=4, routed)           0.650    -0.794    student_top_inst/Mem_IROM/U0/synth_options.dist_mem_inst/gen_rom.rom_inst/spo[30]_INST_0_i_44_n_0
    SLICE_X28Y204        LUT6 (Prop_lut6_I2_O)        0.137    -0.657 r  student_top_inst/Mem_IROM/U0/synth_options.dist_mem_inst/gen_rom.rom_inst/spo[18]_INST_0_i_12/O
                         net (fo=1, routed)           0.452    -0.205    student_top_inst/Mem_IROM/U0/synth_options.dist_mem_inst/gen_rom.rom_inst/spo[18]_INST_0_i_12_n_0
    SLICE_X29Y209        LUT6 (Prop_lut6_I2_O)        0.043    -0.162 r  student_top_inst/Mem_IROM/U0/synth_options.dist_mem_inst/gen_rom.rom_inst/spo[18]_INST_0_i_3/O
                         net (fo=1, routed)           0.331     0.169    student_top_inst/Mem_IROM/U0/synth_options.dist_mem_inst/gen_rom.rom_inst/spo[18]_INST_0_i_3_n_0
    SLICE_X28Y212        LUT6 (Prop_lut6_I3_O)        0.043     0.212 r  student_top_inst/Mem_IROM/U0/synth_options.dist_mem_inst/gen_rom.rom_inst/spo[18]_INST_0/O
                         net (fo=68, routed)          1.091     1.304    student_top_inst/Core_cpu/rf_inst/reg_bank_reg[0][31]_0[18]
    SLICE_X4Y210         MUXF8 (Prop_muxf8_S_O)       0.141     1.445 r  student_top_inst/Core_cpu/rf_inst/mepc_reg[19]_i_3/O
                         net (fo=1, routed)           1.008     2.453    student_top_inst/Core_cpu/rf_inst_n_272
    SLICE_X26Y218        LUT5 (Prop_lut5_I1_O)        0.126     2.579 r  student_top_inst/Core_cpu/mepc[19]_i_2/O
                         net (fo=16, routed)          1.025     3.604    student_top_inst/Core_cpu/rf_inst/A[19]
    SLICE_X44Y222        LUT5 (Prop_lut5_I0_O)        0.051     3.655 r  student_top_inst/Core_cpu/rf_inst/Mem_DRAM_i_306/O
                         net (fo=4, routed)           0.419     4.073    student_top_inst/Core_cpu/rf_inst/Mem_DRAM_i_306_n_0
    SLICE_X43Y224        LUT3 (Prop_lut3_I0_O)        0.145     4.218 r  student_top_inst/Core_cpu/rf_inst/Mem_DRAM_i_223/O
                         net (fo=2, routed)           0.436     4.654    student_top_inst/Core_cpu/rf_inst/Mem_DRAM_i_223_n_0
    SLICE_X45Y224        LUT6 (Prop_lut6_I0_O)        0.136     4.790 r  student_top_inst/Core_cpu/rf_inst/Mem_DRAM_i_117/O
                         net (fo=1, routed)           0.600     5.390    student_top_inst/Core_cpu/rf_inst/alu_inst/srl_result[4]
    SLICE_X53Y224        LUT6 (Prop_lut6_I2_O)        0.043     5.433 r  student_top_inst/Core_cpu/rf_inst/Mem_DRAM_i_14/O
                         net (fo=32822, routed)       3.208     8.641    student_top_inst/bridge_inst/dram_driver_inst/Mem_DRAM/U0/synth_options.dist_mem_inst/gen_sp_ram.spram_inst/ram_reg_65024_65279_31_31/A2
    SLICE_X136Y135       RAMS64E (Prop_rams64e_ADR2_O)
                                                      0.373     9.014 r  student_top_inst/bridge_inst/dram_driver_inst/Mem_DRAM/U0/synth_options.dist_mem_inst/gen_sp_ram.spram_inst/ram_reg_65024_65279_31_31/RAMS64E_C/O
                         net (fo=1, routed)           0.000     9.014    student_top_inst/bridge_inst/dram_driver_inst/Mem_DRAM/U0/synth_options.dist_mem_inst/gen_sp_ram.spram_inst/ram_reg_65024_65279_31_31/OC
    SLICE_X136Y135       MUXF7 (Prop_muxf7_I1_O)      0.117     9.131 r  student_top_inst/bridge_inst/dram_driver_inst/Mem_DRAM/U0/synth_options.dist_mem_inst/gen_sp_ram.spram_inst/ram_reg_65024_65279_31_31/F7.B/O
                         net (fo=1, routed)           0.000     9.131    student_top_inst/bridge_inst/dram_driver_inst/Mem_DRAM/U0/synth_options.dist_mem_inst/gen_sp_ram.spram_inst/ram_reg_65024_65279_31_31/O0
    SLICE_X136Y135       MUXF8 (Prop_muxf8_I0_O)      0.046     9.177 r  student_top_inst/bridge_inst/dram_driver_inst/Mem_DRAM/U0/synth_options.dist_mem_inst/gen_sp_ram.spram_inst/ram_reg_65024_65279_31_31/F8/O
                         net (fo=1, routed)           0.796     9.973    student_top_inst/bridge_inst/dram_driver_inst/Mem_DRAM/U0/synth_options.dist_mem_inst/gen_sp_ram.spram_inst/ram_reg_65024_65279_31_31_n_0
    SLICE_X133Y145       LUT6 (Prop_lut6_I1_O)        0.125    10.098 r  student_top_inst/bridge_inst/dram_driver_inst/Mem_DRAM/U0/synth_options.dist_mem_inst/gen_sp_ram.spram_inst/spo[31]_INST_0_i_106/O
                         net (fo=1, routed)           0.000    10.098    student_top_inst/bridge_inst/dram_driver_inst/Mem_DRAM/U0/synth_options.dist_mem_inst/gen_sp_ram.spram_inst/spo[31]_INST_0_i_106_n_0
    SLICE_X133Y145       MUXF7 (Prop_muxf7_I1_O)      0.108    10.206 r  student_top_inst/bridge_inst/dram_driver_inst/Mem_DRAM/U0/synth_options.dist_mem_inst/gen_sp_ram.spram_inst/spo[31]_INST_0_i_48/O
                         net (fo=1, routed)           0.000    10.206    student_top_inst/bridge_inst/dram_driver_inst/Mem_DRAM/U0/synth_options.dist_mem_inst/gen_sp_ram.spram_inst/spo[31]_INST_0_i_48_n_0
    SLICE_X133Y145       MUXF8 (Prop_muxf8_I1_O)      0.043    10.249 r  student_top_inst/bridge_inst/dram_driver_inst/Mem_DRAM/U0/synth_options.dist_mem_inst/gen_sp_ram.spram_inst/spo[31]_INST_0_i_19/O
                         net (fo=1, routed)           1.098    11.347    student_top_inst/bridge_inst/dram_driver_inst/Mem_DRAM/U0/synth_options.dist_mem_inst/gen_sp_ram.spram_inst/spo[31]_INST_0_i_19_n_0
    SLICE_X121Y164       LUT6 (Prop_lut6_I0_O)        0.126    11.473 r  student_top_inst/bridge_inst/dram_driver_inst/Mem_DRAM/U0/synth_options.dist_mem_inst/gen_sp_ram.spram_inst/spo[31]_INST_0_i_6/O
                         net (fo=1, routed)           0.000    11.473    student_top_inst/bridge_inst/dram_driver_inst/Mem_DRAM/U0/synth_options.dist_mem_inst/gen_sp_ram.spram_inst/spo[31]_INST_0_i_6_n_0
    SLICE_X121Y164       MUXF7 (Prop_muxf7_I1_O)      0.108    11.581 r  student_top_inst/bridge_inst/dram_driver_inst/Mem_DRAM/U0/synth_options.dist_mem_inst/gen_sp_ram.spram_inst/spo[31]_INST_0_i_2/O
                         net (fo=1, routed)           0.000    11.581    student_top_inst/bridge_inst/dram_driver_inst/Mem_DRAM/U0/synth_options.dist_mem_inst/gen_sp_ram.spram_inst/spo[31]_INST_0_i_2_n_0
    SLICE_X121Y164       MUXF8 (Prop_muxf8_I1_O)      0.043    11.624 r  student_top_inst/bridge_inst/dram_driver_inst/Mem_DRAM/U0/synth_options.dist_mem_inst/gen_sp_ram.spram_inst/spo[31]_INST_0/O
                         net (fo=6, routed)           2.696    14.320    student_top_inst/bridge_inst/dram_driver_inst/spo[31]
    SLICE_X32Y234        LUT4 (Prop_lut4_I3_O)        0.126    14.446 f  student_top_inst/bridge_inst/dram_driver_inst/reg_bank[31][31]_i_47/O
                         net (fo=1, routed)           0.242    14.688    student_top_inst/Core_cpu/rf_inst/reg_bank[31][31]_i_6_0
    SLICE_X32Y235        LUT6 (Prop_lut6_I4_O)        0.043    14.731 r  student_top_inst/Core_cpu/rf_inst/reg_bank[31][31]_i_24/O
                         net (fo=16, routed)          0.368    15.099    student_top_inst/Core_cpu/rf_inst/reg_bank[31][31]_i_24_n_0
    SLICE_X31Y236        LUT6 (Prop_lut6_I4_O)        0.043    15.142 r  student_top_inst/Core_cpu/rf_inst/reg_bank[31][19]_i_3/O
                         net (fo=1, routed)           0.704    15.846    student_top_inst/Core_cpu/rf_inst/reg_bank[31][19]_i_3_n_0
    SLICE_X31Y222        LUT6 (Prop_lut6_I2_O)        0.043    15.889 r  student_top_inst/Core_cpu/rf_inst/reg_bank[31][19]_i_1/O
                         net (fo=32, routed)          1.239    17.128    student_top_inst/Core_cpu/rf_inst/wdata[19]
    SLICE_X4Y207         FDCE                                         r  student_top_inst/Core_cpu/rf_inst/reg_bank_reg[17][19]/D
  -------------------------------------------------------------------    -------------------

                         (clock clk_out2_pll rise edge)
                                                     20.000    20.000 r  
    AD12                                              0.000    20.000 r  i_sys_clk_p (IN)
                         net (fo=0)                   0.000    20.000    pll_inst/inst/clk_in1_p
    AD12                 IBUFDS (Prop_ibufds_I_O)     0.803    20.803 r  pll_inst/inst/clkin1_ibufgds/O
                         net (fo=1, routed)           1.001    21.804    pll_inst/inst/clk_in1_pll
    PLLE2_ADV_X1Y1       PLLE2_ADV (Prop_plle2_adv_CLKIN1_CLKOUT1)
                                                     -7.261    14.543 r  pll_inst/inst/plle2_adv_inst/CLKOUT1
                         net (fo=1, routed)           2.003    16.546    pll_inst/inst/clk_out2_pll
    BUFGCTRL_X0Y0        BUFG (Prop_bufg_I_O)         0.083    16.629 r  pll_inst/inst/clkout2_buf/O
                         net (fo=34220, routed)       1.204    17.833    student_top_inst/Core_cpu/rf_inst/CLK
    SLICE_X4Y207         FDCE                                         r  student_top_inst/Core_cpu/rf_inst/reg_bank_reg[17][19]/C
                         clock pessimism             -0.370    17.464    
                         clock uncertainty           -0.105    17.358    
    SLICE_X4Y207         FDCE (Setup_fdce_C_D)       -0.022    17.336    student_top_inst/Core_cpu/rf_inst/reg_bank_reg[17][19]
  -------------------------------------------------------------------
                         required time                         17.336    
                         arrival time                         -17.128    
  -------------------------------------------------------------------
                         slack                                  0.208    

Slack (MET) :             0.221ns  (required time - arrival time)
  Source:                 student_top_inst/Core_cpu/pc_inst/reg_pc_reg[3]_replica/C
                            (rising edge-triggered cell FDCE clocked by clk_out2_pll  {rise@0.000ns fall@10.000ns period=20.000ns})
  Destination:            student_top_inst/Core_cpu/rf_inst/reg_bank_reg[23][19]/D
                            (rising edge-triggered cell FDCE clocked by clk_out2_pll  {rise@0.000ns fall@10.000ns period=20.000ns})
  Path Group:             clk_out2_pll
  Path Type:              Setup (Max at Slow Process Corner)
  Requirement:            20.000ns  (clk_out2_pll rise@20.000ns - clk_out2_pll rise@0.000ns)
  Data Path Delay:        19.677ns  (logic 2.486ns (12.634%)  route 17.191ns (87.366%))
  Logic Levels:           23  (LUT3=2 LUT4=1 LUT5=2 LUT6=10 MUXF7=3 MUXF8=4 RAMS64E=1)
  Clock Path Skew:        0.013ns (DCD - SCD + CPR)
    Destination Clock Delay (DCD):    -2.170ns = ( 17.830 - 20.000 ) 
    Source Clock Delay      (SCD):    -2.552ns
    Clock Pessimism Removal (CPR):    -0.370ns
  Clock Uncertainty:      0.105ns  ((TSJ^2 + DJ^2)^1/2) / 2 + PE
    Total System Jitter     (TSJ):    0.071ns
    Discrete Jitter          (DJ):    0.198ns
    Phase Error              (PE):    0.000ns

    Location             Delay type                Incr(ns)  Path(ns)    Netlist Resource(s)
  -------------------------------------------------------------------    -------------------
                         (clock clk_out2_pll rise edge)
                                                      0.000     0.000 r  
    AD12                                              0.000     0.000 r  i_sys_clk_p (IN)
                         net (fo=0)                   0.000     0.000    pll_inst/inst/clk_in1_p
    AD12                 IBUFDS (Prop_ibufds_I_O)     0.906     0.906 r  pll_inst/inst/clkin1_ibufgds/O
                         net (fo=1, routed)           1.098     2.004    pll_inst/inst/clk_in1_pll
    PLLE2_ADV_X1Y1       PLLE2_ADV (Prop_plle2_adv_CLKIN1_CLKOUT1)
                                                     -8.058    -6.054 r  pll_inst/inst/plle2_adv_inst/CLKOUT1
                         net (fo=1, routed)           2.128    -3.926    pll_inst/inst/clk_out2_pll
    BUFGCTRL_X0Y0        BUFG (Prop_bufg_I_O)         0.093    -3.833 r  pll_inst/inst/clkout2_buf/O
                         net (fo=34220, routed)       1.281    -2.552    student_top_inst/Core_cpu/pc_inst/CLK
    SLICE_X32Y206        FDCE                                         r  student_top_inst/Core_cpu/pc_inst/reg_pc_reg[3]_replica/C
  -------------------------------------------------------------------    -------------------
    SLICE_X32Y206        FDCE (Prop_fdce_C_Q)         0.223    -2.329 r  student_top_inst/Core_cpu/pc_inst/reg_pc_reg[3]_replica/Q
                         net (fo=185, routed)         0.832    -1.497    student_top_inst/Mem_IROM/U0/synth_options.dist_mem_inst/gen_rom.rom_inst/Q[3]_repN_alias
    SLICE_X33Y201        LUT3 (Prop_lut3_I2_O)        0.054    -1.443 r  student_top_inst/Mem_IROM/U0/synth_options.dist_mem_inst/gen_rom.rom_inst/spo[30]_INST_0_i_44/O
                         net (fo=4, routed)           0.650    -0.794    student_top_inst/Mem_IROM/U0/synth_options.dist_mem_inst/gen_rom.rom_inst/spo[30]_INST_0_i_44_n_0
    SLICE_X28Y204        LUT6 (Prop_lut6_I2_O)        0.137    -0.657 r  student_top_inst/Mem_IROM/U0/synth_options.dist_mem_inst/gen_rom.rom_inst/spo[18]_INST_0_i_12/O
                         net (fo=1, routed)           0.452    -0.205    student_top_inst/Mem_IROM/U0/synth_options.dist_mem_inst/gen_rom.rom_inst/spo[18]_INST_0_i_12_n_0
    SLICE_X29Y209        LUT6 (Prop_lut6_I2_O)        0.043    -0.162 r  student_top_inst/Mem_IROM/U0/synth_options.dist_mem_inst/gen_rom.rom_inst/spo[18]_INST_0_i_3/O
                         net (fo=1, routed)           0.331     0.169    student_top_inst/Mem_IROM/U0/synth_options.dist_mem_inst/gen_rom.rom_inst/spo[18]_INST_0_i_3_n_0
    SLICE_X28Y212        LUT6 (Prop_lut6_I3_O)        0.043     0.212 r  student_top_inst/Mem_IROM/U0/synth_options.dist_mem_inst/gen_rom.rom_inst/spo[18]_INST_0/O
                         net (fo=68, routed)          1.091     1.304    student_top_inst/Core_cpu/rf_inst/reg_bank_reg[0][31]_0[18]
    SLICE_X4Y210         MUXF8 (Prop_muxf8_S_O)       0.141     1.445 r  student_top_inst/Core_cpu/rf_inst/mepc_reg[19]_i_3/O
                         net (fo=1, routed)           1.008     2.453    student_top_inst/Core_cpu/rf_inst_n_272
    SLICE_X26Y218        LUT5 (Prop_lut5_I1_O)        0.126     2.579 r  student_top_inst/Core_cpu/mepc[19]_i_2/O
                         net (fo=16, routed)          1.025     3.604    student_top_inst/Core_cpu/rf_inst/A[19]
    SLICE_X44Y222        LUT5 (Prop_lut5_I0_O)        0.051     3.655 r  student_top_inst/Core_cpu/rf_inst/Mem_DRAM_i_306/O
                         net (fo=4, routed)           0.419     4.073    student_top_inst/Core_cpu/rf_inst/Mem_DRAM_i_306_n_0
    SLICE_X43Y224        LUT3 (Prop_lut3_I0_O)        0.145     4.218 r  student_top_inst/Core_cpu/rf_inst/Mem_DRAM_i_223/O
                         net (fo=2, routed)           0.436     4.654    student_top_inst/Core_cpu/rf_inst/Mem_DRAM_i_223_n_0
    SLICE_X45Y224        LUT6 (Prop_lut6_I0_O)        0.136     4.790 r  student_top_inst/Core_cpu/rf_inst/Mem_DRAM_i_117/O
                         net (fo=1, routed)           0.600     5.390    student_top_inst/Core_cpu/rf_inst/alu_inst/srl_result[4]
    SLICE_X53Y224        LUT6 (Prop_lut6_I2_O)        0.043     5.433 r  student_top_inst/Core_cpu/rf_inst/Mem_DRAM_i_14/O
                         net (fo=32822, routed)       3.208     8.641    student_top_inst/bridge_inst/dram_driver_inst/Mem_DRAM/U0/synth_options.dist_mem_inst/gen_sp_ram.spram_inst/ram_reg_65024_65279_31_31/A2
    SLICE_X136Y135       RAMS64E (Prop_rams64e_ADR2_O)
                                                      0.373     9.014 r  student_top_inst/bridge_inst/dram_driver_inst/Mem_DRAM/U0/synth_options.dist_mem_inst/gen_sp_ram.spram_inst/ram_reg_65024_65279_31_31/RAMS64E_C/O
                         net (fo=1, routed)           0.000     9.014    student_top_inst/bridge_inst/dram_driver_inst/Mem_DRAM/U0/synth_options.dist_mem_inst/gen_sp_ram.spram_inst/ram_reg_65024_65279_31_31/OC
    SLICE_X136Y135       MUXF7 (Prop_muxf7_I1_O)      0.117     9.131 r  student_top_inst/bridge_inst/dram_driver_inst/Mem_DRAM/U0/synth_options.dist_mem_inst/gen_sp_ram.spram_inst/ram_reg_65024_65279_31_31/F7.B/O
                         net (fo=1, routed)           0.000     9.131    student_top_inst/bridge_inst/dram_driver_inst/Mem_DRAM/U0/synth_options.dist_mem_inst/gen_sp_ram.spram_inst/ram_reg_65024_65279_31_31/O0
    SLICE_X136Y135       MUXF8 (Prop_muxf8_I0_O)      0.046     9.177 r  student_top_inst/bridge_inst/dram_driver_inst/Mem_DRAM/U0/synth_options.dist_mem_inst/gen_sp_ram.spram_inst/ram_reg_65024_65279_31_31/F8/O
                         net (fo=1, routed)           0.796     9.973    student_top_inst/bridge_inst/dram_driver_inst/Mem_DRAM/U0/synth_options.dist_mem_inst/gen_sp_ram.spram_inst/ram_reg_65024_65279_31_31_n_0
    SLICE_X133Y145       LUT6 (Prop_lut6_I1_O)        0.125    10.098 r  student_top_inst/bridge_inst/dram_driver_inst/Mem_DRAM/U0/synth_options.dist_mem_inst/gen_sp_ram.spram_inst/spo[31]_INST_0_i_106/O
                         net (fo=1, routed)           0.000    10.098    student_top_inst/bridge_inst/dram_driver_inst/Mem_DRAM/U0/synth_options.dist_mem_inst/gen_sp_ram.spram_inst/spo[31]_INST_0_i_106_n_0
    SLICE_X133Y145       MUXF7 (Prop_muxf7_I1_O)      0.108    10.206 r  student_top_inst/bridge_inst/dram_driver_inst/Mem_DRAM/U0/synth_options.dist_mem_inst/gen_sp_ram.spram_inst/spo[31]_INST_0_i_48/O
                         net (fo=1, routed)           0.000    10.206    student_top_inst/bridge_inst/dram_driver_inst/Mem_DRAM/U0/synth_options.dist_mem_inst/gen_sp_ram.spram_inst/spo[31]_INST_0_i_48_n_0
    SLICE_X133Y145       MUXF8 (Prop_muxf8_I1_O)      0.043    10.249 r  student_top_inst/bridge_inst/dram_driver_inst/Mem_DRAM/U0/synth_options.dist_mem_inst/gen_sp_ram.spram_inst/spo[31]_INST_0_i_19/O
                         net (fo=1, routed)           1.098    11.347    student_top_inst/bridge_inst/dram_driver_inst/Mem_DRAM/U0/synth_options.dist_mem_inst/gen_sp_ram.spram_inst/spo[31]_INST_0_i_19_n_0
    SLICE_X121Y164       LUT6 (Prop_lut6_I0_O)        0.126    11.473 r  student_top_inst/bridge_inst/dram_driver_inst/Mem_DRAM/U0/synth_options.dist_mem_inst/gen_sp_ram.spram_inst/spo[31]_INST_0_i_6/O
                         net (fo=1, routed)           0.000    11.473    student_top_inst/bridge_inst/dram_driver_inst/Mem_DRAM/U0/synth_options.dist_mem_inst/gen_sp_ram.spram_inst/spo[31]_INST_0_i_6_n_0
    SLICE_X121Y164       MUXF7 (Prop_muxf7_I1_O)      0.108    11.581 r  student_top_inst/bridge_inst/dram_driver_inst/Mem_DRAM/U0/synth_options.dist_mem_inst/gen_sp_ram.spram_inst/spo[31]_INST_0_i_2/O
                         net (fo=1, routed)           0.000    11.581    student_top_inst/bridge_inst/dram_driver_inst/Mem_DRAM/U0/synth_options.dist_mem_inst/gen_sp_ram.spram_inst/spo[31]_INST_0_i_2_n_0
    SLICE_X121Y164       MUXF8 (Prop_muxf8_I1_O)      0.043    11.624 r  student_top_inst/bridge_inst/dram_driver_inst/Mem_DRAM/U0/synth_options.dist_mem_inst/gen_sp_ram.spram_inst/spo[31]_INST_0/O
                         net (fo=6, routed)           2.696    14.320    student_top_inst/bridge_inst/dram_driver_inst/spo[31]
    SLICE_X32Y234        LUT4 (Prop_lut4_I3_O)        0.126    14.446 f  student_top_inst/bridge_inst/dram_driver_inst/reg_bank[31][31]_i_47/O
                         net (fo=1, routed)           0.242    14.688    student_top_inst/Core_cpu/rf_inst/reg_bank[31][31]_i_6_0
    SLICE_X32Y235        LUT6 (Prop_lut6_I4_O)        0.043    14.731 r  student_top_inst/Core_cpu/rf_inst/reg_bank[31][31]_i_24/O
                         net (fo=16, routed)          0.368    15.099    student_top_inst/Core_cpu/rf_inst/reg_bank[31][31]_i_24_n_0
    SLICE_X31Y236        LUT6 (Prop_lut6_I4_O)        0.043    15.142 r  student_top_inst/Core_cpu/rf_inst/reg_bank[31][19]_i_3/O
                         net (fo=1, routed)           0.704    15.846    student_top_inst/Core_cpu/rf_inst/reg_bank[31][19]_i_3_n_0
    SLICE_X31Y222        LUT6 (Prop_lut6_I2_O)        0.043    15.889 r  student_top_inst/Core_cpu/rf_inst/reg_bank[31][19]_i_1/O
                         net (fo=32, routed)          1.236    17.125    student_top_inst/Core_cpu/rf_inst/wdata[19]
    SLICE_X5Y211         FDCE                                         r  student_top_inst/Core_cpu/rf_inst/reg_bank_reg[23][19]/D
  -------------------------------------------------------------------    -------------------

                         (clock clk_out2_pll rise edge)
                                                     20.000    20.000 r  
    AD12                                              0.000    20.000 r  i_sys_clk_p (IN)
                         net (fo=0)                   0.000    20.000    pll_inst/inst/clk_in1_p
    AD12                 IBUFDS (Prop_ibufds_I_O)     0.803    20.803 r  pll_inst/inst/clkin1_ibufgds/O
                         net (fo=1, routed)           1.001    21.804    pll_inst/inst/clk_in1_pll
    PLLE2_ADV_X1Y1       PLLE2_ADV (Prop_plle2_adv_CLKIN1_CLKOUT1)
                                                     -7.261    14.543 r  pll_inst/inst/plle2_adv_inst/CLKOUT1
                         net (fo=1, routed)           2.003    16.546    pll_inst/inst/clk_out2_pll
    BUFGCTRL_X0Y0        BUFG (Prop_bufg_I_O)         0.083    16.629 r  pll_inst/inst/clkout2_buf/O
                         net (fo=34220, routed)       1.201    17.830    student_top_inst/Core_cpu/rf_inst/CLK
    SLICE_X5Y211         FDCE                                         r  student_top_inst/Core_cpu/rf_inst/reg_bank_reg[23][19]/C
                         clock pessimism             -0.370    17.461    
                         clock uncertainty           -0.105    17.355    
    SLICE_X5Y211         FDCE (Setup_fdce_C_D)       -0.010    17.345    student_top_inst/Core_cpu/rf_inst/reg_bank_reg[23][19]
  -------------------------------------------------------------------
                         required time                         17.345    
                         arrival time                         -17.125    
  -------------------------------------------------------------------
                         slack                                  0.221    

Slack (MET) :             0.222ns  (required time - arrival time)
  Source:                 student_top_inst/Core_cpu/pc_inst/reg_pc_reg[3]_replica/C
                            (rising edge-triggered cell FDCE clocked by clk_out2_pll  {rise@0.000ns fall@10.000ns period=20.000ns})
  Destination:            student_top_inst/Core_cpu/rf_inst/reg_bank_reg[31][19]/D
                            (rising edge-triggered cell FDCE clocked by clk_out2_pll  {rise@0.000ns fall@10.000ns period=20.000ns})
  Path Group:             clk_out2_pll
  Path Type:              Setup (Max at Slow Process Corner)
  Requirement:            20.000ns  (clk_out2_pll rise@20.000ns - clk_out2_pll rise@0.000ns)
  Data Path Delay:        19.668ns  (logic 2.486ns (12.640%)  route 17.182ns (87.360%))
  Logic Levels:           23  (LUT3=2 LUT4=1 LUT5=2 LUT6=10 MUXF7=3 MUXF8=4 RAMS64E=1)
  Clock Path Skew:        0.014ns (DCD - SCD + CPR)
    Destination Clock Delay (DCD):    -2.169ns = ( 17.831 - 20.000 ) 
    Source Clock Delay      (SCD):    -2.552ns
    Clock Pessimism Removal (CPR):    -0.370ns
  Clock Uncertainty:      0.105ns  ((TSJ^2 + DJ^2)^1/2) / 2 + PE
    Total System Jitter     (TSJ):    0.071ns
    Discrete Jitter          (DJ):    0.198ns
    Phase Error              (PE):    0.000ns

    Location             Delay type                Incr(ns)  Path(ns)    Netlist Resource(s)
  -------------------------------------------------------------------    -------------------
                         (clock clk_out2_pll rise edge)
                                                      0.000     0.000 r  
    AD12                                              0.000     0.000 r  i_sys_clk_p (IN)
                         net (fo=0)                   0.000     0.000    pll_inst/inst/clk_in1_p
    AD12                 IBUFDS (Prop_ibufds_I_O)     0.906     0.906 r  pll_inst/inst/clkin1_ibufgds/O
                         net (fo=1, routed)           1.098     2.004    pll_inst/inst/clk_in1_pll
    PLLE2_ADV_X1Y1       PLLE2_ADV (Prop_plle2_adv_CLKIN1_CLKOUT1)
                                                     -8.058    -6.054 r  pll_inst/inst/plle2_adv_inst/CLKOUT1
                         net (fo=1, routed)           2.128    -3.926    pll_inst/inst/clk_out2_pll
    BUFGCTRL_X0Y0        BUFG (Prop_bufg_I_O)         0.093    -3.833 r  pll_inst/inst/clkout2_buf/O
                         net (fo=34220, routed)       1.281    -2.552    student_top_inst/Core_cpu/pc_inst/CLK
    SLICE_X32Y206        FDCE                                         r  student_top_inst/Core_cpu/pc_inst/reg_pc_reg[3]_replica/C
  -------------------------------------------------------------------    -------------------
    SLICE_X32Y206        FDCE (Prop_fdce_C_Q)         0.223    -2.329 r  student_top_inst/Core_cpu/pc_inst/reg_pc_reg[3]_replica/Q
                         net (fo=185, routed)         0.832    -1.497    student_top_inst/Mem_IROM/U0/synth_options.dist_mem_inst/gen_rom.rom_inst/Q[3]_repN_alias
    SLICE_X33Y201        LUT3 (Prop_lut3_I2_O)        0.054    -1.443 r  student_top_inst/Mem_IROM/U0/synth_options.dist_mem_inst/gen_rom.rom_inst/spo[30]_INST_0_i_44/O
                         net (fo=4, routed)           0.650    -0.794    student_top_inst/Mem_IROM/U0/synth_options.dist_mem_inst/gen_rom.rom_inst/spo[30]_INST_0_i_44_n_0
    SLICE_X28Y204        LUT6 (Prop_lut6_I2_O)        0.137    -0.657 r  student_top_inst/Mem_IROM/U0/synth_options.dist_mem_inst/gen_rom.rom_inst/spo[18]_INST_0_i_12/O
                         net (fo=1, routed)           0.452    -0.205    student_top_inst/Mem_IROM/U0/synth_options.dist_mem_inst/gen_rom.rom_inst/spo[18]_INST_0_i_12_n_0
    SLICE_X29Y209        LUT6 (Prop_lut6_I2_O)        0.043    -0.162 r  student_top_inst/Mem_IROM/U0/synth_options.dist_mem_inst/gen_rom.rom_inst/spo[18]_INST_0_i_3/O
                         net (fo=1, routed)           0.331     0.169    student_top_inst/Mem_IROM/U0/synth_options.dist_mem_inst/gen_rom.rom_inst/spo[18]_INST_0_i_3_n_0
    SLICE_X28Y212        LUT6 (Prop_lut6_I3_O)        0.043     0.212 r  student_top_inst/Mem_IROM/U0/synth_options.dist_mem_inst/gen_rom.rom_inst/spo[18]_INST_0/O
                         net (fo=68, routed)          1.091     1.304    student_top_inst/Core_cpu/rf_inst/reg_bank_reg[0][31]_0[18]
    SLICE_X4Y210         MUXF8 (Prop_muxf8_S_O)       0.141     1.445 r  student_top_inst/Core_cpu/rf_inst/mepc_reg[19]_i_3/O
                         net (fo=1, routed)           1.008     2.453    student_top_inst/Core_cpu/rf_inst_n_272
    SLICE_X26Y218        LUT5 (Prop_lut5_I1_O)        0.126     2.579 r  student_top_inst/Core_cpu/mepc[19]_i_2/O
                         net (fo=16, routed)          1.025     3.604    student_top_inst/Core_cpu/rf_inst/A[19]
    SLICE_X44Y222        LUT5 (Prop_lut5_I0_O)        0.051     3.655 r  student_top_inst/Core_cpu/rf_inst/Mem_DRAM_i_306/O
                         net (fo=4, routed)           0.419     4.073    student_top_inst/Core_cpu/rf_inst/Mem_DRAM_i_306_n_0
    SLICE_X43Y224        LUT3 (Prop_lut3_I0_O)        0.145     4.218 r  student_top_inst/Core_cpu/rf_inst/Mem_DRAM_i_223/O
                         net (fo=2, routed)           0.436     4.654    student_top_inst/Core_cpu/rf_inst/Mem_DRAM_i_223_n_0
    SLICE_X45Y224        LUT6 (Prop_lut6_I0_O)        0.136     4.790 r  student_top_inst/Core_cpu/rf_inst/Mem_DRAM_i_117/O
                         net (fo=1, routed)           0.600     5.390    student_top_inst/Core_cpu/rf_inst/alu_inst/srl_result[4]
    SLICE_X53Y224        LUT6 (Prop_lut6_I2_O)        0.043     5.433 r  student_top_inst/Core_cpu/rf_inst/Mem_DRAM_i_14/O
                         net (fo=32822, routed)       3.208     8.641    student_top_inst/bridge_inst/dram_driver_inst/Mem_DRAM/U0/synth_options.dist_mem_inst/gen_sp_ram.spram_inst/ram_reg_65024_65279_31_31/A2
    SLICE_X136Y135       RAMS64E (Prop_rams64e_ADR2_O)
                                                      0.373     9.014 r  student_top_inst/bridge_inst/dram_driver_inst/Mem_DRAM/U0/synth_options.dist_mem_inst/gen_sp_ram.spram_inst/ram_reg_65024_65279_31_31/RAMS64E_C/O
                         net (fo=1, routed)           0.000     9.014    student_top_inst/bridge_inst/dram_driver_inst/Mem_DRAM/U0/synth_options.dist_mem_inst/gen_sp_ram.spram_inst/ram_reg_65024_65279_31_31/OC
    SLICE_X136Y135       MUXF7 (Prop_muxf7_I1_O)      0.117     9.131 r  student_top_inst/bridge_inst/dram_driver_inst/Mem_DRAM/U0/synth_options.dist_mem_inst/gen_sp_ram.spram_inst/ram_reg_65024_65279_31_31/F7.B/O
                         net (fo=1, routed)           0.000     9.131    student_top_inst/bridge_inst/dram_driver_inst/Mem_DRAM/U0/synth_options.dist_mem_inst/gen_sp_ram.spram_inst/ram_reg_65024_65279_31_31/O0
    SLICE_X136Y135       MUXF8 (Prop_muxf8_I0_O)      0.046     9.177 r  student_top_inst/bridge_inst/dram_driver_inst/Mem_DRAM/U0/synth_options.dist_mem_inst/gen_sp_ram.spram_inst/ram_reg_65024_65279_31_31/F8/O
                         net (fo=1, routed)           0.796     9.973    student_top_inst/bridge_inst/dram_driver_inst/Mem_DRAM/U0/synth_options.dist_mem_inst/gen_sp_ram.spram_inst/ram_reg_65024_65279_31_31_n_0
    SLICE_X133Y145       LUT6 (Prop_lut6_I1_O)        0.125    10.098 r  student_top_inst/bridge_inst/dram_driver_inst/Mem_DRAM/U0/synth_options.dist_mem_inst/gen_sp_ram.spram_inst/spo[31]_INST_0_i_106/O
                         net (fo=1, routed)           0.000    10.098    student_top_inst/bridge_inst/dram_driver_inst/Mem_DRAM/U0/synth_options.dist_mem_inst/gen_sp_ram.spram_inst/spo[31]_INST_0_i_106_n_0
    SLICE_X133Y145       MUXF7 (Prop_muxf7_I1_O)      0.108    10.206 r  student_top_inst/bridge_inst/dram_driver_inst/Mem_DRAM/U0/synth_options.dist_mem_inst/gen_sp_ram.spram_inst/spo[31]_INST_0_i_48/O
                         net (fo=1, routed)           0.000    10.206    student_top_inst/bridge_inst/dram_driver_inst/Mem_DRAM/U0/synth_options.dist_mem_inst/gen_sp_ram.spram_inst/spo[31]_INST_0_i_48_n_0
    SLICE_X133Y145       MUXF8 (Prop_muxf8_I1_O)      0.043    10.249 r  student_top_inst/bridge_inst/dram_driver_inst/Mem_DRAM/U0/synth_options.dist_mem_inst/gen_sp_ram.spram_inst/spo[31]_INST_0_i_19/O
                         net (fo=1, routed)           1.098    11.347    student_top_inst/bridge_inst/dram_driver_inst/Mem_DRAM/U0/synth_options.dist_mem_inst/gen_sp_ram.spram_inst/spo[31]_INST_0_i_19_n_0
    SLICE_X121Y164       LUT6 (Prop_lut6_I0_O)        0.126    11.473 r  student_top_inst/bridge_inst/dram_driver_inst/Mem_DRAM/U0/synth_options.dist_mem_inst/gen_sp_ram.spram_inst/spo[31]_INST_0_i_6/O
                         net (fo=1, routed)           0.000    11.473    student_top_inst/bridge_inst/dram_driver_inst/Mem_DRAM/U0/synth_options.dist_mem_inst/gen_sp_ram.spram_inst/spo[31]_INST_0_i_6_n_0
    SLICE_X121Y164       MUXF7 (Prop_muxf7_I1_O)      0.108    11.581 r  student_top_inst/bridge_inst/dram_driver_inst/Mem_DRAM/U0/synth_options.dist_mem_inst/gen_sp_ram.spram_inst/spo[31]_INST_0_i_2/O
                         net (fo=1, routed)           0.000    11.581    student_top_inst/bridge_inst/dram_driver_inst/Mem_DRAM/U0/synth_options.dist_mem_inst/gen_sp_ram.spram_inst/spo[31]_INST_0_i_2_n_0
    SLICE_X121Y164       MUXF8 (Prop_muxf8_I1_O)      0.043    11.624 r  student_top_inst/bridge_inst/dram_driver_inst/Mem_DRAM/U0/synth_options.dist_mem_inst/gen_sp_ram.spram_inst/spo[31]_INST_0/O
                         net (fo=6, routed)           2.696    14.320    student_top_inst/bridge_inst/dram_driver_inst/spo[31]
    SLICE_X32Y234        LUT4 (Prop_lut4_I3_O)        0.126    14.446 f  student_top_inst/bridge_inst/dram_driver_inst/reg_bank[31][31]_i_47/O
                         net (fo=1, routed)           0.242    14.688    student_top_inst/Core_cpu/rf_inst/reg_bank[31][31]_i_6_0
    SLICE_X32Y235        LUT6 (Prop_lut6_I4_O)        0.043    14.731 r  student_top_inst/Core_cpu/rf_inst/reg_bank[31][31]_i_24/O
                         net (fo=16, routed)          0.368    15.099    student_top_inst/Core_cpu/rf_inst/reg_bank[31][31]_i_24_n_0
    SLICE_X31Y236        LUT6 (Prop_lut6_I4_O)        0.043    15.142 r  student_top_inst/Core_cpu/rf_inst/reg_bank[31][19]_i_3/O
                         net (fo=1, routed)           0.704    15.846    student_top_inst/Core_cpu/rf_inst/reg_bank[31][19]_i_3_n_0
    SLICE_X31Y222        LUT6 (Prop_lut6_I2_O)        0.043    15.889 r  student_top_inst/Core_cpu/rf_inst/reg_bank[31][19]_i_1/O
                         net (fo=32, routed)          1.227    17.116    student_top_inst/Core_cpu/rf_inst/wdata[19]
    SLICE_X1Y211         FDCE                                         r  student_top_inst/Core_cpu/rf_inst/reg_bank_reg[31][19]/D
  -------------------------------------------------------------------    -------------------

                         (clock clk_out2_pll rise edge)
                                                     20.000    20.000 r  
    AD12                                              0.000    20.000 r  i_sys_clk_p (IN)
                         net (fo=0)                   0.000    20.000    pll_inst/inst/clk_in1_p
    AD12                 IBUFDS (Prop_ibufds_I_O)     0.803    20.803 r  pll_inst/inst/clkin1_ibufgds/O
                         net (fo=1, routed)           1.001    21.804    pll_inst/inst/clk_in1_pll
    PLLE2_ADV_X1Y1       PLLE2_ADV (Prop_plle2_adv_CLKIN1_CLKOUT1)
                                                     -7.261    14.543 r  pll_inst/inst/plle2_adv_inst/CLKOUT1
                         net (fo=1, routed)           2.003    16.546    pll_inst/inst/clk_out2_pll
    BUFGCTRL_X0Y0        BUFG (Prop_bufg_I_O)         0.083    16.629 r  pll_inst/inst/clkout2_buf/O
                         net (fo=34220, routed)       1.202    17.831    student_top_inst/Core_cpu/rf_inst/CLK
    SLICE_X1Y211         FDCE                                         r  student_top_inst/Core_cpu/rf_inst/reg_bank_reg[31][19]/C
                         clock pessimism             -0.370    17.462    
                         clock uncertainty           -0.105    17.356    
    SLICE_X1Y211         FDCE (Setup_fdce_C_D)       -0.019    17.337    student_top_inst/Core_cpu/rf_inst/reg_bank_reg[31][19]
  -------------------------------------------------------------------
                         required time                         17.337    
                         arrival time                         -17.116    
  -------------------------------------------------------------------
                         slack                                  0.222    





Min Delay Paths
--------------------------------------------------------------------------------------
Slack (MET) :             0.119ns  (arrival time - required time)
  Source:                 student_top_inst/Core_cpu/csr_inst/old_mepc_reg[11]/C
                            (rising edge-triggered cell FDCE clocked by clk_out2_pll  {rise@0.000ns fall@10.000ns period=20.000ns})
  Destination:            student_top_inst/Core_cpu/csr_inst/mepc_reg[11]/D
                            (rising edge-triggered cell FDCE clocked by clk_out2_pll  {rise@0.000ns fall@10.000ns period=20.000ns})
  Path Group:             clk_out2_pll
  Path Type:              Hold (Min at Fast Process Corner)
  Requirement:            0.000ns  (clk_out2_pll rise@0.000ns - clk_out2_pll rise@0.000ns)
  Data Path Delay:        0.190ns  (logic 0.128ns (67.204%)  route 0.062ns (32.796%))
  Logic Levels:           1  (LUT5=1)
  Clock Path Skew:        0.011ns (DCD - SCD - CPR)
    Destination Clock Delay (DCD):    -0.680ns
    Source Clock Delay      (SCD):    -0.473ns
    Clock Pessimism Removal (CPR):    -0.219ns

    Location             Delay type                Incr(ns)  Path(ns)    Netlist Resource(s)
  -------------------------------------------------------------------    -------------------
                         (clock clk_out2_pll rise edge)
                                                      0.000     0.000 r  
    AD12                                              0.000     0.000 r  i_sys_clk_p (IN)
                         net (fo=0)                   0.000     0.000    pll_inst/inst/clk_in1_p
    AD12                 IBUFDS (Prop_ibufds_I_O)     0.388     0.388 r  pll_inst/inst/clkin1_ibufgds/O
                         net (fo=1, routed)           0.503     0.891    pll_inst/inst/clk_in1_pll
    PLLE2_ADV_X1Y1       PLLE2_ADV (Prop_plle2_adv_CLKIN1_CLKOUT1)
                                                     -2.908    -2.017 r  pll_inst/inst/plle2_adv_inst/CLKOUT1
                         net (fo=1, routed)           0.958    -1.059    pll_inst/inst/clk_out2_pll
    BUFGCTRL_X0Y0        BUFG (Prop_bufg_I_O)         0.026    -1.033 r  pll_inst/inst/clkout2_buf/O
                         net (fo=34220, routed)       0.560    -0.473    student_top_inst/Core_cpu/csr_inst/CLK
    SLICE_X34Y220        FDCE                                         r  student_top_inst/Core_cpu/csr_inst/old_mepc_reg[11]/C
  -------------------------------------------------------------------    -------------------
    SLICE_X34Y220        FDCE (Prop_fdce_C_Q)         0.100    -0.373 r  student_top_inst/Core_cpu/csr_inst/old_mepc_reg[11]/Q
                         net (fo=3, routed)           0.062    -0.310    student_top_inst/Core_cpu/rf_inst/mepc_reg[31][11]
    SLICE_X35Y220        LUT5 (Prop_lut5_I1_O)        0.028    -0.282 r  student_top_inst/Core_cpu/rf_inst/mepc[11]_i_1/O
                         net (fo=1, routed)           0.000    -0.282    student_top_inst/Core_cpu/csr_inst/mepc_reg[31]_0[11]
    SLICE_X35Y220        FDCE                                         r  student_top_inst/Core_cpu/csr_inst/mepc_reg[11]/D
  -------------------------------------------------------------------    -------------------

                         (clock clk_out2_pll rise edge)
                                                      0.000     0.000 r  
    AD12                                              0.000     0.000 r  i_sys_clk_p (IN)
                         net (fo=0)                   0.000     0.000    pll_inst/inst/clk_in1_p
    AD12                 IBUFDS (Prop_ibufds_I_O)     0.470     0.470 r  pll_inst/inst/clkin1_ibufgds/O
                         net (fo=1, routed)           0.554     1.024    pll_inst/inst/clk_in1_pll
    PLLE2_ADV_X1Y1       PLLE2_ADV (Prop_plle2_adv_CLKIN1_CLKOUT1)
                                                     -3.524    -2.500 r  pll_inst/inst/plle2_adv_inst/CLKOUT1
                         net (fo=1, routed)           1.027    -1.473    pll_inst/inst/clk_out2_pll
    BUFGCTRL_X0Y0        BUFG (Prop_bufg_I_O)         0.030    -1.443 r  pll_inst/inst/clkout2_buf/O
                         net (fo=34220, routed)       0.763    -0.680    student_top_inst/Core_cpu/csr_inst/CLK
    SLICE_X35Y220        FDCE                                         r  student_top_inst/Core_cpu/csr_inst/mepc_reg[11]/C
                         clock pessimism              0.219    -0.462    
    SLICE_X35Y220        FDCE (Hold_fdce_C_D)         0.060    -0.402    student_top_inst/Core_cpu/csr_inst/mepc_reg[11]
  -------------------------------------------------------------------
                         required time                          0.402    
                         arrival time                          -0.282    
  -------------------------------------------------------------------
                         slack                                  0.119    

Slack (MET) :             0.121ns  (arrival time - required time)
  Source:                 student_top_inst/Core_cpu/csr_inst/old_mcause_reg[24]/C
                            (rising edge-triggered cell FDCE clocked by clk_out2_pll  {rise@0.000ns fall@10.000ns period=20.000ns})
  Destination:            student_top_inst/Core_cpu/csr_inst/mcause_reg[24]/D
                            (rising edge-triggered cell FDCE clocked by clk_out2_pll  {rise@0.000ns fall@10.000ns period=20.000ns})
  Path Group:             clk_out2_pll
  Path Type:              Hold (Min at Fast Process Corner)
  Requirement:            0.000ns  (clk_out2_pll rise@0.000ns - clk_out2_pll rise@0.000ns)
  Data Path Delay:        0.192ns  (logic 0.128ns (66.767%)  route 0.064ns (33.233%))
  Logic Levels:           1  (LUT4=1)
  Clock Path Skew:        0.011ns (DCD - SCD - CPR)
    Destination Clock Delay (DCD):    -0.674ns
    Source Clock Delay      (SCD):    -0.468ns
    Clock Pessimism Removal (CPR):    -0.218ns

    Location             Delay type                Incr(ns)  Path(ns)    Netlist Resource(s)
  -------------------------------------------------------------------    -------------------
                         (clock clk_out2_pll rise edge)
                                                      0.000     0.000 r  
    AD12                                              0.000     0.000 r  i_sys_clk_p (IN)
                         net (fo=0)                   0.000     0.000    pll_inst/inst/clk_in1_p
    AD12                 IBUFDS (Prop_ibufds_I_O)     0.388     0.388 r  pll_inst/inst/clkin1_ibufgds/O
                         net (fo=1, routed)           0.503     0.891    pll_inst/inst/clk_in1_pll
    PLLE2_ADV_X1Y1       PLLE2_ADV (Prop_plle2_adv_CLKIN1_CLKOUT1)
                                                     -2.908    -2.017 r  pll_inst/inst/plle2_adv_inst/CLKOUT1
                         net (fo=1, routed)           0.958    -1.059    pll_inst/inst/clk_out2_pll
    BUFGCTRL_X0Y0        BUFG (Prop_bufg_I_O)         0.026    -1.033 r  pll_inst/inst/clkout2_buf/O
                         net (fo=34220, routed)       0.565    -0.468    student_top_inst/Core_cpu/csr_inst/CLK
    SLICE_X35Y236        FDCE                                         r  student_top_inst/Core_cpu/csr_inst/old_mcause_reg[24]/C
  -------------------------------------------------------------------    -------------------
    SLICE_X35Y236        FDCE (Prop_fdce_C_Q)         0.100    -0.368 r  student_top_inst/Core_cpu/csr_inst/old_mcause_reg[24]/Q
                         net (fo=2, routed)           0.064    -0.304    student_top_inst/Core_cpu/rf_inst/mcause_reg[30][21]
    SLICE_X34Y236        LUT4 (Prop_lut4_I3_O)        0.028    -0.276 r  student_top_inst/Core_cpu/rf_inst/mcause[24]_i_1/O
                         net (fo=1, routed)           0.000    -0.276    student_top_inst/Core_cpu/csr_inst/mcause_reg[30]_0[21]
    SLICE_X34Y236        FDCE                                         r  student_top_inst/Core_cpu/csr_inst/mcause_reg[24]/D
  -------------------------------------------------------------------    -------------------

                         (clock clk_out2_pll rise edge)
                                                      0.000     0.000 r  
    AD12                                              0.000     0.000 r  i_sys_clk_p (IN)
                         net (fo=0)                   0.000     0.000    pll_inst/inst/clk_in1_p
    AD12                 IBUFDS (Prop_ibufds_I_O)     0.470     0.470 r  pll_inst/inst/clkin1_ibufgds/O
                         net (fo=1, routed)           0.554     1.024    pll_inst/inst/clk_in1_pll
    PLLE2_ADV_X1Y1       PLLE2_ADV (Prop_plle2_adv_CLKIN1_CLKOUT1)
                                                     -3.524    -2.500 r  pll_inst/inst/plle2_adv_inst/CLKOUT1
                         net (fo=1, routed)           1.027    -1.473    pll_inst/inst/clk_out2_pll
    BUFGCTRL_X0Y0        BUFG (Prop_bufg_I_O)         0.030    -1.443 r  pll_inst/inst/clkout2_buf/O
                         net (fo=34220, routed)       0.769    -0.674    student_top_inst/Core_cpu/csr_inst/CLK
    SLICE_X34Y236        FDCE                                         r  student_top_inst/Core_cpu/csr_inst/mcause_reg[24]/C
                         clock pessimism              0.218    -0.457    
    SLICE_X34Y236        FDCE (Hold_fdce_C_D)         0.060    -0.397    student_top_inst/Core_cpu/csr_inst/mcause_reg[24]
  -------------------------------------------------------------------
                         required time                          0.397    
                         arrival time                          -0.276    
  -------------------------------------------------------------------
                         slack                                  0.121    

Slack (MET) :             0.122ns  (arrival time - required time)
  Source:                 student_top_inst/Core_cpu/csr_inst/old_mepc_reg[1]/C
                            (rising edge-triggered cell FDCE clocked by clk_out2_pll  {rise@0.000ns fall@10.000ns period=20.000ns})
  Destination:            student_top_inst/Core_cpu/csr_inst/mepc_reg[1]/D
                            (rising edge-triggered cell FDCE clocked by clk_out2_pll  {rise@0.000ns fall@10.000ns period=20.000ns})
  Path Group:             clk_out2_pll
  Path Type:              Hold (Min at Fast Process Corner)
  Requirement:            0.000ns  (clk_out2_pll rise@0.000ns - clk_out2_pll rise@0.000ns)
  Data Path Delay:        0.194ns  (logic 0.128ns (66.089%)  route 0.066ns (33.911%))
  Logic Levels:           1  (LUT6=1)
  Clock Path Skew:        0.011ns (DCD - SCD - CPR)
    Destination Clock Delay (DCD):    -0.684ns
    Source Clock Delay      (SCD):    -0.478ns
    Clock Pessimism Removal (CPR):    -0.218ns

    Location             Delay type                Incr(ns)  Path(ns)    Netlist Resource(s)
  -------------------------------------------------------------------    -------------------
                         (clock clk_out2_pll rise edge)
                                                      0.000     0.000 r  
    AD12                                              0.000     0.000 r  i_sys_clk_p (IN)
                         net (fo=0)                   0.000     0.000    pll_inst/inst/clk_in1_p
    AD12                 IBUFDS (Prop_ibufds_I_O)     0.388     0.388 r  pll_inst/inst/clkin1_ibufgds/O
                         net (fo=1, routed)           0.503     0.891    pll_inst/inst/clk_in1_pll
    PLLE2_ADV_X1Y1       PLLE2_ADV (Prop_plle2_adv_CLKIN1_CLKOUT1)
                                                     -2.908    -2.017 r  pll_inst/inst/plle2_adv_inst/CLKOUT1
                         net (fo=1, routed)           0.958    -1.059    pll_inst/inst/clk_out2_pll
    BUFGCTRL_X0Y0        BUFG (Prop_bufg_I_O)         0.026    -1.033 r  pll_inst/inst/clkout2_buf/O
                         net (fo=34220, routed)       0.555    -0.478    student_top_inst/Core_cpu/csr_inst/CLK
    SLICE_X37Y222        FDCE                                         r  student_top_inst/Core_cpu/csr_inst/old_mepc_reg[1]/C
  -------------------------------------------------------------------    -------------------
    SLICE_X37Y222        FDCE (Prop_fdce_C_Q)         0.100    -0.378 r  student_top_inst/Core_cpu/csr_inst/old_mepc_reg[1]/Q
                         net (fo=3, routed)           0.066    -0.312    student_top_inst/Core_cpu/rf_inst/mepc_reg[31][1]
    SLICE_X36Y222        LUT6 (Prop_lut6_I2_O)        0.028    -0.284 r  student_top_inst/Core_cpu/rf_inst/mepc[1]_i_1/O
                         net (fo=1, routed)           0.000    -0.284    student_top_inst/Core_cpu/csr_inst/mepc_reg[31]_0[1]
    SLICE_X36Y222        FDCE                                         r  student_top_inst/Core_cpu/csr_inst/mepc_reg[1]/D
  -------------------------------------------------------------------    -------------------

                         (clock clk_out2_pll rise edge)
                                                      0.000     0.000 r  
    AD12                                              0.000     0.000 r  i_sys_clk_p (IN)
                         net (fo=0)                   0.000     0.000    pll_inst/inst/clk_in1_p
    AD12                 IBUFDS (Prop_ibufds_I_O)     0.470     0.470 r  pll_inst/inst/clkin1_ibufgds/O
                         net (fo=1, routed)           0.554     1.024    pll_inst/inst/clk_in1_pll
    PLLE2_ADV_X1Y1       PLLE2_ADV (Prop_plle2_adv_CLKIN1_CLKOUT1)
                                                     -3.524    -2.500 r  pll_inst/inst/plle2_adv_inst/CLKOUT1
                         net (fo=1, routed)           1.027    -1.473    pll_inst/inst/clk_out2_pll
    BUFGCTRL_X0Y0        BUFG (Prop_bufg_I_O)         0.030    -1.443 r  pll_inst/inst/clkout2_buf/O
                         net (fo=34220, routed)       0.759    -0.684    student_top_inst/Core_cpu/csr_inst/CLK
    SLICE_X36Y222        FDCE                                         r  student_top_inst/Core_cpu/csr_inst/mepc_reg[1]/C
                         clock pessimism              0.218    -0.467    
    SLICE_X36Y222        FDCE (Hold_fdce_C_D)         0.061    -0.406    student_top_inst/Core_cpu/csr_inst/mepc_reg[1]
  -------------------------------------------------------------------
                         required time                          0.406    
                         arrival time                          -0.284    
  -------------------------------------------------------------------
                         slack                                  0.122    

Slack (MET) :             0.127ns  (arrival time - required time)
  Source:                 student_top_inst/Core_cpu/csr_inst/old_mstatus_reg[31]/C
                            (rising edge-triggered cell FDCE clocked by clk_out2_pll  {rise@0.000ns fall@10.000ns period=20.000ns})
  Destination:            student_top_inst/Core_cpu/csr_inst/mstatus_reg[31]/D
                            (rising edge-triggered cell FDCE clocked by clk_out2_pll  {rise@0.000ns fall@10.000ns period=20.000ns})
  Path Group:             clk_out2_pll
  Path Type:              Hold (Min at Fast Process Corner)
  Requirement:            0.000ns  (clk_out2_pll rise@0.000ns - clk_out2_pll rise@0.000ns)
  Data Path Delay:        0.199ns  (logic 0.128ns (64.375%)  route 0.071ns (35.625%))
  Logic Levels:           1  (LUT4=1)
  Clock Path Skew:        0.011ns (DCD - SCD - CPR)
    Destination Clock Delay (DCD):    -0.677ns
    Source Clock Delay      (SCD):    -0.471ns
    Clock Pessimism Removal (CPR):    -0.218ns

    Location             Delay type                Incr(ns)  Path(ns)    Netlist Resource(s)
  -------------------------------------------------------------------    -------------------
                         (clock clk_out2_pll rise edge)
                                                      0.000     0.000 r  
    AD12                                              0.000     0.000 r  i_sys_clk_p (IN)
                         net (fo=0)                   0.000     0.000    pll_inst/inst/clk_in1_p
    AD12                 IBUFDS (Prop_ibufds_I_O)     0.388     0.388 r  pll_inst/inst/clkin1_ibufgds/O
                         net (fo=1, routed)           0.503     0.891    pll_inst/inst/clk_in1_pll
    PLLE2_ADV_X1Y1       PLLE2_ADV (Prop_plle2_adv_CLKIN1_CLKOUT1)
                                                     -2.908    -2.017 r  pll_inst/inst/plle2_adv_inst/CLKOUT1
                         net (fo=1, routed)           0.958    -1.059    pll_inst/inst/clk_out2_pll
    BUFGCTRL_X0Y0        BUFG (Prop_bufg_I_O)         0.026    -1.033 r  pll_inst/inst/clkout2_buf/O
                         net (fo=34220, routed)       0.562    -0.471    student_top_inst/Core_cpu/csr_inst/CLK
    SLICE_X36Y234        FDCE                                         r  student_top_inst/Core_cpu/csr_inst/old_mstatus_reg[31]/C
  -------------------------------------------------------------------    -------------------
    SLICE_X36Y234        FDCE (Prop_fdce_C_Q)         0.100    -0.371 r  student_top_inst/Core_cpu/csr_inst/old_mstatus_reg[31]/Q
                         net (fo=3, routed)           0.071    -0.300    student_top_inst/Core_cpu/csr_inst/old_mstatus[31]
    SLICE_X37Y234        LUT4 (Prop_lut4_I0_O)        0.028    -0.272 r  student_top_inst/Core_cpu/csr_inst/mstatus[31]_i_2/O
                         net (fo=1, routed)           0.000    -0.272    student_top_inst/Core_cpu/csr_inst/mstatus[31]
    SLICE_X37Y234        FDCE                                         r  student_top_inst/Core_cpu/csr_inst/mstatus_reg[31]/D
  -------------------------------------------------------------------    -------------------

                         (clock clk_out2_pll rise edge)
                                                      0.000     0.000 r  
    AD12                                              0.000     0.000 r  i_sys_clk_p (IN)
                         net (fo=0)                   0.000     0.000    pll_inst/inst/clk_in1_p
    AD12                 IBUFDS (Prop_ibufds_I_O)     0.470     0.470 r  pll_inst/inst/clkin1_ibufgds/O
                         net (fo=1, routed)           0.554     1.024    pll_inst/inst/clk_in1_pll
    PLLE2_ADV_X1Y1       PLLE2_ADV (Prop_plle2_adv_CLKIN1_CLKOUT1)
                                                     -3.524    -2.500 r  pll_inst/inst/plle2_adv_inst/CLKOUT1
                         net (fo=1, routed)           1.027    -1.473    pll_inst/inst/clk_out2_pll
    BUFGCTRL_X0Y0        BUFG (Prop_bufg_I_O)         0.030    -1.443 r  pll_inst/inst/clkout2_buf/O
                         net (fo=34220, routed)       0.766    -0.677    student_top_inst/Core_cpu/csr_inst/CLK
    SLICE_X37Y234        FDCE                                         r  student_top_inst/Core_cpu/csr_inst/mstatus_reg[31]/C
                         clock pessimism              0.218    -0.460    
    SLICE_X37Y234        FDCE (Hold_fdce_C_D)         0.061    -0.399    student_top_inst/Core_cpu/csr_inst/mstatus_reg[31]
  -------------------------------------------------------------------
                         required time                          0.399    
                         arrival time                          -0.272    
  -------------------------------------------------------------------
                         slack                                  0.127    

Slack (MET) :             0.128ns  (arrival time - required time)
  Source:                 student_top_inst/Core_cpu/csr_inst/mstatus_reg[19]/C
                            (rising edge-triggered cell FDCE clocked by clk_out2_pll  {rise@0.000ns fall@10.000ns period=20.000ns})
  Destination:            student_top_inst/Core_cpu/csr_inst/old_mstatus_reg[19]/D
                            (rising edge-triggered cell FDCE clocked by clk_out2_pll  {rise@0.000ns fall@10.000ns period=20.000ns})
  Path Group:             clk_out2_pll
  Path Type:              Hold (Min at Fast Process Corner)
  Requirement:            0.000ns  (clk_out2_pll rise@0.000ns - clk_out2_pll rise@0.000ns)
  Data Path Delay:        0.179ns  (logic 0.100ns (55.946%)  route 0.079ns (44.054%))
  Logic Levels:           0  
  Clock Path Skew:        0.011ns (DCD - SCD - CPR)
    Destination Clock Delay (DCD):    -0.682ns
    Source Clock Delay      (SCD):    -0.476ns
    Clock Pessimism Removal (CPR):    -0.218ns

    Location             Delay type                Incr(ns)  Path(ns)    Netlist Resource(s)
  -------------------------------------------------------------------    -------------------
                         (clock clk_out2_pll rise edge)
                                                      0.000     0.000 r  
    AD12                                              0.000     0.000 r  i_sys_clk_p (IN)
                         net (fo=0)                   0.000     0.000    pll_inst/inst/clk_in1_p
    AD12                 IBUFDS (Prop_ibufds_I_O)     0.388     0.388 r  pll_inst/inst/clkin1_ibufgds/O
                         net (fo=1, routed)           0.503     0.891    pll_inst/inst/clk_in1_pll
    PLLE2_ADV_X1Y1       PLLE2_ADV (Prop_plle2_adv_CLKIN1_CLKOUT1)
                                                     -2.908    -2.017 r  pll_inst/inst/plle2_adv_inst/CLKOUT1
                         net (fo=1, routed)           0.958    -1.059    pll_inst/inst/clk_out2_pll
    BUFGCTRL_X0Y0        BUFG (Prop_bufg_I_O)         0.026    -1.033 r  pll_inst/inst/clkout2_buf/O
                         net (fo=34220, routed)       0.557    -0.476    student_top_inst/Core_cpu/csr_inst/CLK
    SLICE_X36Y229        FDCE                                         r  student_top_inst/Core_cpu/csr_inst/mstatus_reg[19]/C
  -------------------------------------------------------------------    -------------------
    SLICE_X36Y229        FDCE (Prop_fdce_C_Q)         0.100    -0.376 r  student_top_inst/Core_cpu/csr_inst/mstatus_reg[19]/Q
                         net (fo=1, routed)           0.079    -0.297    student_top_inst/Core_cpu/csr_inst/mstatus_reg_n_0_[19]
    SLICE_X37Y229        FDCE                                         r  student_top_inst/Core_cpu/csr_inst/old_mstatus_reg[19]/D
  -------------------------------------------------------------------    -------------------

                         (clock clk_out2_pll rise edge)
                                                      0.000     0.000 r  
    AD12                                              0.000     0.000 r  i_sys_clk_p (IN)
                         net (fo=0)                   0.000     0.000    pll_inst/inst/clk_in1_p
    AD12                 IBUFDS (Prop_ibufds_I_O)     0.470     0.470 r  pll_inst/inst/clkin1_ibufgds/O
                         net (fo=1, routed)           0.554     1.024    pll_inst/inst/clk_in1_pll
    PLLE2_ADV_X1Y1       PLLE2_ADV (Prop_plle2_adv_CLKIN1_CLKOUT1)
                                                     -3.524    -2.500 r  pll_inst/inst/plle2_adv_inst/CLKOUT1
                         net (fo=1, routed)           1.027    -1.473    pll_inst/inst/clk_out2_pll
    BUFGCTRL_X0Y0        BUFG (Prop_bufg_I_O)         0.030    -1.443 r  pll_inst/inst/clkout2_buf/O
                         net (fo=34220, routed)       0.761    -0.682    student_top_inst/Core_cpu/csr_inst/CLK
    SLICE_X37Y229        FDCE                                         r  student_top_inst/Core_cpu/csr_inst/old_mstatus_reg[19]/C
                         clock pessimism              0.218    -0.465    
    SLICE_X37Y229        FDCE (Hold_fdce_C_D)         0.040    -0.425    student_top_inst/Core_cpu/csr_inst/old_mstatus_reg[19]
  -------------------------------------------------------------------
                         required time                          0.425    
                         arrival time                          -0.297    
  -------------------------------------------------------------------
                         slack                                  0.128    

Slack (MET) :             0.128ns  (arrival time - required time)
  Source:                 student_top_inst/Core_cpu/csr_inst/mepc_reg[4]/C
                            (rising edge-triggered cell FDCE clocked by clk_out2_pll  {rise@0.000ns fall@10.000ns period=20.000ns})
  Destination:            student_top_inst/Core_cpu/csr_inst/old_mepc_reg[4]/D
                            (rising edge-triggered cell FDCE clocked by clk_out2_pll  {rise@0.000ns fall@10.000ns period=20.000ns})
  Path Group:             clk_out2_pll
  Path Type:              Hold (Min at Fast Process Corner)
  Requirement:            0.000ns  (clk_out2_pll rise@0.000ns - clk_out2_pll rise@0.000ns)
  Data Path Delay:        0.200ns  (logic 0.100ns (49.980%)  route 0.100ns (50.020%))
  Logic Levels:           0  
  Clock Path Skew:        0.032ns (DCD - SCD - CPR)
    Destination Clock Delay (DCD):    -0.677ns
    Source Clock Delay      (SCD):    -0.472ns
    Clock Pessimism Removal (CPR):    -0.238ns

    Location             Delay type                Incr(ns)  Path(ns)    Netlist Resource(s)
  -------------------------------------------------------------------    -------------------
                         (clock clk_out2_pll rise edge)
                                                      0.000     0.000 r  
    AD12                                              0.000     0.000 r  i_sys_clk_p (IN)
                         net (fo=0)                   0.000     0.000    pll_inst/inst/clk_in1_p
    AD12                 IBUFDS (Prop_ibufds_I_O)     0.388     0.388 r  pll_inst/inst/clkin1_ibufgds/O
                         net (fo=1, routed)           0.503     0.891    pll_inst/inst/clk_in1_pll
    PLLE2_ADV_X1Y1       PLLE2_ADV (Prop_plle2_adv_CLKIN1_CLKOUT1)
                                                     -2.908    -2.017 r  pll_inst/inst/plle2_adv_inst/CLKOUT1
                         net (fo=1, routed)           0.958    -1.059    pll_inst/inst/clk_out2_pll
    BUFGCTRL_X0Y0        BUFG (Prop_bufg_I_O)         0.026    -1.033 r  pll_inst/inst/clkout2_buf/O
                         net (fo=34220, routed)       0.561    -0.472    student_top_inst/Core_cpu/csr_inst/CLK
    SLICE_X33Y219        FDCE                                         r  student_top_inst/Core_cpu/csr_inst/mepc_reg[4]/C
  -------------------------------------------------------------------    -------------------
    SLICE_X33Y219        FDCE (Prop_fdce_C_Q)         0.100    -0.372 r  student_top_inst/Core_cpu/csr_inst/mepc_reg[4]/Q
                         net (fo=1, routed)           0.100    -0.271    student_top_inst/Core_cpu/csr_inst/mepc_reg_n_0_[4]
    SLICE_X31Y219        FDCE                                         r  student_top_inst/Core_cpu/csr_inst/old_mepc_reg[4]/D
  -------------------------------------------------------------------    -------------------

                         (clock clk_out2_pll rise edge)
                                                      0.000     0.000 r  
    AD12                                              0.000     0.000 r  i_sys_clk_p (IN)
                         net (fo=0)                   0.000     0.000    pll_inst/inst/clk_in1_p
    AD12                 IBUFDS (Prop_ibufds_I_O)     0.470     0.470 r  pll_inst/inst/clkin1_ibufgds/O
                         net (fo=1, routed)           0.554     1.024    pll_inst/inst/clk_in1_pll
    PLLE2_ADV_X1Y1       PLLE2_ADV (Prop_plle2_adv_CLKIN1_CLKOUT1)
                                                     -3.524    -2.500 r  pll_inst/inst/plle2_adv_inst/CLKOUT1
                         net (fo=1, routed)           1.027    -1.473    pll_inst/inst/clk_out2_pll
    BUFGCTRL_X0Y0        BUFG (Prop_bufg_I_O)         0.030    -1.443 r  pll_inst/inst/clkout2_buf/O
                         net (fo=34220, routed)       0.766    -0.677    student_top_inst/Core_cpu/csr_inst/CLK
    SLICE_X31Y219        FDCE                                         r  student_top_inst/Core_cpu/csr_inst/old_mepc_reg[4]/C
                         clock pessimism              0.238    -0.440    
    SLICE_X31Y219        FDCE (Hold_fdce_C_D)         0.040    -0.400    student_top_inst/Core_cpu/csr_inst/old_mepc_reg[4]
  -------------------------------------------------------------------
                         required time                          0.400    
                         arrival time                          -0.271    
  -------------------------------------------------------------------
                         slack                                  0.128    

Slack (MET) :             0.128ns  (arrival time - required time)
  Source:                 student_top_inst/Core_cpu/csr_inst/mtvec_reg[28]/C
                            (rising edge-triggered cell FDCE clocked by clk_out2_pll  {rise@0.000ns fall@10.000ns period=20.000ns})
  Destination:            student_top_inst/Core_cpu/csr_inst/old_mtvec_reg[28]/D
                            (rising edge-triggered cell FDCE clocked by clk_out2_pll  {rise@0.000ns fall@10.000ns period=20.000ns})
  Path Group:             clk_out2_pll
  Path Type:              Hold (Min at Fast Process Corner)
  Requirement:            0.000ns  (clk_out2_pll rise@0.000ns - clk_out2_pll rise@0.000ns)
  Data Path Delay:        0.204ns  (logic 0.100ns (48.979%)  route 0.104ns (51.021%))
  Logic Levels:           0  
  Clock Path Skew:        0.032ns (DCD - SCD - CPR)
    Destination Clock Delay (DCD):    -0.674ns
    Source Clock Delay      (SCD):    -0.469ns
    Clock Pessimism Removal (CPR):    -0.238ns

    Location             Delay type                Incr(ns)  Path(ns)    Netlist Resource(s)
  -------------------------------------------------------------------    -------------------
                         (clock clk_out2_pll rise edge)
                                                      0.000     0.000 r  
    AD12                                              0.000     0.000 r  i_sys_clk_p (IN)
                         net (fo=0)                   0.000     0.000    pll_inst/inst/clk_in1_p
    AD12                 IBUFDS (Prop_ibufds_I_O)     0.388     0.388 r  pll_inst/inst/clkin1_ibufgds/O
                         net (fo=1, routed)           0.503     0.891    pll_inst/inst/clk_in1_pll
    PLLE2_ADV_X1Y1       PLLE2_ADV (Prop_plle2_adv_CLKIN1_CLKOUT1)
                                                     -2.908    -2.017 r  pll_inst/inst/plle2_adv_inst/CLKOUT1
                         net (fo=1, routed)           0.958    -1.059    pll_inst/inst/clk_out2_pll
    BUFGCTRL_X0Y0        BUFG (Prop_bufg_I_O)         0.026    -1.033 r  pll_inst/inst/clkout2_buf/O
                         net (fo=34220, routed)       0.564    -0.469    student_top_inst/Core_cpu/csr_inst/CLK
    SLICE_X28Y232        FDCE                                         r  student_top_inst/Core_cpu/csr_inst/mtvec_reg[28]/C
  -------------------------------------------------------------------    -------------------
    SLICE_X28Y232        FDCE (Prop_fdce_C_Q)         0.100    -0.369 r  student_top_inst/Core_cpu/csr_inst/mtvec_reg[28]/Q
                         net (fo=1, routed)           0.104    -0.264    student_top_inst/Core_cpu/csr_inst/mtvec_reg_n_0_[28]
    SLICE_X27Y232        FDCE                                         r  student_top_inst/Core_cpu/csr_inst/old_mtvec_reg[28]/D
  -------------------------------------------------------------------    -------------------

                         (clock clk_out2_pll rise edge)
                                                      0.000     0.000 r  
    AD12                                              0.000     0.000 r  i_sys_clk_p (IN)
                         net (fo=0)                   0.000     0.000    pll_inst/inst/clk_in1_p
    AD12                 IBUFDS (Prop_ibufds_I_O)     0.470     0.470 r  pll_inst/inst/clkin1_ibufgds/O
                         net (fo=1, routed)           0.554     1.024    pll_inst/inst/clk_in1_pll
    PLLE2_ADV_X1Y1       PLLE2_ADV (Prop_plle2_adv_CLKIN1_CLKOUT1)
                                                     -3.524    -2.500 r  pll_inst/inst/plle2_adv_inst/CLKOUT1
                         net (fo=1, routed)           1.027    -1.473    pll_inst/inst/clk_out2_pll
    BUFGCTRL_X0Y0        BUFG (Prop_bufg_I_O)         0.030    -1.443 r  pll_inst/inst/clkout2_buf/O
                         net (fo=34220, routed)       0.769    -0.674    student_top_inst/Core_cpu/csr_inst/CLK
    SLICE_X27Y232        FDCE                                         r  student_top_inst/Core_cpu/csr_inst/old_mtvec_reg[28]/C
                         clock pessimism              0.238    -0.437    
    SLICE_X27Y232        FDCE (Hold_fdce_C_D)         0.044    -0.393    student_top_inst/Core_cpu/csr_inst/old_mtvec_reg[28]
  -------------------------------------------------------------------
                         required time                          0.393    
                         arrival time                          -0.264    
  -------------------------------------------------------------------
                         slack                                  0.128    

Slack (MET) :             0.130ns  (arrival time - required time)
  Source:                 student_top_inst/Core_cpu/csr_inst/old_mstatus_reg[25]/C
                            (rising edge-triggered cell FDCE clocked by clk_out2_pll  {rise@0.000ns fall@10.000ns period=20.000ns})
  Destination:            student_top_inst/Core_cpu/csr_inst/mstatus_reg[24]/D
                            (rising edge-triggered cell FDCE clocked by clk_out2_pll  {rise@0.000ns fall@10.000ns period=20.000ns})
  Path Group:             clk_out2_pll
  Path Type:              Hold (Min at Fast Process Corner)
  Requirement:            0.000ns  (clk_out2_pll rise@0.000ns - clk_out2_pll rise@0.000ns)
  Data Path Delay:        0.201ns  (logic 0.128ns (63.536%)  route 0.073ns (36.464%))
  Logic Levels:           1  (LUT6=1)
  Clock Path Skew:        0.011ns (DCD - SCD - CPR)
    Destination Clock Delay (DCD):    -0.675ns
    Source Clock Delay      (SCD):    -0.468ns
    Clock Pessimism Removal (CPR):    -0.219ns

    Location             Delay type                Incr(ns)  Path(ns)    Netlist Resource(s)
  -------------------------------------------------------------------    -------------------
                         (clock clk_out2_pll rise edge)
                                                      0.000     0.000 r  
    AD12                                              0.000     0.000 r  i_sys_clk_p (IN)
                         net (fo=0)                   0.000     0.000    pll_inst/inst/clk_in1_p
    AD12                 IBUFDS (Prop_ibufds_I_O)     0.388     0.388 r  pll_inst/inst/clkin1_ibufgds/O
                         net (fo=1, routed)           0.503     0.891    pll_inst/inst/clk_in1_pll
    PLLE2_ADV_X1Y1       PLLE2_ADV (Prop_plle2_adv_CLKIN1_CLKOUT1)
                                                     -2.908    -2.017 r  pll_inst/inst/plle2_adv_inst/CLKOUT1
                         net (fo=1, routed)           0.958    -1.059    pll_inst/inst/clk_out2_pll
    BUFGCTRL_X0Y0        BUFG (Prop_bufg_I_O)         0.026    -1.033 r  pll_inst/inst/clkout2_buf/O
                         net (fo=34220, routed)       0.565    -0.468    student_top_inst/Core_cpu/csr_inst/CLK
    SLICE_X35Y234        FDCE                                         r  student_top_inst/Core_cpu/csr_inst/old_mstatus_reg[25]/C
  -------------------------------------------------------------------    -------------------
    SLICE_X35Y234        FDCE (Prop_fdce_C_Q)         0.100    -0.368 r  student_top_inst/Core_cpu/csr_inst/old_mstatus_reg[25]/Q
                         net (fo=3, routed)           0.073    -0.294    student_top_inst/Core_cpu/csr_inst/old_mstatus[25]
    SLICE_X34Y234        LUT6 (Prop_lut6_I5_O)        0.028    -0.266 r  student_top_inst/Core_cpu/csr_inst/mstatus[24]_i_1/O
                         net (fo=1, routed)           0.000    -0.266    student_top_inst/Core_cpu/csr_inst/mstatus[24]
    SLICE_X34Y234        FDCE                                         r  student_top_inst/Core_cpu/csr_inst/mstatus_reg[24]/D
  -------------------------------------------------------------------    -------------------

                         (clock clk_out2_pll rise edge)
                                                      0.000     0.000 r  
    AD12                                              0.000     0.000 r  i_sys_clk_p (IN)
                         net (fo=0)                   0.000     0.000    pll_inst/inst/clk_in1_p
    AD12                 IBUFDS (Prop_ibufds_I_O)     0.470     0.470 r  pll_inst/inst/clkin1_ibufgds/O
                         net (fo=1, routed)           0.554     1.024    pll_inst/inst/clk_in1_pll
    PLLE2_ADV_X1Y1       PLLE2_ADV (Prop_plle2_adv_CLKIN1_CLKOUT1)
                                                     -3.524    -2.500 r  pll_inst/inst/plle2_adv_inst/CLKOUT1
                         net (fo=1, routed)           1.027    -1.473    pll_inst/inst/clk_out2_pll
    BUFGCTRL_X0Y0        BUFG (Prop_bufg_I_O)         0.030    -1.443 r  pll_inst/inst/clkout2_buf/O
                         net (fo=34220, routed)       0.768    -0.675    student_top_inst/Core_cpu/csr_inst/CLK
    SLICE_X34Y234        FDCE                                         r  student_top_inst/Core_cpu/csr_inst/mstatus_reg[24]/C
                         clock pessimism              0.219    -0.457    
    SLICE_X34Y234        FDCE (Hold_fdce_C_D)         0.060    -0.397    student_top_inst/Core_cpu/csr_inst/mstatus_reg[24]
  -------------------------------------------------------------------
                         required time                          0.397    
                         arrival time                          -0.266    
  -------------------------------------------------------------------
                         slack                                  0.130    

Slack (MET) :             0.131ns  (arrival time - required time)
  Source:                 student_top_inst/Core_cpu/csr_inst/old_mstatus_reg[22]/C
                            (rising edge-triggered cell FDCE clocked by clk_out2_pll  {rise@0.000ns fall@10.000ns period=20.000ns})
  Destination:            student_top_inst/Core_cpu/csr_inst/mstatus_reg[22]/D
                            (rising edge-triggered cell FDCE clocked by clk_out2_pll  {rise@0.000ns fall@10.000ns period=20.000ns})
  Path Group:             clk_out2_pll
  Path Type:              Hold (Min at Fast Process Corner)
  Requirement:            0.000ns  (clk_out2_pll rise@0.000ns - clk_out2_pll rise@0.000ns)
  Data Path Delay:        0.202ns  (logic 0.128ns (63.332%)  route 0.074ns (36.668%))
  Logic Levels:           1  (LUT6=1)
  Clock Path Skew:        0.011ns (DCD - SCD - CPR)
    Destination Clock Delay (DCD):    -0.676ns
    Source Clock Delay      (SCD):    -0.469ns
    Clock Pessimism Removal (CPR):    -0.219ns

    Location             Delay type                Incr(ns)  Path(ns)    Netlist Resource(s)
  -------------------------------------------------------------------    -------------------
                         (clock clk_out2_pll rise edge)
                                                      0.000     0.000 r  
    AD12                                              0.000     0.000 r  i_sys_clk_p (IN)
                         net (fo=0)                   0.000     0.000    pll_inst/inst/clk_in1_p
    AD12                 IBUFDS (Prop_ibufds_I_O)     0.388     0.388 r  pll_inst/inst/clkin1_ibufgds/O
                         net (fo=1, routed)           0.503     0.891    pll_inst/inst/clk_in1_pll
    PLLE2_ADV_X1Y1       PLLE2_ADV (Prop_plle2_adv_CLKIN1_CLKOUT1)
                                                     -2.908    -2.017 r  pll_inst/inst/plle2_adv_inst/CLKOUT1
                         net (fo=1, routed)           0.958    -1.059    pll_inst/inst/clk_out2_pll
    BUFGCTRL_X0Y0        BUFG (Prop_bufg_I_O)         0.026    -1.033 r  pll_inst/inst/clkout2_buf/O
                         net (fo=34220, routed)       0.564    -0.469    student_top_inst/Core_cpu/csr_inst/CLK
    SLICE_X35Y233        FDCE                                         r  student_top_inst/Core_cpu/csr_inst/old_mstatus_reg[22]/C
  -------------------------------------------------------------------    -------------------
    SLICE_X35Y233        FDCE (Prop_fdce_C_Q)         0.100    -0.369 r  student_top_inst/Core_cpu/csr_inst/old_mstatus_reg[22]/Q
                         net (fo=3, routed)           0.074    -0.294    student_top_inst/Core_cpu/csr_inst/old_mstatus[22]
    SLICE_X34Y233        LUT6 (Prop_lut6_I3_O)        0.028    -0.266 r  student_top_inst/Core_cpu/csr_inst/mstatus[22]_i_1/O
                         net (fo=1, routed)           0.000    -0.266    student_top_inst/Core_cpu/csr_inst/mstatus[22]
    SLICE_X34Y233        FDCE                                         r  student_top_inst/Core_cpu/csr_inst/mstatus_reg[22]/D
  -------------------------------------------------------------------    -------------------

                         (clock clk_out2_pll rise edge)
                                                      0.000     0.000 r  
    AD12                                              0.000     0.000 r  i_sys_clk_p (IN)
                         net (fo=0)                   0.000     0.000    pll_inst/inst/clk_in1_p
    AD12                 IBUFDS (Prop_ibufds_I_O)     0.470     0.470 r  pll_inst/inst/clkin1_ibufgds/O
                         net (fo=1, routed)           0.554     1.024    pll_inst/inst/clk_in1_pll
    PLLE2_ADV_X1Y1       PLLE2_ADV (Prop_plle2_adv_CLKIN1_CLKOUT1)
                                                     -3.524    -2.500 r  pll_inst/inst/plle2_adv_inst/CLKOUT1
                         net (fo=1, routed)           1.027    -1.473    pll_inst/inst/clk_out2_pll
    BUFGCTRL_X0Y0        BUFG (Prop_bufg_I_O)         0.030    -1.443 r  pll_inst/inst/clkout2_buf/O
                         net (fo=34220, routed)       0.767    -0.676    student_top_inst/Core_cpu/csr_inst/CLK
    SLICE_X34Y233        FDCE                                         r  student_top_inst/Core_cpu/csr_inst/mstatus_reg[22]/C
                         clock pessimism              0.219    -0.458    
    SLICE_X34Y233        FDCE (Hold_fdce_C_D)         0.060    -0.398    student_top_inst/Core_cpu/csr_inst/mstatus_reg[22]
  -------------------------------------------------------------------
                         required time                          0.398    
                         arrival time                          -0.266    
  -------------------------------------------------------------------
                         slack                                  0.131    

Slack (MET) :             0.133ns  (arrival time - required time)
  Source:                 student_top_inst/Core_cpu/csr_inst/mtvec_reg[16]/C
                            (rising edge-triggered cell FDCE clocked by clk_out2_pll  {rise@0.000ns fall@10.000ns period=20.000ns})
  Destination:            student_top_inst/Core_cpu/csr_inst/old_mtvec_reg[16]/D
                            (rising edge-triggered cell FDCE clocked by clk_out2_pll  {rise@0.000ns fall@10.000ns period=20.000ns})
  Path Group:             clk_out2_pll
  Path Type:              Hold (Min at Fast Process Corner)
  Requirement:            0.000ns  (clk_out2_pll rise@0.000ns - clk_out2_pll rise@0.000ns)
  Data Path Delay:        0.207ns  (logic 0.100ns (48.387%)  route 0.107ns (51.613%))
  Logic Levels:           0  
  Clock Path Skew:        0.031ns (DCD - SCD - CPR)
    Destination Clock Delay (DCD):    -0.681ns
    Source Clock Delay      (SCD):    -0.475ns
    Clock Pessimism Removal (CPR):    -0.238ns

    Location             Delay type                Incr(ns)  Path(ns)    Netlist Resource(s)
  -------------------------------------------------------------------    -------------------
                         (clock clk_out2_pll rise edge)
                                                      0.000     0.000 r  
    AD12                                              0.000     0.000 r  i_sys_clk_p (IN)
                         net (fo=0)                   0.000     0.000    pll_inst/inst/clk_in1_p
    AD12                 IBUFDS (Prop_ibufds_I_O)     0.388     0.388 r  pll_inst/inst/clkin1_ibufgds/O
                         net (fo=1, routed)           0.503     0.891    pll_inst/inst/clk_in1_pll
    PLLE2_ADV_X1Y1       PLLE2_ADV (Prop_plle2_adv_CLKIN1_CLKOUT1)
                                                     -2.908    -2.017 r  pll_inst/inst/plle2_adv_inst/CLKOUT1
                         net (fo=1, routed)           0.958    -1.059    pll_inst/inst/clk_out2_pll
    BUFGCTRL_X0Y0        BUFG (Prop_bufg_I_O)         0.026    -1.033 r  pll_inst/inst/clkout2_buf/O
                         net (fo=34220, routed)       0.558    -0.475    student_top_inst/Core_cpu/csr_inst/CLK
    SLICE_X28Y226        FDCE                                         r  student_top_inst/Core_cpu/csr_inst/mtvec_reg[16]/C
  -------------------------------------------------------------------    -------------------
    SLICE_X28Y226        FDCE (Prop_fdce_C_Q)         0.100    -0.375 r  student_top_inst/Core_cpu/csr_inst/mtvec_reg[16]/Q
                         net (fo=1, routed)           0.107    -0.268    student_top_inst/Core_cpu/csr_inst/mtvec_reg_n_0_[16]
    SLICE_X26Y226        FDCE                                         r  student_top_inst/Core_cpu/csr_inst/old_mtvec_reg[16]/D
  -------------------------------------------------------------------    -------------------

                         (clock clk_out2_pll rise edge)
                                                      0.000     0.000 r  
    AD12                                              0.000     0.000 r  i_sys_clk_p (IN)
                         net (fo=0)                   0.000     0.000    pll_inst/inst/clk_in1_p
    AD12                 IBUFDS (Prop_ibufds_I_O)     0.470     0.470 r  pll_inst/inst/clkin1_ibufgds/O
                         net (fo=1, routed)           0.554     1.024    pll_inst/inst/clk_in1_pll
    PLLE2_ADV_X1Y1       PLLE2_ADV (Prop_plle2_adv_CLKIN1_CLKOUT1)
                                                     -3.524    -2.500 r  pll_inst/inst/plle2_adv_inst/CLKOUT1
                         net (fo=1, routed)           1.027    -1.473    pll_inst/inst/clk_out2_pll
    BUFGCTRL_X0Y0        BUFG (Prop_bufg_I_O)         0.030    -1.443 r  pll_inst/inst/clkout2_buf/O
                         net (fo=34220, routed)       0.762    -0.681    student_top_inst/Core_cpu/csr_inst/CLK
    SLICE_X26Y226        FDCE                                         r  student_top_inst/Core_cpu/csr_inst/old_mtvec_reg[16]/C
                         clock pessimism              0.238    -0.444    
    SLICE_X26Y226        FDCE (Hold_fdce_C_D)         0.043    -0.401    student_top_inst/Core_cpu/csr_inst/old_mtvec_reg[16]
  -------------------------------------------------------------------
                         required time                          0.401    
                         arrival time                          -0.268    
  -------------------------------------------------------------------
                         slack                                  0.133    





Pulse Width Checks
--------------------------------------------------------------------------------------
Clock Name:         clk_out2_pll
Waveform(ns):       { 0.000 10.000 }
Period(ns):         20.000
Sources:            { pll_inst/inst/plle2_adv_inst/CLKOUT1 }

Check Type        Corner  Lib Pin            Reference Pin  Required(ns)  Actual(ns)  Slack(ns)  Location        Pin
Min Period        n/a     BUFG/I             n/a            1.408         20.000      18.591     BUFGCTRL_X0Y0   pll_inst/inst/clkout2_buf/I
Min Period        n/a     PLLE2_ADV/CLKOUT1  n/a            1.071         20.000      18.929     PLLE2_ADV_X1Y1  pll_inst/inst/plle2_adv_inst/CLKOUT1
Min Period        n/a     FDCE/C             n/a            0.750         20.000      19.250     SLICE_X40Y219   student_top_inst/Core_cpu/csr_inst/mcause_reg[2]/C
Min Period        n/a     FDCE/C             n/a            0.750         20.000      19.250     SLICE_X40Y219   student_top_inst/Core_cpu/csr_inst/mcause_reg[4]/C
Min Period        n/a     FDCE/C             n/a            0.750         20.000      19.250     SLICE_X34Y221   student_top_inst/Core_cpu/csr_inst/mcause_reg[7]/C
Min Period        n/a     FDCE/C             n/a            0.750         20.000      19.250     SLICE_X32Y219   student_top_inst/Core_cpu/csr_inst/mtvec_reg[11]/C
Min Period        n/a     FDCE/C             n/a            0.750         20.000      19.250     SLICE_X28Y226   student_top_inst/Core_cpu/csr_inst/mtvec_reg[13]/C
Min Period        n/a     FDCE/C             n/a            0.750         20.000      19.250     SLICE_X24Y231   student_top_inst/Core_cpu/csr_inst/mtvec_reg[15]/C
Min Period        n/a     FDCE/C             n/a            0.750         20.000      19.250     SLICE_X28Y226   student_top_inst/Core_cpu/csr_inst/mtvec_reg[17]/C
Min Period        n/a     FDCE/C             n/a            0.750         20.000      19.250     SLICE_X33Y221   student_top_inst/Core_cpu/csr_inst/mtvec_reg[19]/C
Max Period        n/a     PLLE2_ADV/CLKOUT1  n/a            160.000       20.000      140.000    PLLE2_ADV_X1Y1  pll_inst/inst/plle2_adv_inst/CLKOUT1
Low Pulse Width   Slow    RAMS64E/CLK        n/a            0.768         10.000      9.232      SLICE_X126Y295  student_top_inst/bridge_inst/dram_driver_inst/Mem_DRAM/U0/synth_options.dist_mem_inst/gen_sp_ram.spram_inst/ram_reg_0_255_0_0/RAMS64E_A/CLK
Low Pulse Width   Fast    RAMS64E/CLK        n/a            0.768         10.000      9.232      SLICE_X126Y295  student_top_inst/bridge_inst/dram_driver_inst/Mem_DRAM/U0/synth_options.dist_mem_inst/gen_sp_ram.spram_inst/ram_reg_0_255_0_0/RAMS64E_A/CLK
Low Pulse Width   Slow    RAMS64E/CLK        n/a            0.768         10.000      9.232      SLICE_X126Y295  student_top_inst/bridge_inst/dram_driver_inst/Mem_DRAM/U0/synth_options.dist_mem_inst/gen_sp_ram.spram_inst/ram_reg_0_255_0_0/RAMS64E_B/CLK
Low Pulse Width   Fast    RAMS64E/CLK        n/a            0.768         10.000      9.232      SLICE_X126Y295  student_top_inst/bridge_inst/dram_driver_inst/Mem_DRAM/U0/synth_options.dist_mem_inst/gen_sp_ram.spram_inst/ram_reg_0_255_0_0/RAMS64E_B/CLK
Low Pulse Width   Slow    RAMS64E/CLK        n/a            0.768         10.000      9.232      SLICE_X126Y295  student_top_inst/bridge_inst/dram_driver_inst/Mem_DRAM/U0/synth_options.dist_mem_inst/gen_sp_ram.spram_inst/ram_reg_0_255_0_0/RAMS64E_C/CLK
Low Pulse Width   Fast    RAMS64E/CLK        n/a            0.768         10.000      9.232      SLICE_X126Y295  student_top_inst/bridge_inst/dram_driver_inst/Mem_DRAM/U0/synth_options.dist_mem_inst/gen_sp_ram.spram_inst/ram_reg_0_255_0_0/RAMS64E_C/CLK
Low Pulse Width   Slow    RAMS64E/CLK        n/a            0.768         10.000      9.232      SLICE_X126Y295  student_top_inst/bridge_inst/dram_driver_inst/Mem_DRAM/U0/synth_options.dist_mem_inst/gen_sp_ram.spram_inst/ram_reg_0_255_0_0/RAMS64E_D/CLK
Low Pulse Width   Fast    RAMS64E/CLK        n/a            0.768         10.000      9.232      SLICE_X126Y295  student_top_inst/bridge_inst/dram_driver_inst/Mem_DRAM/U0/synth_options.dist_mem_inst/gen_sp_ram.spram_inst/ram_reg_0_255_0_0/RAMS64E_D/CLK
Low Pulse Width   Slow    RAMS64E/CLK        n/a            0.768         10.000      9.232      SLICE_X56Y141   student_top_inst/bridge_inst/dram_driver_inst/Mem_DRAM/U0/synth_options.dist_mem_inst/gen_sp_ram.spram_inst/ram_reg_0_255_10_10/RAMS64E_A/CLK
Low Pulse Width   Fast    RAMS64E/CLK        n/a            0.768         10.000      9.232      SLICE_X56Y141   student_top_inst/bridge_inst/dram_driver_inst/Mem_DRAM/U0/synth_options.dist_mem_inst/gen_sp_ram.spram_inst/ram_reg_0_255_10_10/RAMS64E_A/CLK
High Pulse Width  Slow    RAMS64E/CLK        n/a            0.768         10.000      9.232      SLICE_X126Y295  student_top_inst/bridge_inst/dram_driver_inst/Mem_DRAM/U0/synth_options.dist_mem_inst/gen_sp_ram.spram_inst/ram_reg_0_255_0_0/RAMS64E_A/CLK
High Pulse Width  Fast    RAMS64E/CLK        n/a            0.768         10.000      9.232      SLICE_X126Y295  student_top_inst/bridge_inst/dram_driver_inst/Mem_DRAM/U0/synth_options.dist_mem_inst/gen_sp_ram.spram_inst/ram_reg_0_255_0_0/RAMS64E_A/CLK
High Pulse Width  Slow    RAMS64E/CLK        n/a            0.768         10.000      9.232      SLICE_X126Y295  student_top_inst/bridge_inst/dram_driver_inst/Mem_DRAM/U0/synth_options.dist_mem_inst/gen_sp_ram.spram_inst/ram_reg_0_255_0_0/RAMS64E_B/CLK
High Pulse Width  Fast    RAMS64E/CLK        n/a            0.768         10.000      9.232      SLICE_X126Y295  student_top_inst/bridge_inst/dram_driver_inst/Mem_DRAM/U0/synth_options.dist_mem_inst/gen_sp_ram.spram_inst/ram_reg_0_255_0_0/RAMS64E_B/CLK
High Pulse Width  Slow    RAMS64E/CLK        n/a            0.768         10.000      9.232      SLICE_X126Y295  student_top_inst/bridge_inst/dram_driver_inst/Mem_DRAM/U0/synth_options.dist_mem_inst/gen_sp_ram.spram_inst/ram_reg_0_255_0_0/RAMS64E_C/CLK
High Pulse Width  Fast    RAMS64E/CLK        n/a            0.768         10.000      9.232      SLICE_X126Y295  student_top_inst/bridge_inst/dram_driver_inst/Mem_DRAM/U0/synth_options.dist_mem_inst/gen_sp_ram.spram_inst/ram_reg_0_255_0_0/RAMS64E_C/CLK
High Pulse Width  Slow    RAMS64E/CLK        n/a            0.768         10.000      9.232      SLICE_X126Y295  student_top_inst/bridge_inst/dram_driver_inst/Mem_DRAM/U0/synth_options.dist_mem_inst/gen_sp_ram.spram_inst/ram_reg_0_255_0_0/RAMS64E_D/CLK
High Pulse Width  Fast    RAMS64E/CLK        n/a            0.768         10.000      9.232      SLICE_X126Y295  student_top_inst/bridge_inst/dram_driver_inst/Mem_DRAM/U0/synth_options.dist_mem_inst/gen_sp_ram.spram_inst/ram_reg_0_255_0_0/RAMS64E_D/CLK
High Pulse Width  Slow    RAMS64E/CLK        n/a            0.768         10.000      9.232      SLICE_X56Y141   student_top_inst/bridge_inst/dram_driver_inst/Mem_DRAM/U0/synth_options.dist_mem_inst/gen_sp_ram.spram_inst/ram_reg_0_255_10_10/RAMS64E_A/CLK
High Pulse Width  Fast    RAMS64E/CLK        n/a            0.768         10.000      9.232      SLICE_X56Y141   student_top_inst/bridge_inst/dram_driver_inst/Mem_DRAM/U0/synth_options.dist_mem_inst/gen_sp_ram.spram_inst/ram_reg_0_255_10_10/RAMS64E_A/CLK



---------------------------------------------------------------------------------------------------
From Clock:  clkfbout_pll
  To Clock:  clkfbout_pll

Setup :           NA  Failing Endpoints,  Worst Slack           NA  ,  Total Violation           NA
Hold  :           NA  Failing Endpoints,  Worst Slack           NA  ,  Total Violation           NA
PW    :            0  Failing Endpoints,  Worst Slack       18.591ns,  Total Violation        0.000ns
---------------------------------------------------------------------------------------------------


Pulse Width Checks
--------------------------------------------------------------------------------------
Clock Name:         clkfbout_pll
Waveform(ns):       { 0.000 10.000 }
Period(ns):         20.000
Sources:            { pll_inst/inst/plle2_adv_inst/CLKFBOUT }

Check Type  Corner  Lib Pin             Reference Pin  Required(ns)  Actual(ns)  Slack(ns)  Location        Pin
Min Period  n/a     BUFG/I              n/a            1.408         20.000      18.591     BUFGCTRL_X0Y2   pll_inst/inst/clkf_buf/I
Min Period  n/a     PLLE2_ADV/CLKFBOUT  n/a            1.071         20.000      18.929     PLLE2_ADV_X1Y1  pll_inst/inst/plle2_adv_inst/CLKFBOUT
Min Period  n/a     PLLE2_ADV/CLKFBIN   n/a            1.071         20.000      18.929     PLLE2_ADV_X1Y1  pll_inst/inst/plle2_adv_inst/CLKFBIN
Max Period  n/a     PLLE2_ADV/CLKFBIN   n/a            52.633        20.000      32.633     PLLE2_ADV_X1Y1  pll_inst/inst/plle2_adv_inst/CLKFBIN
Max Period  n/a     PLLE2_ADV/CLKFBOUT  n/a            160.000       20.000      140.000    PLLE2_ADV_X1Y1  pll_inst/inst/plle2_adv_inst/CLKFBOUT



---------------------------------------------------------------------------------------------------
From Clock:  clk_out2_pll
  To Clock:  clk_out1_pll

Setup :            0  Failing Endpoints,  Worst Slack        7.944ns,  Total Violation        0.000ns
Hold  :            0  Failing Endpoints,  Worst Slack        0.118ns,  Total Violation        0.000ns
---------------------------------------------------------------------------------------------------


Max Delay Paths
--------------------------------------------------------------------------------------
Slack (MET) :             7.944ns  (required time - arrival time)
  Source:                 student_top_inst/Core_cpu/pc_inst/reg_pc_reg[7]_replica/C
                            (rising edge-triggered cell FDCE clocked by clk_out2_pll  {rise@0.000ns fall@10.000ns period=20.000ns})
  Destination:            student_top_inst/bridge_inst/counter_inst/start_reg/D
                            (rising edge-triggered cell FDRE clocked by clk_out1_pll  {rise@0.000ns fall@10.000ns period=20.000ns})
  Path Group:             clk_out1_pll
  Path Type:              Setup (Max at Slow Process Corner)
  Requirement:            20.000ns  (clk_out1_pll rise@20.000ns - clk_out2_pll rise@0.000ns)
  Data Path Delay:        11.587ns  (logic 2.182ns (18.832%)  route 9.405ns (81.169%))
  Logic Levels:           23  (CARRY4=5 LUT2=2 LUT3=2 LUT4=1 LUT5=2 LUT6=8 MUXF7=2 MUXF8=1)
  Clock Path Skew:        -0.278ns (DCD - SCD + CPR)
    Destination Clock Delay (DCD):    -2.232ns = ( 17.768 - 20.000 ) 
    Source Clock Delay      (SCD):    -2.551ns
    Clock Pessimism Removal (CPR):    -0.598ns
  Clock Uncertainty:      0.225ns  ((TSJ^2 + DJ^2)^1/2) / 2 + PE
    Total System Jitter     (TSJ):    0.071ns
    Discrete Jitter          (DJ):    0.198ns
    Phase Error              (PE):    0.120ns

    Location             Delay type                Incr(ns)  Path(ns)    Netlist Resource(s)
  -------------------------------------------------------------------    -------------------
                         (clock clk_out2_pll rise edge)
                                                      0.000     0.000 r  
    AD12                                              0.000     0.000 r  i_sys_clk_p (IN)
                         net (fo=0)                   0.000     0.000    pll_inst/inst/clk_in1_p
    AD12                 IBUFDS (Prop_ibufds_I_O)     0.906     0.906 r  pll_inst/inst/clkin1_ibufgds/O
                         net (fo=1, routed)           1.098     2.004    pll_inst/inst/clk_in1_pll
    PLLE2_ADV_X1Y1       PLLE2_ADV (Prop_plle2_adv_CLKIN1_CLKOUT1)
                                                     -8.058    -6.054 r  pll_inst/inst/plle2_adv_inst/CLKOUT1
                         net (fo=1, routed)           2.128    -3.926    pll_inst/inst/clk_out2_pll
    BUFGCTRL_X0Y0        BUFG (Prop_bufg_I_O)         0.093    -3.833 r  pll_inst/inst/clkout2_buf/O
                         net (fo=34220, routed)       1.282    -2.551    student_top_inst/Core_cpu/pc_inst/CLK
    SLICE_X31Y206        FDCE                                         r  student_top_inst/Core_cpu/pc_inst/reg_pc_reg[7]_replica/C
  -------------------------------------------------------------------    -------------------
    SLICE_X31Y206        FDCE (Prop_fdce_C_Q)         0.223    -2.328 f  student_top_inst/Core_cpu/pc_inst/reg_pc_reg[7]_replica/Q
                         net (fo=212, routed)         0.711    -1.618    student_top_inst/Mem_IROM/U0/synth_options.dist_mem_inst/gen_rom.rom_inst/Q[7]_repN_alias
    SLICE_X30Y205        LUT4 (Prop_lut4_I2_O)        0.050    -1.568 r  student_top_inst/Mem_IROM/U0/synth_options.dist_mem_inst/gen_rom.rom_inst/spo[19]_INST_0_i_20/O
                         net (fo=6, routed)           0.598    -0.970    student_top_inst/Mem_IROM/U0/synth_options.dist_mem_inst/gen_rom.rom_inst/spo[19]_INST_0_i_20_n_0
    SLICE_X33Y208        LUT6 (Prop_lut6_I0_O)        0.132    -0.838 r  student_top_inst/Mem_IROM/U0/synth_options.dist_mem_inst/gen_rom.rom_inst/spo[21]_INST_0_i_17/O
                         net (fo=1, routed)           0.545    -0.292    student_top_inst/Mem_IROM/U0/synth_options.dist_mem_inst/gen_rom.rom_inst/spo[21]_INST_0_i_17_n_0
    SLICE_X37Y215        LUT6 (Prop_lut6_I2_O)        0.043    -0.249 r  student_top_inst/Mem_IROM/U0/synth_options.dist_mem_inst/gen_rom.rom_inst/spo[21]_INST_0_i_6/O
                         net (fo=1, routed)           0.000    -0.249    student_top_inst/Mem_IROM/U0/synth_options.dist_mem_inst/gen_rom.rom_inst/spo[21]_INST_0_i_6_n_0
    SLICE_X37Y215        MUXF7 (Prop_muxf7_I1_O)      0.108    -0.141 r  student_top_inst/Mem_IROM/U0/synth_options.dist_mem_inst/gen_rom.rom_inst/spo[21]_INST_0_i_2/O
                         net (fo=1, routed)           0.000    -0.141    student_top_inst/Mem_IROM/U0/synth_options.dist_mem_inst/gen_rom.rom_inst/spo[21]_INST_0_i_2_n_0
    SLICE_X37Y215        MUXF8 (Prop_muxf8_I1_O)      0.043    -0.098 r  student_top_inst/Mem_IROM/U0/synth_options.dist_mem_inst/gen_rom.rom_inst/spo[21]_INST_0/O
                         net (fo=273, routed)         1.536     1.438    student_top_inst/Core_cpu/rf_inst/reg_bank_reg[0][31]_0[21]
    SLICE_X1Y210         LUT6 (Prop_lut6_I2_O)        0.126     1.564 r  student_top_inst/Core_cpu/rf_inst/seg_wdata[19]_i_7/O
                         net (fo=1, routed)           0.000     1.564    student_top_inst/Core_cpu/rf_inst/seg_wdata[19]_i_7_n_0
    SLICE_X1Y210         MUXF7 (Prop_muxf7_I1_O)      0.122     1.686 r  student_top_inst/Core_cpu/rf_inst/seg_wdata_reg[19]_i_2/O
                         net (fo=1, routed)           0.694     2.379    student_top_inst/Core_cpu/rf_inst/seg_wdata_reg[19]_i_2_n_0
    SLICE_X4Y212         LUT6 (Prop_lut6_I0_O)        0.122     2.501 r  student_top_inst/Core_cpu/rf_inst/seg_wdata[19]_i_1/O
                         net (fo=7, routed)           1.257     3.758    student_top_inst/Core_cpu/rf_inst/seg_wdata_reg[19]_i_5_0
    SLICE_X32Y227        LUT5 (Prop_lut5_I3_O)        0.043     3.801 r  student_top_inst/Core_cpu/rf_inst/reg_bank[31][19]_i_20/O
                         net (fo=3, routed)           0.445     4.246    student_top_inst/Core_cpu/rf_inst/B[19]
    SLICE_X37Y225        LUT3 (Prop_lut3_I1_O)        0.043     4.289 r  student_top_inst/Core_cpu/rf_inst/Mem_DRAM_i_269/O
                         net (fo=1, routed)           0.000     4.289    student_top_inst/Core_cpu/rf_inst/Mem_DRAM_i_269_n_0
    SLICE_X37Y225        CARRY4 (Prop_carry4_S[3]_CO[3])
                                                      0.193     4.482 r  student_top_inst/Core_cpu/rf_inst/Mem_DRAM_i_150/CO[3]
                         net (fo=1, routed)           0.000     4.482    student_top_inst/Core_cpu/rf_inst/Mem_DRAM_i_150_n_0
    SLICE_X37Y226        CARRY4 (Prop_carry4_CI_CO[3])
                                                      0.053     4.535 r  student_top_inst/Core_cpu/rf_inst/reg_bank_reg[31][27]_i_17/CO[3]
                         net (fo=1, routed)           0.000     4.535    student_top_inst/Core_cpu/rf_inst/reg_bank_reg[31][27]_i_17_n_0
    SLICE_X37Y227        CARRY4 (Prop_carry4_CI_CO[3])
                                                      0.053     4.588 r  student_top_inst/Core_cpu/rf_inst/reg_bank_reg[31][27]_i_11/CO[3]
                         net (fo=1, routed)           0.000     4.588    student_top_inst/Core_cpu/rf_inst/reg_bank_reg[31][27]_i_11_n_0
    SLICE_X37Y228        CARRY4 (Prop_carry4_CI_CO[3])
                                                      0.053     4.641 r  student_top_inst/Core_cpu/rf_inst/reg_bank_reg[31][28]_i_11/CO[3]
                         net (fo=1, routed)           0.000     4.641    student_top_inst/Core_cpu/rf_inst/reg_bank_reg[31][28]_i_11_n_0
    SLICE_X37Y229        CARRY4 (Prop_carry4_CI_CO[0])
                                                      0.139     4.780 r  student_top_inst/Core_cpu/rf_inst/reg_pc_reg[0]_i_23/CO[0]
                         net (fo=1, routed)           0.537     5.317    student_top_inst/Core_cpu/rf_inst/alu_inst/bgeu_result
    SLICE_X35Y219        LUT6 (Prop_lut6_I2_O)        0.131     5.448 f  student_top_inst/Core_cpu/rf_inst/reg_pc[0]_i_11/O
                         net (fo=1, routed)           0.315     5.762    student_top_inst/Core_cpu/rf_inst/reg_pc[0]_i_11_n_0
    SLICE_X35Y219        LUT6 (Prop_lut6_I5_O)        0.043     5.805 f  student_top_inst/Core_cpu/rf_inst/reg_pc[0]_i_5/O
                         net (fo=1, routed)           0.099     5.904    student_top_inst/Core_cpu/rf_inst/reg_pc[0]_i_5_n_0
    SLICE_X35Y219        LUT6 (Prop_lut6_I0_O)        0.043     5.947 f  student_top_inst/Core_cpu/rf_inst/reg_pc[0]_i_2/O
                         net (fo=64, routed)          1.056     7.003    student_top_inst/Core_cpu/rf_inst/Mem_DRAM_i_111_0
    SLICE_X31Y235        LUT3 (Prop_lut3_I2_O)        0.052     7.055 f  student_top_inst/Core_cpu/rf_inst/seg_wdata[31]_i_3/O
                         net (fo=3, routed)           0.453     7.508    student_top_inst/Core_cpu/rf_inst/seg_wdata[31]_i_3_n_0
    SLICE_X31Y233        LUT2 (Prop_lut2_I0_O)        0.145     7.653 f  student_top_inst/Core_cpu/rf_inst/reg_bank[31][31]_i_40/O
                         net (fo=38, routed)          0.485     8.138    student_top_inst/Core_cpu/rf_inst/reg_bank[31][31]_i_40_n_0
    SLICE_X27Y234        LUT5 (Prop_lut5_I3_O)        0.136     8.274 f  student_top_inst/Core_cpu/rf_inst/reg_bank[31][31]_i_18/O
                         net (fo=2, routed)           0.348     8.622    student_top_inst/Core_cpu/rf_inst/reg_bank[31][31]_i_18_n_0
    SLICE_X35Y235        LUT2 (Prop_lut2_I1_O)        0.043     8.665 r  student_top_inst/Core_cpu/rf_inst/start_i_2/O
                         net (fo=1, routed)           0.327     8.993    student_top_inst/Core_cpu/rf_inst/start_i_2_n_0
    SLICE_X35Y238        LUT6 (Prop_lut6_I1_O)        0.043     9.036 r  student_top_inst/Core_cpu/rf_inst/start_i_1/O
                         net (fo=1, routed)           0.000     9.036    student_top_inst/bridge_inst/counter_inst/start_reg_0
    SLICE_X35Y238        FDRE                                         r  student_top_inst/bridge_inst/counter_inst/start_reg/D
  -------------------------------------------------------------------    -------------------

                         (clock clk_out1_pll rise edge)
                                                     20.000    20.000 r  
    AD12                                              0.000    20.000 r  i_sys_clk_p (IN)
                         net (fo=0)                   0.000    20.000    pll_inst/inst/clk_in1_p
    AD12                 IBUFDS (Prop_ibufds_I_O)     0.803    20.803 r  pll_inst/inst/clkin1_ibufgds/O
                         net (fo=1, routed)           1.001    21.804    pll_inst/inst/clk_in1_pll
    PLLE2_ADV_X1Y1       PLLE2_ADV (Prop_plle2_adv_CLKIN1_CLKOUT0)
                                                     -7.261    14.543 r  pll_inst/inst/plle2_adv_inst/CLKOUT0
                         net (fo=1, routed)           2.003    16.546    pll_inst/inst/clk_out1_pll
    BUFGCTRL_X0Y1        BUFG (Prop_bufg_I_O)         0.083    16.629 r  pll_inst/inst/clkout1_buf/O
                         net (fo=353, routed)         1.139    17.768    student_top_inst/bridge_inst/counter_inst/clk_out1
    SLICE_X35Y238        FDRE                                         r  student_top_inst/bridge_inst/counter_inst/start_reg/C
                         clock pessimism             -0.598    17.171    
                         clock uncertainty           -0.225    16.945    
    SLICE_X35Y238        FDRE (Setup_fdre_C_D)        0.034    16.979    student_top_inst/bridge_inst/counter_inst/start_reg
  -------------------------------------------------------------------
                         required time                         16.979    
                         arrival time                          -9.036    
  -------------------------------------------------------------------
                         slack                                  7.944    

Slack (MET) :             15.263ns  (required time - arrival time)
  Source:                 student_top_inst/bridge_inst/seg_driver/count_reg[4]/C
                            (rising edge-triggered cell FDCE clocked by clk_out2_pll  {rise@0.000ns fall@10.000ns period=20.000ns})
  Destination:            twin_controller_inst/status_buffer_reg[0][3]/D
                            (rising edge-triggered cell FDCE clocked by clk_out1_pll  {rise@0.000ns fall@10.000ns period=20.000ns})
  Path Group:             clk_out1_pll
  Path Type:              Setup (Max at Slow Process Corner)
  Requirement:            20.000ns  (clk_out1_pll rise@20.000ns - clk_out2_pll rise@0.000ns)
  Data Path Delay:        4.214ns  (logic 0.370ns (8.780%)  route 3.844ns (91.220%))
  Logic Levels:           2  (LUT3=1 LUT6=1)
  Clock Path Skew:        -0.275ns (DCD - SCD + CPR)
    Destination Clock Delay (DCD):    -2.226ns = ( 17.774 - 20.000 ) 
    Source Clock Delay      (SCD):    -2.548ns
    Clock Pessimism Removal (CPR):    -0.598ns
  Clock Uncertainty:      0.225ns  ((TSJ^2 + DJ^2)^1/2) / 2 + PE
    Total System Jitter     (TSJ):    0.071ns
    Discrete Jitter          (DJ):    0.198ns
    Phase Error              (PE):    0.120ns

    Location             Delay type                Incr(ns)  Path(ns)    Netlist Resource(s)
  -------------------------------------------------------------------    -------------------
                         (clock clk_out2_pll rise edge)
                                                      0.000     0.000 r  
    AD12                                              0.000     0.000 r  i_sys_clk_p (IN)
                         net (fo=0)                   0.000     0.000    pll_inst/inst/clk_in1_p
    AD12                 IBUFDS (Prop_ibufds_I_O)     0.906     0.906 r  pll_inst/inst/clkin1_ibufgds/O
                         net (fo=1, routed)           1.098     2.004    pll_inst/inst/clk_in1_pll
    PLLE2_ADV_X1Y1       PLLE2_ADV (Prop_plle2_adv_CLKIN1_CLKOUT1)
                                                     -8.058    -6.054 r  pll_inst/inst/plle2_adv_inst/CLKOUT1
                         net (fo=1, routed)           2.128    -3.926    pll_inst/inst/clk_out2_pll
    BUFGCTRL_X0Y0        BUFG (Prop_bufg_I_O)         0.093    -3.833 r  pll_inst/inst/clkout2_buf/O
                         net (fo=34220, routed)       1.285    -2.548    student_top_inst/bridge_inst/seg_driver/CLK
    SLICE_X25Y242        FDCE                                         r  student_top_inst/bridge_inst/seg_driver/count_reg[4]/C
  -------------------------------------------------------------------    -------------------
    SLICE_X25Y242        FDCE (Prop_fdce_C_Q)         0.204    -2.344 r  student_top_inst/bridge_inst/seg_driver/count_reg[4]/Q
                         net (fo=48, routed)          2.069    -0.276    student_top_inst/bridge_inst/seg_driver/Q[0]
    SLICE_X26Y235        LUT3 (Prop_lut3_I1_O)        0.123    -0.153 r  student_top_inst/bridge_inst/seg_driver/virtual_seg_OBUF[6]_inst_i_3/O
                         net (fo=7, routed)           0.941     0.788    student_top_inst/bridge_inst/seg_driver/virtual_seg_OBUF[6]_inst_i_3_n_0
    SLICE_X24Y241        LUT6 (Prop_lut6_I1_O)        0.043     0.831 r  student_top_inst/bridge_inst/seg_driver/virtual_seg_OBUF[3]_inst_i_1/O
                         net (fo=2, routed)           0.835     1.666    twin_controller_inst/virtual_seg_OBUF[3]
    SLICE_X24Y244        FDCE                                         r  twin_controller_inst/status_buffer_reg[0][3]/D
  -------------------------------------------------------------------    -------------------

                         (clock clk_out1_pll rise edge)
                                                     20.000    20.000 r  
    AD12                                              0.000    20.000 r  i_sys_clk_p (IN)
                         net (fo=0)                   0.000    20.000    pll_inst/inst/clk_in1_p
    AD12                 IBUFDS (Prop_ibufds_I_O)     0.803    20.803 r  pll_inst/inst/clkin1_ibufgds/O
                         net (fo=1, routed)           1.001    21.804    pll_inst/inst/clk_in1_pll
    PLLE2_ADV_X1Y1       PLLE2_ADV (Prop_plle2_adv_CLKIN1_CLKOUT0)
                                                     -7.261    14.543 r  pll_inst/inst/plle2_adv_inst/CLKOUT0
                         net (fo=1, routed)           2.003    16.546    pll_inst/inst/clk_out1_pll
    BUFGCTRL_X0Y1        BUFG (Prop_bufg_I_O)         0.083    16.629 r  pll_inst/inst/clkout1_buf/O
                         net (fo=353, routed)         1.145    17.774    twin_controller_inst/CLK
    SLICE_X24Y244        FDCE                                         r  twin_controller_inst/status_buffer_reg[0][3]/C
                         clock pessimism             -0.598    17.177    
                         clock uncertainty           -0.225    16.951    
    SLICE_X24Y244        FDCE (Setup_fdce_C_D)       -0.022    16.929    twin_controller_inst/status_buffer_reg[0][3]
  -------------------------------------------------------------------
                         required time                         16.929    
                         arrival time                          -1.666    
  -------------------------------------------------------------------
                         slack                                 15.263    

Slack (MET) :             15.278ns  (required time - arrival time)
  Source:                 student_top_inst/bridge_inst/seg_driver/count_reg[4]/C
                            (rising edge-triggered cell FDCE clocked by clk_out2_pll  {rise@0.000ns fall@10.000ns period=20.000ns})
  Destination:            twin_controller_inst/status_buffer_reg[4][4]/D
                            (rising edge-triggered cell FDCE clocked by clk_out1_pll  {rise@0.000ns fall@10.000ns period=20.000ns})
  Path Group:             clk_out1_pll
  Path Type:              Setup (Max at Slow Process Corner)
  Requirement:            20.000ns  (clk_out1_pll rise@20.000ns - clk_out2_pll rise@0.000ns)
  Data Path Delay:        4.196ns  (logic 0.475ns (11.319%)  route 3.721ns (88.681%))
  Logic Levels:           2  (LUT3=1 LUT6=1)
  Clock Path Skew:        -0.281ns (DCD - SCD + CPR)
    Destination Clock Delay (DCD):    -2.232ns = ( 17.768 - 20.000 ) 
    Source Clock Delay      (SCD):    -2.548ns
    Clock Pessimism Removal (CPR):    -0.598ns
  Clock Uncertainty:      0.225ns  ((TSJ^2 + DJ^2)^1/2) / 2 + PE
    Total System Jitter     (TSJ):    0.071ns
    Discrete Jitter          (DJ):    0.198ns
    Phase Error              (PE):    0.120ns

    Location             Delay type                Incr(ns)  Path(ns)    Netlist Resource(s)
  -------------------------------------------------------------------    -------------------
                         (clock clk_out2_pll rise edge)
                                                      0.000     0.000 r  
    AD12                                              0.000     0.000 r  i_sys_clk_p (IN)
                         net (fo=0)                   0.000     0.000    pll_inst/inst/clk_in1_p
    AD12                 IBUFDS (Prop_ibufds_I_O)     0.906     0.906 r  pll_inst/inst/clkin1_ibufgds/O
                         net (fo=1, routed)           1.098     2.004    pll_inst/inst/clk_in1_pll
    PLLE2_ADV_X1Y1       PLLE2_ADV (Prop_plle2_adv_CLKIN1_CLKOUT1)
                                                     -8.058    -6.054 r  pll_inst/inst/plle2_adv_inst/CLKOUT1
                         net (fo=1, routed)           2.128    -3.926    pll_inst/inst/clk_out2_pll
    BUFGCTRL_X0Y0        BUFG (Prop_bufg_I_O)         0.093    -3.833 r  pll_inst/inst/clkout2_buf/O
                         net (fo=34220, routed)       1.285    -2.548    student_top_inst/bridge_inst/seg_driver/CLK
    SLICE_X25Y242        FDCE                                         r  student_top_inst/bridge_inst/seg_driver/count_reg[4]/C
  -------------------------------------------------------------------    -------------------
    SLICE_X25Y242        FDCE (Prop_fdce_C_Q)         0.204    -2.344 r  student_top_inst/bridge_inst/seg_driver/count_reg[4]/Q
                         net (fo=48, routed)          1.670    -0.674    student_top_inst/bridge_inst/seg_driver/Q[0]
    SLICE_X29Y240        LUT3 (Prop_lut3_I1_O)        0.134    -0.540 r  student_top_inst/bridge_inst/seg_driver/virtual_seg_OBUF[36]_inst_i_4/O
                         net (fo=7, routed)           1.057     0.517    student_top_inst/bridge_inst/seg_driver/virtual_seg_OBUF[36]_inst_i_4_n_0
    SLICE_X25Y234        LUT6 (Prop_lut6_I5_O)        0.137     0.654 r  student_top_inst/bridge_inst/seg_driver/virtual_seg_OBUF[36]_inst_i_1/O
                         net (fo=2, routed)           0.994     1.648    twin_controller_inst/virtual_seg_OBUF[29]
    SLICE_X25Y234        FDCE                                         r  twin_controller_inst/status_buffer_reg[4][4]/D
  -------------------------------------------------------------------    -------------------

                         (clock clk_out1_pll rise edge)
                                                     20.000    20.000 r  
    AD12                                              0.000    20.000 r  i_sys_clk_p (IN)
                         net (fo=0)                   0.000    20.000    pll_inst/inst/clk_in1_p
    AD12                 IBUFDS (Prop_ibufds_I_O)     0.803    20.803 r  pll_inst/inst/clkin1_ibufgds/O
                         net (fo=1, routed)           1.001    21.804    pll_inst/inst/clk_in1_pll
    PLLE2_ADV_X1Y1       PLLE2_ADV (Prop_plle2_adv_CLKIN1_CLKOUT0)
                                                     -7.261    14.543 r  pll_inst/inst/plle2_adv_inst/CLKOUT0
                         net (fo=1, routed)           2.003    16.546    pll_inst/inst/clk_out1_pll
    BUFGCTRL_X0Y1        BUFG (Prop_bufg_I_O)         0.083    16.629 r  pll_inst/inst/clkout1_buf/O
                         net (fo=353, routed)         1.139    17.768    twin_controller_inst/CLK
    SLICE_X25Y234        FDCE                                         r  twin_controller_inst/status_buffer_reg[4][4]/C
                         clock pessimism             -0.598    17.171    
                         clock uncertainty           -0.225    16.945    
    SLICE_X25Y234        FDCE (Setup_fdce_C_D)       -0.019    16.926    twin_controller_inst/status_buffer_reg[4][4]
  -------------------------------------------------------------------
                         required time                         16.926    
                         arrival time                          -1.648    
  -------------------------------------------------------------------
                         slack                                 15.278    

Slack (MET) :             15.374ns  (required time - arrival time)
  Source:                 student_top_inst/bridge_inst/seg_driver/count_reg[4]/C
                            (rising edge-triggered cell FDCE clocked by clk_out2_pll  {rise@0.000ns fall@10.000ns period=20.000ns})
  Destination:            twin_controller_inst/status_buffer_reg[3][1]/D
                            (rising edge-triggered cell FDCE clocked by clk_out1_pll  {rise@0.000ns fall@10.000ns period=20.000ns})
  Path Group:             clk_out1_pll
  Path Type:              Setup (Max at Slow Process Corner)
  Requirement:            20.000ns  (clk_out1_pll rise@20.000ns - clk_out2_pll rise@0.000ns)
  Data Path Delay:        4.094ns  (logic 0.471ns (11.505%)  route 3.623ns (88.495%))
  Logic Levels:           2  (LUT3=1 LUT6=1)
  Clock Path Skew:        -0.276ns (DCD - SCD + CPR)
    Destination Clock Delay (DCD):    -2.227ns = ( 17.773 - 20.000 ) 
    Source Clock Delay      (SCD):    -2.548ns
    Clock Pessimism Removal (CPR):    -0.598ns
  Clock Uncertainty:      0.225ns  ((TSJ^2 + DJ^2)^1/2) / 2 + PE
    Total System Jitter     (TSJ):    0.071ns
    Discrete Jitter          (DJ):    0.198ns
    Phase Error              (PE):    0.120ns

    Location             Delay type                Incr(ns)  Path(ns)    Netlist Resource(s)
  -------------------------------------------------------------------    -------------------
                         (clock clk_out2_pll rise edge)
                                                      0.000     0.000 r  
    AD12                                              0.000     0.000 r  i_sys_clk_p (IN)
                         net (fo=0)                   0.000     0.000    pll_inst/inst/clk_in1_p
    AD12                 IBUFDS (Prop_ibufds_I_O)     0.906     0.906 r  pll_inst/inst/clkin1_ibufgds/O
                         net (fo=1, routed)           1.098     2.004    pll_inst/inst/clk_in1_pll
    PLLE2_ADV_X1Y1       PLLE2_ADV (Prop_plle2_adv_CLKIN1_CLKOUT1)
                                                     -8.058    -6.054 r  pll_inst/inst/plle2_adv_inst/CLKOUT1
                         net (fo=1, routed)           2.128    -3.926    pll_inst/inst/clk_out2_pll
    BUFGCTRL_X0Y0        BUFG (Prop_bufg_I_O)         0.093    -3.833 r  pll_inst/inst/clkout2_buf/O
                         net (fo=34220, routed)       1.285    -2.548    student_top_inst/bridge_inst/seg_driver/CLK
    SLICE_X25Y242        FDCE                                         r  student_top_inst/bridge_inst/seg_driver/count_reg[4]/C
  -------------------------------------------------------------------    -------------------
    SLICE_X25Y242        FDCE (Prop_fdce_C_Q)         0.204    -2.344 r  student_top_inst/bridge_inst/seg_driver/count_reg[4]/Q
                         net (fo=48, routed)          1.770    -0.574    student_top_inst/bridge_inst/seg_driver/Q[0]
    SLICE_X28Y236        LUT3 (Prop_lut3_I1_O)        0.131    -0.443 f  student_top_inst/bridge_inst/seg_driver/virtual_seg_OBUF[26]_inst_i_3/O
                         net (fo=7, routed)           0.939     0.496    student_top_inst/bridge_inst/seg_driver/virtual_seg_OBUF[26]_inst_i_3_n_0
    SLICE_X21Y236        LUT6 (Prop_lut6_I5_O)        0.136     0.632 r  student_top_inst/bridge_inst/seg_driver/virtual_seg_OBUF[25]_inst_i_1/O
                         net (fo=2, routed)           0.913     1.545    twin_controller_inst/virtual_seg_OBUF[21]
    SLICE_X21Y235        FDCE                                         r  twin_controller_inst/status_buffer_reg[3][1]/D
  -------------------------------------------------------------------    -------------------

                         (clock clk_out1_pll rise edge)
                                                     20.000    20.000 r  
    AD12                                              0.000    20.000 r  i_sys_clk_p (IN)
                         net (fo=0)                   0.000    20.000    pll_inst/inst/clk_in1_p
    AD12                 IBUFDS (Prop_ibufds_I_O)     0.803    20.803 r  pll_inst/inst/clkin1_ibufgds/O
                         net (fo=1, routed)           1.001    21.804    pll_inst/inst/clk_in1_pll
    PLLE2_ADV_X1Y1       PLLE2_ADV (Prop_plle2_adv_CLKIN1_CLKOUT0)
                                                     -7.261    14.543 r  pll_inst/inst/plle2_adv_inst/CLKOUT0
                         net (fo=1, routed)           2.003    16.546    pll_inst/inst/clk_out1_pll
    BUFGCTRL_X0Y1        BUFG (Prop_bufg_I_O)         0.083    16.629 r  pll_inst/inst/clkout1_buf/O
                         net (fo=353, routed)         1.144    17.773    twin_controller_inst/CLK
    SLICE_X21Y235        FDCE                                         r  twin_controller_inst/status_buffer_reg[3][1]/C
                         clock pessimism             -0.598    17.176    
                         clock uncertainty           -0.225    16.950    
    SLICE_X21Y235        FDCE (Setup_fdce_C_D)       -0.031    16.919    twin_controller_inst/status_buffer_reg[3][1]
  -------------------------------------------------------------------
                         required time                         16.919    
                         arrival time                          -1.545    
  -------------------------------------------------------------------
                         slack                                 15.374    

Slack (MET) :             15.418ns  (required time - arrival time)
  Source:                 student_top_inst/bridge_inst/seg_driver/count_reg[4]/C
                            (rising edge-triggered cell FDCE clocked by clk_out2_pll  {rise@0.000ns fall@10.000ns period=20.000ns})
  Destination:            twin_controller_inst/status_buffer_reg[3][7]/D
                            (rising edge-triggered cell FDCE clocked by clk_out1_pll  {rise@0.000ns fall@10.000ns period=20.000ns})
  Path Group:             clk_out1_pll
  Path Type:              Setup (Max at Slow Process Corner)
  Requirement:            20.000ns  (clk_out1_pll rise@20.000ns - clk_out2_pll rise@0.000ns)
  Data Path Delay:        4.057ns  (logic 0.370ns (9.120%)  route 3.687ns (90.880%))
  Logic Levels:           2  (LUT3=1 LUT6=1)
  Clock Path Skew:        -0.281ns (DCD - SCD + CPR)
    Destination Clock Delay (DCD):    -2.232ns = ( 17.768 - 20.000 ) 
    Source Clock Delay      (SCD):    -2.548ns
    Clock Pessimism Removal (CPR):    -0.598ns
  Clock Uncertainty:      0.225ns  ((TSJ^2 + DJ^2)^1/2) / 2 + PE
    Total System Jitter     (TSJ):    0.071ns
    Discrete Jitter          (DJ):    0.198ns
    Phase Error              (PE):    0.120ns

    Location             Delay type                Incr(ns)  Path(ns)    Netlist Resource(s)
  -------------------------------------------------------------------    -------------------
                         (clock clk_out2_pll rise edge)
                                                      0.000     0.000 r  
    AD12                                              0.000     0.000 r  i_sys_clk_p (IN)
                         net (fo=0)                   0.000     0.000    pll_inst/inst/clk_in1_p
    AD12                 IBUFDS (Prop_ibufds_I_O)     0.906     0.906 r  pll_inst/inst/clkin1_ibufgds/O
                         net (fo=1, routed)           1.098     2.004    pll_inst/inst/clk_in1_pll
    PLLE2_ADV_X1Y1       PLLE2_ADV (Prop_plle2_adv_CLKIN1_CLKOUT1)
                                                     -8.058    -6.054 r  pll_inst/inst/plle2_adv_inst/CLKOUT1
                         net (fo=1, routed)           2.128    -3.926    pll_inst/inst/clk_out2_pll
    BUFGCTRL_X0Y0        BUFG (Prop_bufg_I_O)         0.093    -3.833 r  pll_inst/inst/clkout2_buf/O
                         net (fo=34220, routed)       1.285    -2.548    student_top_inst/bridge_inst/seg_driver/CLK
    SLICE_X25Y242        FDCE                                         r  student_top_inst/bridge_inst/seg_driver/count_reg[4]/C
  -------------------------------------------------------------------    -------------------
    SLICE_X25Y242        FDCE (Prop_fdce_C_Q)         0.204    -2.344 r  student_top_inst/bridge_inst/seg_driver/count_reg[4]/Q
                         net (fo=48, routed)          1.670    -0.674    student_top_inst/bridge_inst/seg_driver/Q[0]
    SLICE_X29Y240        LUT3 (Prop_lut3_I1_O)        0.123    -0.551 f  student_top_inst/bridge_inst/seg_driver/virtual_seg_OBUF[36]_inst_i_2/O
                         net (fo=7, routed)           1.267     0.716    student_top_inst/bridge_inst/seg_driver/virtual_seg_OBUF[36]_inst_i_2_n_0
    SLICE_X24Y234        LUT6 (Prop_lut6_I0_O)        0.043     0.759 r  student_top_inst/bridge_inst/seg_driver/virtual_seg_OBUF[31]_inst_i_1/O
                         net (fo=2, routed)           0.750     1.509    twin_controller_inst/virtual_seg_OBUF[24]
    SLICE_X27Y234        FDCE                                         r  twin_controller_inst/status_buffer_reg[3][7]/D
  -------------------------------------------------------------------    -------------------

                         (clock clk_out1_pll rise edge)
                                                     20.000    20.000 r  
    AD12                                              0.000    20.000 r  i_sys_clk_p (IN)
                         net (fo=0)                   0.000    20.000    pll_inst/inst/clk_in1_p
    AD12                 IBUFDS (Prop_ibufds_I_O)     0.803    20.803 r  pll_inst/inst/clkin1_ibufgds/O
                         net (fo=1, routed)           1.001    21.804    pll_inst/inst/clk_in1_pll
    PLLE2_ADV_X1Y1       PLLE2_ADV (Prop_plle2_adv_CLKIN1_CLKOUT0)
                                                     -7.261    14.543 r  pll_inst/inst/plle2_adv_inst/CLKOUT0
                         net (fo=1, routed)           2.003    16.546    pll_inst/inst/clk_out1_pll
    BUFGCTRL_X0Y1        BUFG (Prop_bufg_I_O)         0.083    16.629 r  pll_inst/inst/clkout1_buf/O
                         net (fo=353, routed)         1.139    17.768    twin_controller_inst/CLK
    SLICE_X27Y234        FDCE                                         r  twin_controller_inst/status_buffer_reg[3][7]/C
                         clock pessimism             -0.598    17.171    
                         clock uncertainty           -0.225    16.945    
    SLICE_X27Y234        FDCE (Setup_fdce_C_D)       -0.019    16.926    twin_controller_inst/status_buffer_reg[3][7]
  -------------------------------------------------------------------
                         required time                         16.926    
                         arrival time                          -1.509    
  -------------------------------------------------------------------
                         slack                                 15.418    

Slack (MET) :             15.465ns  (required time - arrival time)
  Source:                 student_top_inst/bridge_inst/seg_driver/count_reg[4]/C
                            (rising edge-triggered cell FDCE clocked by clk_out2_pll  {rise@0.000ns fall@10.000ns period=20.000ns})
  Destination:            twin_controller_inst/status_buffer_reg[2][0]/D
                            (rising edge-triggered cell FDCE clocked by clk_out1_pll  {rise@0.000ns fall@10.000ns period=20.000ns})
  Path Group:             clk_out1_pll
  Path Type:              Setup (Max at Slow Process Corner)
  Requirement:            20.000ns  (clk_out1_pll rise@20.000ns - clk_out2_pll rise@0.000ns)
  Data Path Delay:        4.013ns  (logic 0.472ns (11.761%)  route 3.541ns (88.239%))
  Logic Levels:           2  (LUT3=1 LUT6=1)
  Clock Path Skew:        -0.275ns (DCD - SCD + CPR)
    Destination Clock Delay (DCD):    -2.226ns = ( 17.774 - 20.000 ) 
    Source Clock Delay      (SCD):    -2.548ns
    Clock Pessimism Removal (CPR):    -0.598ns
  Clock Uncertainty:      0.225ns  ((TSJ^2 + DJ^2)^1/2) / 2 + PE
    Total System Jitter     (TSJ):    0.071ns
    Discrete Jitter          (DJ):    0.198ns
    Phase Error              (PE):    0.120ns

    Location             Delay type                Incr(ns)  Path(ns)    Netlist Resource(s)
  -------------------------------------------------------------------    -------------------
                         (clock clk_out2_pll rise edge)
                                                      0.000     0.000 r  
    AD12                                              0.000     0.000 r  i_sys_clk_p (IN)
                         net (fo=0)                   0.000     0.000    pll_inst/inst/clk_in1_p
    AD12                 IBUFDS (Prop_ibufds_I_O)     0.906     0.906 r  pll_inst/inst/clkin1_ibufgds/O
                         net (fo=1, routed)           1.098     2.004    pll_inst/inst/clk_in1_pll
    PLLE2_ADV_X1Y1       PLLE2_ADV (Prop_plle2_adv_CLKIN1_CLKOUT1)
                                                     -8.058    -6.054 r  pll_inst/inst/plle2_adv_inst/CLKOUT1
                         net (fo=1, routed)           2.128    -3.926    pll_inst/inst/clk_out2_pll
    BUFGCTRL_X0Y0        BUFG (Prop_bufg_I_O)         0.093    -3.833 r  pll_inst/inst/clkout2_buf/O
                         net (fo=34220, routed)       1.285    -2.548    student_top_inst/bridge_inst/seg_driver/CLK
    SLICE_X25Y242        FDCE                                         r  student_top_inst/bridge_inst/seg_driver/count_reg[4]/C
  -------------------------------------------------------------------    -------------------
    SLICE_X25Y242        FDCE (Prop_fdce_C_Q)         0.204    -2.344 r  student_top_inst/bridge_inst/seg_driver/count_reg[4]/Q
                         net (fo=48, routed)          1.935    -0.409    student_top_inst/bridge_inst/seg_driver/Q[0]
    SLICE_X30Y240        LUT3 (Prop_lut3_I1_O)        0.132    -0.277 r  student_top_inst/bridge_inst/seg_driver/virtual_seg_OBUF[16]_inst_i_4/O
                         net (fo=7, routed)           1.042     0.765    student_top_inst/bridge_inst/seg_driver/virtual_seg_OBUF[16]_inst_i_4_n_0
    SLICE_X26Y245        LUT6 (Prop_lut6_I5_O)        0.136     0.901 r  student_top_inst/bridge_inst/seg_driver/virtual_seg_OBUF[16]_inst_i_1/O
                         net (fo=2, routed)           0.564     1.465    twin_controller_inst/virtual_seg_OBUF[15]
    SLICE_X24Y245        FDCE                                         r  twin_controller_inst/status_buffer_reg[2][0]/D
  -------------------------------------------------------------------    -------------------

                         (clock clk_out1_pll rise edge)
                                                     20.000    20.000 r  
    AD12                                              0.000    20.000 r  i_sys_clk_p (IN)
                         net (fo=0)                   0.000    20.000    pll_inst/inst/clk_in1_p
    AD12                 IBUFDS (Prop_ibufds_I_O)     0.803    20.803 r  pll_inst/inst/clkin1_ibufgds/O
                         net (fo=1, routed)           1.001    21.804    pll_inst/inst/clk_in1_pll
    PLLE2_ADV_X1Y1       PLLE2_ADV (Prop_plle2_adv_CLKIN1_CLKOUT0)
                                                     -7.261    14.543 r  pll_inst/inst/plle2_adv_inst/CLKOUT0
                         net (fo=1, routed)           2.003    16.546    pll_inst/inst/clk_out1_pll
    BUFGCTRL_X0Y1        BUFG (Prop_bufg_I_O)         0.083    16.629 r  pll_inst/inst/clkout1_buf/O
                         net (fo=353, routed)         1.145    17.774    twin_controller_inst/CLK
    SLICE_X24Y245        FDCE                                         r  twin_controller_inst/status_buffer_reg[2][0]/C
                         clock pessimism             -0.598    17.177    
                         clock uncertainty           -0.225    16.951    
    SLICE_X24Y245        FDCE (Setup_fdce_C_D)       -0.022    16.929    twin_controller_inst/status_buffer_reg[2][0]
  -------------------------------------------------------------------
                         required time                         16.929    
                         arrival time                          -1.465    
  -------------------------------------------------------------------
                         slack                                 15.465    

Slack (MET) :             15.529ns  (required time - arrival time)
  Source:                 student_top_inst/bridge_inst/seg_driver/count_reg[4]/C
                            (rising edge-triggered cell FDCE clocked by clk_out2_pll  {rise@0.000ns fall@10.000ns period=20.000ns})
  Destination:            twin_controller_inst/status_buffer_reg[0][4]/D
                            (rising edge-triggered cell FDCE clocked by clk_out1_pll  {rise@0.000ns fall@10.000ns period=20.000ns})
  Path Group:             clk_out1_pll
  Path Type:              Setup (Max at Slow Process Corner)
  Requirement:            20.000ns  (clk_out1_pll rise@20.000ns - clk_out2_pll rise@0.000ns)
  Data Path Delay:        3.938ns  (logic 0.475ns (12.063%)  route 3.463ns (87.937%))
  Logic Levels:           2  (LUT3=1 LUT6=1)
  Clock Path Skew:        -0.277ns (DCD - SCD + CPR)
    Destination Clock Delay (DCD):    -2.228ns = ( 17.772 - 20.000 ) 
    Source Clock Delay      (SCD):    -2.548ns
    Clock Pessimism Removal (CPR):    -0.598ns
  Clock Uncertainty:      0.225ns  ((TSJ^2 + DJ^2)^1/2) / 2 + PE
    Total System Jitter     (TSJ):    0.071ns
    Discrete Jitter          (DJ):    0.198ns
    Phase Error              (PE):    0.120ns

    Location             Delay type                Incr(ns)  Path(ns)    Netlist Resource(s)
  -------------------------------------------------------------------    -------------------
                         (clock clk_out2_pll rise edge)
                                                      0.000     0.000 r  
    AD12                                              0.000     0.000 r  i_sys_clk_p (IN)
                         net (fo=0)                   0.000     0.000    pll_inst/inst/clk_in1_p
    AD12                 IBUFDS (Prop_ibufds_I_O)     0.906     0.906 r  pll_inst/inst/clkin1_ibufgds/O
                         net (fo=1, routed)           1.098     2.004    pll_inst/inst/clk_in1_pll
    PLLE2_ADV_X1Y1       PLLE2_ADV (Prop_plle2_adv_CLKIN1_CLKOUT1)
                                                     -8.058    -6.054 r  pll_inst/inst/plle2_adv_inst/CLKOUT1
                         net (fo=1, routed)           2.128    -3.926    pll_inst/inst/clk_out2_pll
    BUFGCTRL_X0Y0        BUFG (Prop_bufg_I_O)         0.093    -3.833 r  pll_inst/inst/clkout2_buf/O
                         net (fo=34220, routed)       1.285    -2.548    student_top_inst/bridge_inst/seg_driver/CLK
    SLICE_X25Y242        FDCE                                         r  student_top_inst/bridge_inst/seg_driver/count_reg[4]/C
  -------------------------------------------------------------------    -------------------
    SLICE_X25Y242        FDCE (Prop_fdce_C_Q)         0.204    -2.344 r  student_top_inst/bridge_inst/seg_driver/count_reg[4]/Q
                         net (fo=48, routed)          2.069    -0.276    student_top_inst/bridge_inst/seg_driver/Q[0]
    SLICE_X26Y235        LUT3 (Prop_lut3_I1_O)        0.134    -0.142 r  student_top_inst/bridge_inst/seg_driver/virtual_seg_OBUF[6]_inst_i_4/O
                         net (fo=7, routed)           0.827     0.685    student_top_inst/bridge_inst/seg_driver/virtual_seg_OBUF[6]_inst_i_4_n_0
    SLICE_X24Y241        LUT6 (Prop_lut6_I0_O)        0.137     0.822 r  student_top_inst/bridge_inst/seg_driver/virtual_seg_OBUF[4]_inst_i_1/O
                         net (fo=2, routed)           0.568     1.389    twin_controller_inst/virtual_seg_OBUF[4]
    SLICE_X24Y241        FDCE                                         r  twin_controller_inst/status_buffer_reg[0][4]/D
  -------------------------------------------------------------------    -------------------

                         (clock clk_out1_pll rise edge)
                                                     20.000    20.000 r  
    AD12                                              0.000    20.000 r  i_sys_clk_p (IN)
                         net (fo=0)                   0.000    20.000    pll_inst/inst/clk_in1_p
    AD12                 IBUFDS (Prop_ibufds_I_O)     0.803    20.803 r  pll_inst/inst/clkin1_ibufgds/O
                         net (fo=1, routed)           1.001    21.804    pll_inst/inst/clk_in1_pll
    PLLE2_ADV_X1Y1       PLLE2_ADV (Prop_plle2_adv_CLKIN1_CLKOUT0)
                                                     -7.261    14.543 r  pll_inst/inst/plle2_adv_inst/CLKOUT0
                         net (fo=1, routed)           2.003    16.546    pll_inst/inst/clk_out1_pll
    BUFGCTRL_X0Y1        BUFG (Prop_bufg_I_O)         0.083    16.629 r  pll_inst/inst/clkout1_buf/O
                         net (fo=353, routed)         1.143    17.772    twin_controller_inst/CLK
    SLICE_X24Y241        FDCE                                         r  twin_controller_inst/status_buffer_reg[0][4]/C
                         clock pessimism             -0.598    17.175    
                         clock uncertainty           -0.225    16.949    
    SLICE_X24Y241        FDCE (Setup_fdce_C_D)       -0.031    16.918    twin_controller_inst/status_buffer_reg[0][4]
  -------------------------------------------------------------------
                         required time                         16.918    
                         arrival time                          -1.389    
  -------------------------------------------------------------------
                         slack                                 15.529    

Slack (MET) :             15.653ns  (required time - arrival time)
  Source:                 student_top_inst/bridge_inst/seg_driver/count_reg[4]/C
                            (rising edge-triggered cell FDCE clocked by clk_out2_pll  {rise@0.000ns fall@10.000ns period=20.000ns})
  Destination:            twin_controller_inst/status_buffer_reg[0][5]/D
                            (rising edge-triggered cell FDCE clocked by clk_out1_pll  {rise@0.000ns fall@10.000ns period=20.000ns})
  Path Group:             clk_out1_pll
  Path Type:              Setup (Max at Slow Process Corner)
  Requirement:            20.000ns  (clk_out1_pll rise@20.000ns - clk_out2_pll rise@0.000ns)
  Data Path Delay:        3.826ns  (logic 0.475ns (12.415%)  route 3.351ns (87.585%))
  Logic Levels:           2  (LUT3=1 LUT6=1)
  Clock Path Skew:        -0.277ns (DCD - SCD + CPR)
    Destination Clock Delay (DCD):    -2.228ns = ( 17.772 - 20.000 ) 
    Source Clock Delay      (SCD):    -2.548ns
    Clock Pessimism Removal (CPR):    -0.598ns
  Clock Uncertainty:      0.225ns  ((TSJ^2 + DJ^2)^1/2) / 2 + PE
    Total System Jitter     (TSJ):    0.071ns
    Discrete Jitter          (DJ):    0.198ns
    Phase Error              (PE):    0.120ns

    Location             Delay type                Incr(ns)  Path(ns)    Netlist Resource(s)
  -------------------------------------------------------------------    -------------------
                         (clock clk_out2_pll rise edge)
                                                      0.000     0.000 r  
    AD12                                              0.000     0.000 r  i_sys_clk_p (IN)
                         net (fo=0)                   0.000     0.000    pll_inst/inst/clk_in1_p
    AD12                 IBUFDS (Prop_ibufds_I_O)     0.906     0.906 r  pll_inst/inst/clkin1_ibufgds/O
                         net (fo=1, routed)           1.098     2.004    pll_inst/inst/clk_in1_pll
    PLLE2_ADV_X1Y1       PLLE2_ADV (Prop_plle2_adv_CLKIN1_CLKOUT1)
                                                     -8.058    -6.054 r  pll_inst/inst/plle2_adv_inst/CLKOUT1
                         net (fo=1, routed)           2.128    -3.926    pll_inst/inst/clk_out2_pll
    BUFGCTRL_X0Y0        BUFG (Prop_bufg_I_O)         0.093    -3.833 r  pll_inst/inst/clkout2_buf/O
                         net (fo=34220, routed)       1.285    -2.548    student_top_inst/bridge_inst/seg_driver/CLK
    SLICE_X25Y242        FDCE                                         r  student_top_inst/bridge_inst/seg_driver/count_reg[4]/C
  -------------------------------------------------------------------    -------------------
    SLICE_X25Y242        FDCE (Prop_fdce_C_Q)         0.204    -2.344 r  student_top_inst/bridge_inst/seg_driver/count_reg[4]/Q
                         net (fo=48, routed)          2.069    -0.276    student_top_inst/bridge_inst/seg_driver/Q[0]
    SLICE_X26Y235        LUT3 (Prop_lut3_I1_O)        0.134    -0.142 r  student_top_inst/bridge_inst/seg_driver/virtual_seg_OBUF[6]_inst_i_4/O
                         net (fo=7, routed)           0.714     0.573    student_top_inst/bridge_inst/seg_driver/virtual_seg_OBUF[6]_inst_i_4_n_0
    SLICE_X24Y241        LUT6 (Prop_lut6_I0_O)        0.137     0.710 r  student_top_inst/bridge_inst/seg_driver/virtual_seg_OBUF[5]_inst_i_1/O
                         net (fo=2, routed)           0.568     1.278    twin_controller_inst/virtual_seg_OBUF[5]
    SLICE_X24Y241        FDCE                                         r  twin_controller_inst/status_buffer_reg[0][5]/D
  -------------------------------------------------------------------    -------------------

                         (clock clk_out1_pll rise edge)
                                                     20.000    20.000 r  
    AD12                                              0.000    20.000 r  i_sys_clk_p (IN)
                         net (fo=0)                   0.000    20.000    pll_inst/inst/clk_in1_p
    AD12                 IBUFDS (Prop_ibufds_I_O)     0.803    20.803 r  pll_inst/inst/clkin1_ibufgds/O
                         net (fo=1, routed)           1.001    21.804    pll_inst/inst/clk_in1_pll
    PLLE2_ADV_X1Y1       PLLE2_ADV (Prop_plle2_adv_CLKIN1_CLKOUT0)
                                                     -7.261    14.543 r  pll_inst/inst/plle2_adv_inst/CLKOUT0
                         net (fo=1, routed)           2.003    16.546    pll_inst/inst/clk_out1_pll
    BUFGCTRL_X0Y1        BUFG (Prop_bufg_I_O)         0.083    16.629 r  pll_inst/inst/clkout1_buf/O
                         net (fo=353, routed)         1.143    17.772    twin_controller_inst/CLK
    SLICE_X24Y241        FDCE                                         r  twin_controller_inst/status_buffer_reg[0][5]/C
                         clock pessimism             -0.598    17.175    
                         clock uncertainty           -0.225    16.949    
    SLICE_X24Y241        FDCE (Setup_fdce_C_D)       -0.019    16.930    twin_controller_inst/status_buffer_reg[0][5]
  -------------------------------------------------------------------
                         required time                         16.930    
                         arrival time                          -1.278    
  -------------------------------------------------------------------
                         slack                                 15.653    

Slack (MET) :             15.816ns  (required time - arrival time)
  Source:                 student_top_inst/bridge_inst/seg_driver/count_reg[4]/C
                            (rising edge-triggered cell FDCE clocked by clk_out2_pll  {rise@0.000ns fall@10.000ns period=20.000ns})
  Destination:            twin_controller_inst/status_buffer_reg[4][3]/D
                            (rising edge-triggered cell FDCE clocked by clk_out1_pll  {rise@0.000ns fall@10.000ns period=20.000ns})
  Path Group:             clk_out1_pll
  Path Type:              Setup (Max at Slow Process Corner)
  Requirement:            20.000ns  (clk_out1_pll rise@20.000ns - clk_out2_pll rise@0.000ns)
  Data Path Delay:        3.664ns  (logic 0.370ns (10.099%)  route 3.294ns (89.901%))
  Logic Levels:           2  (LUT3=1 LUT6=1)
  Clock Path Skew:        -0.276ns (DCD - SCD + CPR)
    Destination Clock Delay (DCD):    -2.227ns = ( 17.773 - 20.000 ) 
    Source Clock Delay      (SCD):    -2.548ns
    Clock Pessimism Removal (CPR):    -0.598ns
  Clock Uncertainty:      0.225ns  ((TSJ^2 + DJ^2)^1/2) / 2 + PE
    Total System Jitter     (TSJ):    0.071ns
    Discrete Jitter          (DJ):    0.198ns
    Phase Error              (PE):    0.120ns

    Location             Delay type                Incr(ns)  Path(ns)    Netlist Resource(s)
  -------------------------------------------------------------------    -------------------
                         (clock clk_out2_pll rise edge)
                                                      0.000     0.000 r  
    AD12                                              0.000     0.000 r  i_sys_clk_p (IN)
                         net (fo=0)                   0.000     0.000    pll_inst/inst/clk_in1_p
    AD12                 IBUFDS (Prop_ibufds_I_O)     0.906     0.906 r  pll_inst/inst/clkin1_ibufgds/O
                         net (fo=1, routed)           1.098     2.004    pll_inst/inst/clk_in1_pll
    PLLE2_ADV_X1Y1       PLLE2_ADV (Prop_plle2_adv_CLKIN1_CLKOUT1)
                                                     -8.058    -6.054 r  pll_inst/inst/plle2_adv_inst/CLKOUT1
                         net (fo=1, routed)           2.128    -3.926    pll_inst/inst/clk_out2_pll
    BUFGCTRL_X0Y0        BUFG (Prop_bufg_I_O)         0.093    -3.833 r  pll_inst/inst/clkout2_buf/O
                         net (fo=34220, routed)       1.285    -2.548    student_top_inst/bridge_inst/seg_driver/CLK
    SLICE_X25Y242        FDCE                                         r  student_top_inst/bridge_inst/seg_driver/count_reg[4]/C
  -------------------------------------------------------------------    -------------------
    SLICE_X25Y242        FDCE (Prop_fdce_C_Q)         0.204    -2.344 r  student_top_inst/bridge_inst/seg_driver/count_reg[4]/Q
                         net (fo=48, routed)          1.670    -0.674    student_top_inst/bridge_inst/seg_driver/Q[0]
    SLICE_X29Y240        LUT3 (Prop_lut3_I1_O)        0.123    -0.551 r  student_top_inst/bridge_inst/seg_driver/virtual_seg_OBUF[36]_inst_i_2/O
                         net (fo=7, routed)           0.694     0.143    student_top_inst/bridge_inst/seg_driver/virtual_seg_OBUF[36]_inst_i_2_n_0
    SLICE_X25Y234        LUT6 (Prop_lut6_I5_O)        0.043     0.186 r  student_top_inst/bridge_inst/seg_driver/virtual_seg_OBUF[35]_inst_i_1/O
                         net (fo=2, routed)           0.929     1.115    twin_controller_inst/virtual_seg_OBUF[28]
    SLICE_X26Y243        FDCE                                         r  twin_controller_inst/status_buffer_reg[4][3]/D
  -------------------------------------------------------------------    -------------------

                         (clock clk_out1_pll rise edge)
                                                     20.000    20.000 r  
    AD12                                              0.000    20.000 r  i_sys_clk_p (IN)
                         net (fo=0)                   0.000    20.000    pll_inst/inst/clk_in1_p
    AD12                 IBUFDS (Prop_ibufds_I_O)     0.803    20.803 r  pll_inst/inst/clkin1_ibufgds/O
                         net (fo=1, routed)           1.001    21.804    pll_inst/inst/clk_in1_pll
    PLLE2_ADV_X1Y1       PLLE2_ADV (Prop_plle2_adv_CLKIN1_CLKOUT0)
                                                     -7.261    14.543 r  pll_inst/inst/plle2_adv_inst/CLKOUT0
                         net (fo=1, routed)           2.003    16.546    pll_inst/inst/clk_out1_pll
    BUFGCTRL_X0Y1        BUFG (Prop_bufg_I_O)         0.083    16.629 r  pll_inst/inst/clkout1_buf/O
                         net (fo=353, routed)         1.144    17.773    twin_controller_inst/CLK
    SLICE_X26Y243        FDCE                                         r  twin_controller_inst/status_buffer_reg[4][3]/C
                         clock pessimism             -0.598    17.176    
                         clock uncertainty           -0.225    16.950    
    SLICE_X26Y243        FDCE (Setup_fdce_C_D)       -0.019    16.931    twin_controller_inst/status_buffer_reg[4][3]
  -------------------------------------------------------------------
                         required time                         16.931    
                         arrival time                          -1.115    
  -------------------------------------------------------------------
                         slack                                 15.816    

Slack (MET) :             15.841ns  (required time - arrival time)
  Source:                 student_top_inst/bridge_inst/seg_driver/count_reg[4]/C
                            (rising edge-triggered cell FDCE clocked by clk_out2_pll  {rise@0.000ns fall@10.000ns period=20.000ns})
  Destination:            twin_controller_inst/status_buffer_reg[3][2]/D
                            (rising edge-triggered cell FDCE clocked by clk_out1_pll  {rise@0.000ns fall@10.000ns period=20.000ns})
  Path Group:             clk_out1_pll
  Path Type:              Setup (Max at Slow Process Corner)
  Requirement:            20.000ns  (clk_out1_pll rise@20.000ns - clk_out2_pll rise@0.000ns)
  Data Path Delay:        3.640ns  (logic 0.472ns (12.967%)  route 3.168ns (87.033%))
  Logic Levels:           2  (LUT3=1 LUT6=1)
  Clock Path Skew:        -0.275ns (DCD - SCD + CPR)
    Destination Clock Delay (DCD):    -2.226ns = ( 17.774 - 20.000 ) 
    Source Clock Delay      (SCD):    -2.548ns
    Clock Pessimism Removal (CPR):    -0.598ns
  Clock Uncertainty:      0.225ns  ((TSJ^2 + DJ^2)^1/2) / 2 + PE
    Total System Jitter     (TSJ):    0.071ns
    Discrete Jitter          (DJ):    0.198ns
    Phase Error              (PE):    0.120ns

    Location             Delay type                Incr(ns)  Path(ns)    Netlist Resource(s)
  -------------------------------------------------------------------    -------------------
                         (clock clk_out2_pll rise edge)
                                                      0.000     0.000 r  
    AD12                                              0.000     0.000 r  i_sys_clk_p (IN)
                         net (fo=0)                   0.000     0.000    pll_inst/inst/clk_in1_p
    AD12                 IBUFDS (Prop_ibufds_I_O)     0.906     0.906 r  pll_inst/inst/clkin1_ibufgds/O
                         net (fo=1, routed)           1.098     2.004    pll_inst/inst/clk_in1_pll
    PLLE2_ADV_X1Y1       PLLE2_ADV (Prop_plle2_adv_CLKIN1_CLKOUT1)
                                                     -8.058    -6.054 r  pll_inst/inst/plle2_adv_inst/CLKOUT1
                         net (fo=1, routed)           2.128    -3.926    pll_inst/inst/clk_out2_pll
    BUFGCTRL_X0Y0        BUFG (Prop_bufg_I_O)         0.093    -3.833 r  pll_inst/inst/clkout2_buf/O
                         net (fo=34220, routed)       1.285    -2.548    student_top_inst/bridge_inst/seg_driver/CLK
    SLICE_X25Y242        FDCE                                         r  student_top_inst/bridge_inst/seg_driver/count_reg[4]/C
  -------------------------------------------------------------------    -------------------
    SLICE_X25Y242        FDCE (Prop_fdce_C_Q)         0.204    -2.344 r  student_top_inst/bridge_inst/seg_driver/count_reg[4]/Q
                         net (fo=48, routed)          1.561    -0.783    student_top_inst/bridge_inst/seg_driver/Q[0]
    SLICE_X26Y237        LUT3 (Prop_lut3_I1_O)        0.132    -0.651 r  student_top_inst/bridge_inst/seg_driver/virtual_seg_OBUF[26]_inst_i_4/O
                         net (fo=7, routed)           1.029     0.378    student_top_inst/bridge_inst/seg_driver/virtual_seg_OBUF[26]_inst_i_4_n_0
    SLICE_X21Y236        LUT6 (Prop_lut6_I5_O)        0.136     0.514 r  student_top_inst/bridge_inst/seg_driver/virtual_seg_OBUF[26]_inst_i_1/O
                         net (fo=2, routed)           0.578     1.092    twin_controller_inst/virtual_seg_OBUF[22]
    SLICE_X21Y236        FDCE                                         r  twin_controller_inst/status_buffer_reg[3][2]/D
  -------------------------------------------------------------------    -------------------

                         (clock clk_out1_pll rise edge)
                                                     20.000    20.000 r  
    AD12                                              0.000    20.000 r  i_sys_clk_p (IN)
                         net (fo=0)                   0.000    20.000    pll_inst/inst/clk_in1_p
    AD12                 IBUFDS (Prop_ibufds_I_O)     0.803    20.803 r  pll_inst/inst/clkin1_ibufgds/O
                         net (fo=1, routed)           1.001    21.804    pll_inst/inst/clk_in1_pll
    PLLE2_ADV_X1Y1       PLLE2_ADV (Prop_plle2_adv_CLKIN1_CLKOUT0)
                                                     -7.261    14.543 r  pll_inst/inst/plle2_adv_inst/CLKOUT0
                         net (fo=1, routed)           2.003    16.546    pll_inst/inst/clk_out1_pll
    BUFGCTRL_X0Y1        BUFG (Prop_bufg_I_O)         0.083    16.629 r  pll_inst/inst/clkout1_buf/O
                         net (fo=353, routed)         1.145    17.774    twin_controller_inst/CLK
    SLICE_X21Y236        FDCE                                         r  twin_controller_inst/status_buffer_reg[3][2]/C
                         clock pessimism             -0.598    17.177    
                         clock uncertainty           -0.225    16.951    
    SLICE_X21Y236        FDCE (Setup_fdce_C_D)       -0.019    16.932    twin_controller_inst/status_buffer_reg[3][2]
  -------------------------------------------------------------------
                         required time                         16.932    
                         arrival time                          -1.092    
  -------------------------------------------------------------------
                         slack                                 15.841    





Min Delay Paths
--------------------------------------------------------------------------------------
Slack (MET) :             0.118ns  (arrival time - required time)
  Source:                 student_top_inst/bridge_inst/seg_wdata_reg[12]/C
                            (rising edge-triggered cell FDRE clocked by clk_out2_pll  {rise@0.000ns fall@10.000ns period=20.000ns})
  Destination:            twin_controller_inst/status_buffer_reg[1][6]/D
                            (rising edge-triggered cell FDCE clocked by clk_out1_pll  {rise@0.000ns fall@10.000ns period=20.000ns})
  Path Group:             clk_out1_pll
  Path Type:              Hold (Min at Fast Process Corner)
  Requirement:            0.000ns  (clk_out1_pll rise@0.000ns - clk_out2_pll rise@0.000ns)
  Data Path Delay:        0.684ns  (logic 0.128ns (18.714%)  route 0.556ns (81.286%))
  Logic Levels:           1  (LUT6=1)
  Clock Path Skew:        0.280ns (DCD - SCD - CPR)
    Destination Clock Delay (DCD):    -0.666ns
    Source Clock Delay      (SCD):    -0.463ns
    Clock Pessimism Removal (CPR):    -0.484ns
  Clock Uncertainty:      0.225ns  ((TSJ^2 + DJ^2)^1/2) / 2 + PE
    Total System Jitter     (TSJ):    0.071ns
    Discrete Jitter          (DJ):    0.198ns
    Phase Error              (PE):    0.120ns

    Location             Delay type                Incr(ns)  Path(ns)    Netlist Resource(s)
  -------------------------------------------------------------------    -------------------
                         (clock clk_out2_pll rise edge)
                                                      0.000     0.000 r  
    AD12                                              0.000     0.000 r  i_sys_clk_p (IN)
                         net (fo=0)                   0.000     0.000    pll_inst/inst/clk_in1_p
    AD12                 IBUFDS (Prop_ibufds_I_O)     0.388     0.388 r  pll_inst/inst/clkin1_ibufgds/O
                         net (fo=1, routed)           0.503     0.891    pll_inst/inst/clk_in1_pll
    PLLE2_ADV_X1Y1       PLLE2_ADV (Prop_plle2_adv_CLKIN1_CLKOUT1)
                                                     -2.908    -2.017 r  pll_inst/inst/plle2_adv_inst/CLKOUT1
                         net (fo=1, routed)           0.958    -1.059    pll_inst/inst/clk_out2_pll
    BUFGCTRL_X0Y0        BUFG (Prop_bufg_I_O)         0.026    -1.033 r  pll_inst/inst/clkout2_buf/O
                         net (fo=34220, routed)       0.570    -0.463    student_top_inst/bridge_inst/CLK
    SLICE_X26Y239        FDRE                                         r  student_top_inst/bridge_inst/seg_wdata_reg[12]/C
  -------------------------------------------------------------------    -------------------
    SLICE_X26Y239        FDRE (Prop_fdre_C_Q)         0.100    -0.363 f  student_top_inst/bridge_inst/seg_wdata_reg[12]/Q
                         net (fo=8, routed)           0.556     0.193    student_top_inst/bridge_inst/seg_driver/status_buffer_reg[4][4][12]
    SLICE_X26Y245        LUT6 (Prop_lut6_I2_O)        0.028     0.221 r  student_top_inst/bridge_inst/seg_driver/virtual_seg_OBUF[14]_inst_i_1/O
                         net (fo=2, routed)           0.000     0.221    twin_controller_inst/virtual_seg_OBUF[13]
    SLICE_X26Y245        FDCE                                         r  twin_controller_inst/status_buffer_reg[1][6]/D
  -------------------------------------------------------------------    -------------------

                         (clock clk_out1_pll rise edge)
                                                      0.000     0.000 r  
    AD12                                              0.000     0.000 r  i_sys_clk_p (IN)
                         net (fo=0)                   0.000     0.000    pll_inst/inst/clk_in1_p
    AD12                 IBUFDS (Prop_ibufds_I_O)     0.470     0.470 r  pll_inst/inst/clkin1_ibufgds/O
                         net (fo=1, routed)           0.554     1.024    pll_inst/inst/clk_in1_pll
    PLLE2_ADV_X1Y1       PLLE2_ADV (Prop_plle2_adv_CLKIN1_CLKOUT0)
                                                     -3.524    -2.500 r  pll_inst/inst/plle2_adv_inst/CLKOUT0
                         net (fo=1, routed)           1.027    -1.473    pll_inst/inst/clk_out1_pll
    BUFGCTRL_X0Y1        BUFG (Prop_bufg_I_O)         0.030    -1.443 r  pll_inst/inst/clkout1_buf/O
                         net (fo=353, routed)         0.777    -0.666    twin_controller_inst/CLK
    SLICE_X26Y245        FDCE                                         r  twin_controller_inst/status_buffer_reg[1][6]/C
                         clock pessimism              0.484    -0.183    
                         clock uncertainty            0.225     0.043    
    SLICE_X26Y245        FDCE (Hold_fdce_C_D)         0.061     0.104    twin_controller_inst/status_buffer_reg[1][6]
  -------------------------------------------------------------------
                         required time                         -0.104    
                         arrival time                           0.221    
  -------------------------------------------------------------------
                         slack                                  0.118    

Slack (MET) :             0.134ns  (arrival time - required time)
  Source:                 student_top_inst/bridge_inst/seg_wdata_reg[12]/C
                            (rising edge-triggered cell FDRE clocked by clk_out2_pll  {rise@0.000ns fall@10.000ns period=20.000ns})
  Destination:            twin_controller_inst/status_buffer_reg[1][7]/D
                            (rising edge-triggered cell FDCE clocked by clk_out1_pll  {rise@0.000ns fall@10.000ns period=20.000ns})
  Path Group:             clk_out1_pll
  Path Type:              Hold (Min at Fast Process Corner)
  Requirement:            0.000ns  (clk_out1_pll rise@0.000ns - clk_out2_pll rise@0.000ns)
  Data Path Delay:        0.700ns  (logic 0.128ns (18.286%)  route 0.572ns (81.714%))
  Logic Levels:           1  (LUT6=1)
  Clock Path Skew:        0.280ns (DCD - SCD - CPR)
    Destination Clock Delay (DCD):    -0.666ns
    Source Clock Delay      (SCD):    -0.463ns
    Clock Pessimism Removal (CPR):    -0.484ns
  Clock Uncertainty:      0.225ns  ((TSJ^2 + DJ^2)^1/2) / 2 + PE
    Total System Jitter     (TSJ):    0.071ns
    Discrete Jitter          (DJ):    0.198ns
    Phase Error              (PE):    0.120ns

    Location             Delay type                Incr(ns)  Path(ns)    Netlist Resource(s)
  -------------------------------------------------------------------    -------------------
                         (clock clk_out2_pll rise edge)
                                                      0.000     0.000 r  
    AD12                                              0.000     0.000 r  i_sys_clk_p (IN)
                         net (fo=0)                   0.000     0.000    pll_inst/inst/clk_in1_p
    AD12                 IBUFDS (Prop_ibufds_I_O)     0.388     0.388 r  pll_inst/inst/clkin1_ibufgds/O
                         net (fo=1, routed)           0.503     0.891    pll_inst/inst/clk_in1_pll
    PLLE2_ADV_X1Y1       PLLE2_ADV (Prop_plle2_adv_CLKIN1_CLKOUT1)
                                                     -2.908    -2.017 r  pll_inst/inst/plle2_adv_inst/CLKOUT1
                         net (fo=1, routed)           0.958    -1.059    pll_inst/inst/clk_out2_pll
    BUFGCTRL_X0Y0        BUFG (Prop_bufg_I_O)         0.026    -1.033 r  pll_inst/inst/clkout2_buf/O
                         net (fo=34220, routed)       0.570    -0.463    student_top_inst/bridge_inst/CLK
    SLICE_X26Y239        FDRE                                         r  student_top_inst/bridge_inst/seg_wdata_reg[12]/C
  -------------------------------------------------------------------    -------------------
    SLICE_X26Y239        FDRE (Prop_fdre_C_Q)         0.100    -0.363 f  student_top_inst/bridge_inst/seg_wdata_reg[12]/Q
                         net (fo=8, routed)           0.572     0.209    student_top_inst/bridge_inst/seg_driver/status_buffer_reg[4][4][12]
    SLICE_X27Y245        LUT6 (Prop_lut6_I1_O)        0.028     0.237 r  student_top_inst/bridge_inst/seg_driver/virtual_seg_OBUF[15]_inst_i_1/O
                         net (fo=2, routed)           0.000     0.237    twin_controller_inst/virtual_seg_OBUF[14]
    SLICE_X27Y245        FDCE                                         r  twin_controller_inst/status_buffer_reg[1][7]/D
  -------------------------------------------------------------------    -------------------

                         (clock clk_out1_pll rise edge)
                                                      0.000     0.000 r  
    AD12                                              0.000     0.000 r  i_sys_clk_p (IN)
                         net (fo=0)                   0.000     0.000    pll_inst/inst/clk_in1_p
    AD12                 IBUFDS (Prop_ibufds_I_O)     0.470     0.470 r  pll_inst/inst/clkin1_ibufgds/O
                         net (fo=1, routed)           0.554     1.024    pll_inst/inst/clk_in1_pll
    PLLE2_ADV_X1Y1       PLLE2_ADV (Prop_plle2_adv_CLKIN1_CLKOUT0)
                                                     -3.524    -2.500 r  pll_inst/inst/plle2_adv_inst/CLKOUT0
                         net (fo=1, routed)           1.027    -1.473    pll_inst/inst/clk_out1_pll
    BUFGCTRL_X0Y1        BUFG (Prop_bufg_I_O)         0.030    -1.443 r  pll_inst/inst/clkout1_buf/O
                         net (fo=353, routed)         0.777    -0.666    twin_controller_inst/CLK
    SLICE_X27Y245        FDCE                                         r  twin_controller_inst/status_buffer_reg[1][7]/C
                         clock pessimism              0.484    -0.183    
                         clock uncertainty            0.225     0.043    
    SLICE_X27Y245        FDCE (Hold_fdce_C_D)         0.061     0.104    twin_controller_inst/status_buffer_reg[1][7]
  -------------------------------------------------------------------
                         required time                         -0.104    
                         arrival time                           0.237    
  -------------------------------------------------------------------
                         slack                                  0.134    

Slack (MET) :             0.144ns  (arrival time - required time)
  Source:                 student_top_inst/bridge_inst/LED_reg[8]/C
                            (rising edge-triggered cell FDRE clocked by clk_out2_pll  {rise@0.000ns fall@10.000ns period=20.000ns})
  Destination:            twin_controller_inst/status_buffer_reg[15][0]/D
                            (rising edge-triggered cell FDCE clocked by clk_out1_pll  {rise@0.000ns fall@10.000ns period=20.000ns})
  Path Group:             clk_out1_pll
  Path Type:              Hold (Min at Fast Process Corner)
  Requirement:            0.000ns  (clk_out1_pll rise@0.000ns - clk_out2_pll rise@0.000ns)
  Data Path Delay:        0.689ns  (logic 0.100ns (14.520%)  route 0.589ns (85.480%))
  Logic Levels:           0  
  Clock Path Skew:        0.278ns (DCD - SCD - CPR)
    Destination Clock Delay (DCD):    -0.672ns
    Source Clock Delay      (SCD):    -0.467ns
    Clock Pessimism Removal (CPR):    -0.484ns
  Clock Uncertainty:      0.225ns  ((TSJ^2 + DJ^2)^1/2) / 2 + PE
    Total System Jitter     (TSJ):    0.071ns
    Discrete Jitter          (DJ):    0.198ns
    Phase Error              (PE):    0.120ns

    Location             Delay type                Incr(ns)  Path(ns)    Netlist Resource(s)
  -------------------------------------------------------------------    -------------------
                         (clock clk_out2_pll rise edge)
                                                      0.000     0.000 r  
    AD12                                              0.000     0.000 r  i_sys_clk_p (IN)
                         net (fo=0)                   0.000     0.000    pll_inst/inst/clk_in1_p
    AD12                 IBUFDS (Prop_ibufds_I_O)     0.388     0.388 r  pll_inst/inst/clkin1_ibufgds/O
                         net (fo=1, routed)           0.503     0.891    pll_inst/inst/clk_in1_pll
    PLLE2_ADV_X1Y1       PLLE2_ADV (Prop_plle2_adv_CLKIN1_CLKOUT1)
                                                     -2.908    -2.017 r  pll_inst/inst/plle2_adv_inst/CLKOUT1
                         net (fo=1, routed)           0.958    -1.059    pll_inst/inst/clk_out2_pll
    BUFGCTRL_X0Y0        BUFG (Prop_bufg_I_O)         0.026    -1.033 r  pll_inst/inst/clkout2_buf/O
                         net (fo=34220, routed)       0.566    -0.467    student_top_inst/bridge_inst/CLK
    SLICE_X29Y234        FDRE                                         r  student_top_inst/bridge_inst/LED_reg[8]/C
  -------------------------------------------------------------------    -------------------
    SLICE_X29Y234        FDRE (Prop_fdre_C_Q)         0.100    -0.367 r  student_top_inst/bridge_inst/LED_reg[8]/Q
                         net (fo=1, routed)           0.589     0.222    twin_controller_inst/Q[8]
    SLICE_X27Y234        FDCE                                         r  twin_controller_inst/status_buffer_reg[15][0]/D
  -------------------------------------------------------------------    -------------------

                         (clock clk_out1_pll rise edge)
                                                      0.000     0.000 r  
    AD12                                              0.000     0.000 r  i_sys_clk_p (IN)
                         net (fo=0)                   0.000     0.000    pll_inst/inst/clk_in1_p
    AD12                 IBUFDS (Prop_ibufds_I_O)     0.470     0.470 r  pll_inst/inst/clkin1_ibufgds/O
                         net (fo=1, routed)           0.554     1.024    pll_inst/inst/clk_in1_pll
    PLLE2_ADV_X1Y1       PLLE2_ADV (Prop_plle2_adv_CLKIN1_CLKOUT0)
                                                     -3.524    -2.500 r  pll_inst/inst/plle2_adv_inst/CLKOUT0
                         net (fo=1, routed)           1.027    -1.473    pll_inst/inst/clk_out1_pll
    BUFGCTRL_X0Y1        BUFG (Prop_bufg_I_O)         0.030    -1.443 r  pll_inst/inst/clkout1_buf/O
                         net (fo=353, routed)         0.771    -0.672    twin_controller_inst/CLK
    SLICE_X27Y234        FDCE                                         r  twin_controller_inst/status_buffer_reg[15][0]/C
                         clock pessimism              0.484    -0.189    
                         clock uncertainty            0.225     0.037    
    SLICE_X27Y234        FDCE (Hold_fdce_C_D)         0.041     0.078    twin_controller_inst/status_buffer_reg[15][0]
  -------------------------------------------------------------------
                         required time                         -0.078    
                         arrival time                           0.222    
  -------------------------------------------------------------------
                         slack                                  0.144    

Slack (MET) :             0.146ns  (arrival time - required time)
  Source:                 student_top_inst/bridge_inst/LED_reg[7]/C
                            (rising edge-triggered cell FDRE clocked by clk_out2_pll  {rise@0.000ns fall@10.000ns period=20.000ns})
  Destination:            twin_controller_inst/status_buffer_reg[14][7]/D
                            (rising edge-triggered cell FDCE clocked by clk_out1_pll  {rise@0.000ns fall@10.000ns period=20.000ns})
  Path Group:             clk_out1_pll
  Path Type:              Hold (Min at Fast Process Corner)
  Requirement:            0.000ns  (clk_out1_pll rise@0.000ns - clk_out2_pll rise@0.000ns)
  Data Path Delay:        0.690ns  (logic 0.100ns (14.495%)  route 0.590ns (85.505%))
  Logic Levels:           0  
  Clock Path Skew:        0.278ns (DCD - SCD - CPR)
    Destination Clock Delay (DCD):    -0.672ns
    Source Clock Delay      (SCD):    -0.467ns
    Clock Pessimism Removal (CPR):    -0.484ns
  Clock Uncertainty:      0.225ns  ((TSJ^2 + DJ^2)^1/2) / 2 + PE
    Total System Jitter     (TSJ):    0.071ns
    Discrete Jitter          (DJ):    0.198ns
    Phase Error              (PE):    0.120ns

    Location             Delay type                Incr(ns)  Path(ns)    Netlist Resource(s)
  -------------------------------------------------------------------    -------------------
                         (clock clk_out2_pll rise edge)
                                                      0.000     0.000 r  
    AD12                                              0.000     0.000 r  i_sys_clk_p (IN)
                         net (fo=0)                   0.000     0.000    pll_inst/inst/clk_in1_p
    AD12                 IBUFDS (Prop_ibufds_I_O)     0.388     0.388 r  pll_inst/inst/clkin1_ibufgds/O
                         net (fo=1, routed)           0.503     0.891    pll_inst/inst/clk_in1_pll
    PLLE2_ADV_X1Y1       PLLE2_ADV (Prop_plle2_adv_CLKIN1_CLKOUT1)
                                                     -2.908    -2.017 r  pll_inst/inst/plle2_adv_inst/CLKOUT1
                         net (fo=1, routed)           0.958    -1.059    pll_inst/inst/clk_out2_pll
    BUFGCTRL_X0Y0        BUFG (Prop_bufg_I_O)         0.026    -1.033 r  pll_inst/inst/clkout2_buf/O
                         net (fo=34220, routed)       0.566    -0.467    student_top_inst/bridge_inst/CLK
    SLICE_X31Y234        FDRE                                         r  student_top_inst/bridge_inst/LED_reg[7]/C
  -------------------------------------------------------------------    -------------------
    SLICE_X31Y234        FDRE (Prop_fdre_C_Q)         0.100    -0.367 r  student_top_inst/bridge_inst/LED_reg[7]/Q
                         net (fo=1, routed)           0.590     0.223    twin_controller_inst/Q[7]
    SLICE_X31Y236        FDCE                                         r  twin_controller_inst/status_buffer_reg[14][7]/D
  -------------------------------------------------------------------    -------------------

                         (clock clk_out1_pll rise edge)
                                                      0.000     0.000 r  
    AD12                                              0.000     0.000 r  i_sys_clk_p (IN)
                         net (fo=0)                   0.000     0.000    pll_inst/inst/clk_in1_p
    AD12                 IBUFDS (Prop_ibufds_I_O)     0.470     0.470 r  pll_inst/inst/clkin1_ibufgds/O
                         net (fo=1, routed)           0.554     1.024    pll_inst/inst/clk_in1_pll
    PLLE2_ADV_X1Y1       PLLE2_ADV (Prop_plle2_adv_CLKIN1_CLKOUT0)
                                                     -3.524    -2.500 r  pll_inst/inst/plle2_adv_inst/CLKOUT0
                         net (fo=1, routed)           1.027    -1.473    pll_inst/inst/clk_out1_pll
    BUFGCTRL_X0Y1        BUFG (Prop_bufg_I_O)         0.030    -1.443 r  pll_inst/inst/clkout1_buf/O
                         net (fo=353, routed)         0.771    -0.672    twin_controller_inst/CLK
    SLICE_X31Y236        FDCE                                         r  twin_controller_inst/status_buffer_reg[14][7]/C
                         clock pessimism              0.484    -0.189    
                         clock uncertainty            0.225     0.037    
    SLICE_X31Y236        FDCE (Hold_fdce_C_D)         0.041     0.078    twin_controller_inst/status_buffer_reg[14][7]
  -------------------------------------------------------------------
                         required time                         -0.078    
                         arrival time                           0.223    
  -------------------------------------------------------------------
                         slack                                  0.146    

Slack (MET) :             0.146ns  (arrival time - required time)
  Source:                 student_top_inst/bridge_inst/seg_wdata_reg[8]/C
                            (rising edge-triggered cell FDRE clocked by clk_out2_pll  {rise@0.000ns fall@10.000ns period=20.000ns})
  Destination:            twin_controller_inst/status_buffer_reg[1][3]/D
                            (rising edge-triggered cell FDCE clocked by clk_out1_pll  {rise@0.000ns fall@10.000ns period=20.000ns})
  Path Group:             clk_out1_pll
  Path Type:              Hold (Min at Fast Process Corner)
  Requirement:            0.000ns  (clk_out1_pll rise@0.000ns - clk_out2_pll rise@0.000ns)
  Data Path Delay:        0.712ns  (logic 0.128ns (17.986%)  route 0.584ns (82.014%))
  Logic Levels:           1  (LUT6=1)
  Clock Path Skew:        0.280ns (DCD - SCD - CPR)
    Destination Clock Delay (DCD):    -0.666ns
    Source Clock Delay      (SCD):    -0.463ns
    Clock Pessimism Removal (CPR):    -0.484ns
  Clock Uncertainty:      0.225ns  ((TSJ^2 + DJ^2)^1/2) / 2 + PE
    Total System Jitter     (TSJ):    0.071ns
    Discrete Jitter          (DJ):    0.198ns
    Phase Error              (PE):    0.120ns

    Location             Delay type                Incr(ns)  Path(ns)    Netlist Resource(s)
  -------------------------------------------------------------------    -------------------
                         (clock clk_out2_pll rise edge)
                                                      0.000     0.000 r  
    AD12                                              0.000     0.000 r  i_sys_clk_p (IN)
                         net (fo=0)                   0.000     0.000    pll_inst/inst/clk_in1_p
    AD12                 IBUFDS (Prop_ibufds_I_O)     0.388     0.388 r  pll_inst/inst/clkin1_ibufgds/O
                         net (fo=1, routed)           0.503     0.891    pll_inst/inst/clk_in1_pll
    PLLE2_ADV_X1Y1       PLLE2_ADV (Prop_plle2_adv_CLKIN1_CLKOUT1)
                                                     -2.908    -2.017 r  pll_inst/inst/plle2_adv_inst/CLKOUT1
                         net (fo=1, routed)           0.958    -1.059    pll_inst/inst/clk_out2_pll
    BUFGCTRL_X0Y0        BUFG (Prop_bufg_I_O)         0.026    -1.033 r  pll_inst/inst/clkout2_buf/O
                         net (fo=34220, routed)       0.570    -0.463    student_top_inst/bridge_inst/CLK
    SLICE_X26Y239        FDRE                                         r  student_top_inst/bridge_inst/seg_wdata_reg[8]/C
  -------------------------------------------------------------------    -------------------
    SLICE_X26Y239        FDRE (Prop_fdre_C_Q)         0.100    -0.363 r  student_top_inst/bridge_inst/seg_wdata_reg[8]/Q
                         net (fo=8, routed)           0.584     0.221    student_top_inst/bridge_inst/seg_driver/status_buffer_reg[4][4][8]
    SLICE_X27Y245        LUT6 (Prop_lut6_I1_O)        0.028     0.249 r  student_top_inst/bridge_inst/seg_driver/virtual_seg_OBUF[11]_inst_i_1/O
                         net (fo=2, routed)           0.000     0.249    twin_controller_inst/virtual_seg_OBUF[10]
    SLICE_X27Y245        FDCE                                         r  twin_controller_inst/status_buffer_reg[1][3]/D
  -------------------------------------------------------------------    -------------------

                         (clock clk_out1_pll rise edge)
                                                      0.000     0.000 r  
    AD12                                              0.000     0.000 r  i_sys_clk_p (IN)
                         net (fo=0)                   0.000     0.000    pll_inst/inst/clk_in1_p
    AD12                 IBUFDS (Prop_ibufds_I_O)     0.470     0.470 r  pll_inst/inst/clkin1_ibufgds/O
                         net (fo=1, routed)           0.554     1.024    pll_inst/inst/clk_in1_pll
    PLLE2_ADV_X1Y1       PLLE2_ADV (Prop_plle2_adv_CLKIN1_CLKOUT0)
                                                     -3.524    -2.500 r  pll_inst/inst/plle2_adv_inst/CLKOUT0
                         net (fo=1, routed)           1.027    -1.473    pll_inst/inst/clk_out1_pll
    BUFGCTRL_X0Y1        BUFG (Prop_bufg_I_O)         0.030    -1.443 r  pll_inst/inst/clkout1_buf/O
                         net (fo=353, routed)         0.777    -0.666    twin_controller_inst/CLK
    SLICE_X27Y245        FDCE                                         r  twin_controller_inst/status_buffer_reg[1][3]/C
                         clock pessimism              0.484    -0.183    
                         clock uncertainty            0.225     0.043    
    SLICE_X27Y245        FDCE (Hold_fdce_C_D)         0.060     0.103    twin_controller_inst/status_buffer_reg[1][3]
  -------------------------------------------------------------------
                         required time                         -0.103    
                         arrival time                           0.249    
  -------------------------------------------------------------------
                         slack                                  0.146    

Slack (MET) :             0.147ns  (arrival time - required time)
  Source:                 student_top_inst/bridge_inst/LED_reg[10]/C
                            (rising edge-triggered cell FDRE clocked by clk_out2_pll  {rise@0.000ns fall@10.000ns period=20.000ns})
  Destination:            twin_controller_inst/status_buffer_reg[15][2]/D
                            (rising edge-triggered cell FDCE clocked by clk_out1_pll  {rise@0.000ns fall@10.000ns period=20.000ns})
  Path Group:             clk_out1_pll
  Path Type:              Hold (Min at Fast Process Corner)
  Requirement:            0.000ns  (clk_out1_pll rise@0.000ns - clk_out2_pll rise@0.000ns)
  Data Path Delay:        0.691ns  (logic 0.100ns (14.471%)  route 0.591ns (85.529%))
  Logic Levels:           0  
  Clock Path Skew:        0.278ns (DCD - SCD - CPR)
    Destination Clock Delay (DCD):    -0.667ns
    Source Clock Delay      (SCD):    -0.462ns
    Clock Pessimism Removal (CPR):    -0.484ns
  Clock Uncertainty:      0.225ns  ((TSJ^2 + DJ^2)^1/2) / 2 + PE
    Total System Jitter     (TSJ):    0.071ns
    Discrete Jitter          (DJ):    0.198ns
    Phase Error              (PE):    0.120ns

    Location             Delay type                Incr(ns)  Path(ns)    Netlist Resource(s)
  -------------------------------------------------------------------    -------------------
                         (clock clk_out2_pll rise edge)
                                                      0.000     0.000 r  
    AD12                                              0.000     0.000 r  i_sys_clk_p (IN)
                         net (fo=0)                   0.000     0.000    pll_inst/inst/clk_in1_p
    AD12                 IBUFDS (Prop_ibufds_I_O)     0.388     0.388 r  pll_inst/inst/clkin1_ibufgds/O
                         net (fo=1, routed)           0.503     0.891    pll_inst/inst/clk_in1_pll
    PLLE2_ADV_X1Y1       PLLE2_ADV (Prop_plle2_adv_CLKIN1_CLKOUT1)
                                                     -2.908    -2.017 r  pll_inst/inst/plle2_adv_inst/CLKOUT1
                         net (fo=1, routed)           0.958    -1.059    pll_inst/inst/clk_out2_pll
    BUFGCTRL_X0Y0        BUFG (Prop_bufg_I_O)         0.026    -1.033 r  pll_inst/inst/clkout2_buf/O
                         net (fo=34220, routed)       0.571    -0.462    student_top_inst/bridge_inst/CLK
    SLICE_X23Y235        FDRE                                         r  student_top_inst/bridge_inst/LED_reg[10]/C
  -------------------------------------------------------------------    -------------------
    SLICE_X23Y235        FDRE (Prop_fdre_C_Q)         0.100    -0.362 r  student_top_inst/bridge_inst/LED_reg[10]/Q
                         net (fo=1, routed)           0.591     0.229    twin_controller_inst/Q[10]
    SLICE_X23Y237        FDCE                                         r  twin_controller_inst/status_buffer_reg[15][2]/D
  -------------------------------------------------------------------    -------------------

                         (clock clk_out1_pll rise edge)
                                                      0.000     0.000 r  
    AD12                                              0.000     0.000 r  i_sys_clk_p (IN)
                         net (fo=0)                   0.000     0.000    pll_inst/inst/clk_in1_p
    AD12                 IBUFDS (Prop_ibufds_I_O)     0.470     0.470 r  pll_inst/inst/clkin1_ibufgds/O
                         net (fo=1, routed)           0.554     1.024    pll_inst/inst/clk_in1_pll
    PLLE2_ADV_X1Y1       PLLE2_ADV (Prop_plle2_adv_CLKIN1_CLKOUT0)
                                                     -3.524    -2.500 r  pll_inst/inst/plle2_adv_inst/CLKOUT0
                         net (fo=1, routed)           1.027    -1.473    pll_inst/inst/clk_out1_pll
    BUFGCTRL_X0Y1        BUFG (Prop_bufg_I_O)         0.030    -1.443 r  pll_inst/inst/clkout1_buf/O
                         net (fo=353, routed)         0.776    -0.667    twin_controller_inst/CLK
    SLICE_X23Y237        FDCE                                         r  twin_controller_inst/status_buffer_reg[15][2]/C
                         clock pessimism              0.484    -0.184    
                         clock uncertainty            0.225     0.042    
    SLICE_X23Y237        FDCE (Hold_fdce_C_D)         0.041     0.083    twin_controller_inst/status_buffer_reg[15][2]
  -------------------------------------------------------------------
                         required time                         -0.083    
                         arrival time                           0.229    
  -------------------------------------------------------------------
                         slack                                  0.147    

Slack (MET) :             0.148ns  (arrival time - required time)
  Source:                 student_top_inst/bridge_inst/LED_reg[22]/C
                            (rising edge-triggered cell FDRE clocked by clk_out2_pll  {rise@0.000ns fall@10.000ns period=20.000ns})
  Destination:            twin_controller_inst/status_buffer_reg[16][6]/D
                            (rising edge-triggered cell FDCE clocked by clk_out1_pll  {rise@0.000ns fall@10.000ns period=20.000ns})
  Path Group:             clk_out1_pll
  Path Type:              Hold (Min at Fast Process Corner)
  Requirement:            0.000ns  (clk_out1_pll rise@0.000ns - clk_out2_pll rise@0.000ns)
  Data Path Delay:        0.694ns  (logic 0.100ns (14.410%)  route 0.594ns (85.590%))
  Logic Levels:           0  
  Clock Path Skew:        0.278ns (DCD - SCD - CPR)
    Destination Clock Delay (DCD):    -0.669ns
    Source Clock Delay      (SCD):    -0.464ns
    Clock Pessimism Removal (CPR):    -0.484ns
  Clock Uncertainty:      0.225ns  ((TSJ^2 + DJ^2)^1/2) / 2 + PE
    Total System Jitter     (TSJ):    0.071ns
    Discrete Jitter          (DJ):    0.198ns
    Phase Error              (PE):    0.120ns

    Location             Delay type                Incr(ns)  Path(ns)    Netlist Resource(s)
  -------------------------------------------------------------------    -------------------
                         (clock clk_out2_pll rise edge)
                                                      0.000     0.000 r  
    AD12                                              0.000     0.000 r  i_sys_clk_p (IN)
                         net (fo=0)                   0.000     0.000    pll_inst/inst/clk_in1_p
    AD12                 IBUFDS (Prop_ibufds_I_O)     0.388     0.388 r  pll_inst/inst/clkin1_ibufgds/O
                         net (fo=1, routed)           0.503     0.891    pll_inst/inst/clk_in1_pll
    PLLE2_ADV_X1Y1       PLLE2_ADV (Prop_plle2_adv_CLKIN1_CLKOUT1)
                                                     -2.908    -2.017 r  pll_inst/inst/plle2_adv_inst/CLKOUT1
                         net (fo=1, routed)           0.958    -1.059    pll_inst/inst/clk_out2_pll
    BUFGCTRL_X0Y0        BUFG (Prop_bufg_I_O)         0.026    -1.033 r  pll_inst/inst/clkout2_buf/O
                         net (fo=34220, routed)       0.569    -0.464    student_top_inst/bridge_inst/CLK
    SLICE_X34Y243        FDRE                                         r  student_top_inst/bridge_inst/LED_reg[22]/C
  -------------------------------------------------------------------    -------------------
    SLICE_X34Y243        FDRE (Prop_fdre_C_Q)         0.100    -0.364 r  student_top_inst/bridge_inst/LED_reg[22]/Q
                         net (fo=1, routed)           0.594     0.230    twin_controller_inst/Q[22]
    SLICE_X33Y243        FDCE                                         r  twin_controller_inst/status_buffer_reg[16][6]/D
  -------------------------------------------------------------------    -------------------

                         (clock clk_out1_pll rise edge)
                                                      0.000     0.000 r  
    AD12                                              0.000     0.000 r  i_sys_clk_p (IN)
                         net (fo=0)                   0.000     0.000    pll_inst/inst/clk_in1_p
    AD12                 IBUFDS (Prop_ibufds_I_O)     0.470     0.470 r  pll_inst/inst/clkin1_ibufgds/O
                         net (fo=1, routed)           0.554     1.024    pll_inst/inst/clk_in1_pll
    PLLE2_ADV_X1Y1       PLLE2_ADV (Prop_plle2_adv_CLKIN1_CLKOUT0)
                                                     -3.524    -2.500 r  pll_inst/inst/plle2_adv_inst/CLKOUT0
                         net (fo=1, routed)           1.027    -1.473    pll_inst/inst/clk_out1_pll
    BUFGCTRL_X0Y1        BUFG (Prop_bufg_I_O)         0.030    -1.443 r  pll_inst/inst/clkout1_buf/O
                         net (fo=353, routed)         0.774    -0.669    twin_controller_inst/CLK
    SLICE_X33Y243        FDCE                                         r  twin_controller_inst/status_buffer_reg[16][6]/C
                         clock pessimism              0.484    -0.186    
                         clock uncertainty            0.225     0.040    
    SLICE_X33Y243        FDCE (Hold_fdce_C_D)         0.043     0.083    twin_controller_inst/status_buffer_reg[16][6]
  -------------------------------------------------------------------
                         required time                         -0.083    
                         arrival time                           0.230    
  -------------------------------------------------------------------
                         slack                                  0.148    

Slack (MET) :             0.148ns  (arrival time - required time)
  Source:                 student_top_inst/bridge_inst/LED_reg[15]/C
                            (rising edge-triggered cell FDRE clocked by clk_out2_pll  {rise@0.000ns fall@10.000ns period=20.000ns})
  Destination:            twin_controller_inst/status_buffer_reg[15][7]/D
                            (rising edge-triggered cell FDCE clocked by clk_out1_pll  {rise@0.000ns fall@10.000ns period=20.000ns})
  Path Group:             clk_out1_pll
  Path Type:              Hold (Min at Fast Process Corner)
  Requirement:            0.000ns  (clk_out1_pll rise@0.000ns - clk_out2_pll rise@0.000ns)
  Data Path Delay:        0.695ns  (logic 0.100ns (14.385%)  route 0.595ns (85.615%))
  Logic Levels:           0  
  Clock Path Skew:        0.281ns (DCD - SCD - CPR)
    Destination Clock Delay (DCD):    -0.671ns
    Source Clock Delay      (SCD):    -0.469ns
    Clock Pessimism Removal (CPR):    -0.484ns
  Clock Uncertainty:      0.225ns  ((TSJ^2 + DJ^2)^1/2) / 2 + PE
    Total System Jitter     (TSJ):    0.071ns
    Discrete Jitter          (DJ):    0.198ns
    Phase Error              (PE):    0.120ns

    Location             Delay type                Incr(ns)  Path(ns)    Netlist Resource(s)
  -------------------------------------------------------------------    -------------------
                         (clock clk_out2_pll rise edge)
                                                      0.000     0.000 r  
    AD12                                              0.000     0.000 r  i_sys_clk_p (IN)
                         net (fo=0)                   0.000     0.000    pll_inst/inst/clk_in1_p
    AD12                 IBUFDS (Prop_ibufds_I_O)     0.388     0.388 r  pll_inst/inst/clkin1_ibufgds/O
                         net (fo=1, routed)           0.503     0.891    pll_inst/inst/clk_in1_pll
    PLLE2_ADV_X1Y1       PLLE2_ADV (Prop_plle2_adv_CLKIN1_CLKOUT1)
                                                     -2.908    -2.017 r  pll_inst/inst/plle2_adv_inst/CLKOUT1
                         net (fo=1, routed)           0.958    -1.059    pll_inst/inst/clk_out2_pll
    BUFGCTRL_X0Y0        BUFG (Prop_bufg_I_O)         0.026    -1.033 r  pll_inst/inst/clkout2_buf/O
                         net (fo=34220, routed)       0.564    -0.469    student_top_inst/bridge_inst/CLK
    SLICE_X36Y238        FDRE                                         r  student_top_inst/bridge_inst/LED_reg[15]/C
  -------------------------------------------------------------------    -------------------
    SLICE_X36Y238        FDRE (Prop_fdre_C_Q)         0.100    -0.369 r  student_top_inst/bridge_inst/LED_reg[15]/Q
                         net (fo=1, routed)           0.595     0.227    twin_controller_inst/Q[15]
    SLICE_X32Y238        FDCE                                         r  twin_controller_inst/status_buffer_reg[15][7]/D
  -------------------------------------------------------------------    -------------------

                         (clock clk_out1_pll rise edge)
                                                      0.000     0.000 r  
    AD12                                              0.000     0.000 r  i_sys_clk_p (IN)
                         net (fo=0)                   0.000     0.000    pll_inst/inst/clk_in1_p
    AD12                 IBUFDS (Prop_ibufds_I_O)     0.470     0.470 r  pll_inst/inst/clkin1_ibufgds/O
                         net (fo=1, routed)           0.554     1.024    pll_inst/inst/clk_in1_pll
    PLLE2_ADV_X1Y1       PLLE2_ADV (Prop_plle2_adv_CLKIN1_CLKOUT0)
                                                     -3.524    -2.500 r  pll_inst/inst/plle2_adv_inst/CLKOUT0
                         net (fo=1, routed)           1.027    -1.473    pll_inst/inst/clk_out1_pll
    BUFGCTRL_X0Y1        BUFG (Prop_bufg_I_O)         0.030    -1.443 r  pll_inst/inst/clkout1_buf/O
                         net (fo=353, routed)         0.772    -0.671    twin_controller_inst/CLK
    SLICE_X32Y238        FDCE                                         r  twin_controller_inst/status_buffer_reg[15][7]/C
                         clock pessimism              0.484    -0.188    
                         clock uncertainty            0.225     0.038    
    SLICE_X32Y238        FDCE (Hold_fdce_C_D)         0.041     0.079    twin_controller_inst/status_buffer_reg[15][7]
  -------------------------------------------------------------------
                         required time                         -0.079    
                         arrival time                           0.227    
  -------------------------------------------------------------------
                         slack                                  0.148    

Slack (MET) :             0.149ns  (arrival time - required time)
  Source:                 student_top_inst/bridge_inst/seg_wdata_reg[25]/C
                            (rising edge-triggered cell FDRE clocked by clk_out2_pll  {rise@0.000ns fall@10.000ns period=20.000ns})
  Destination:            twin_controller_inst/status_buffer_reg[4][1]/D
                            (rising edge-triggered cell FDCE clocked by clk_out1_pll  {rise@0.000ns fall@10.000ns period=20.000ns})
  Path Group:             clk_out1_pll
  Path Type:              Hold (Min at Fast Process Corner)
  Requirement:            0.000ns  (clk_out1_pll rise@0.000ns - clk_out2_pll rise@0.000ns)
  Data Path Delay:        0.711ns  (logic 0.128ns (18.003%)  route 0.583ns (81.997%))
  Logic Levels:           1  (LUT6=1)
  Clock Path Skew:        0.276ns (DCD - SCD - CPR)
    Destination Clock Delay (DCD):    -0.672ns
    Source Clock Delay      (SCD):    -0.465ns
    Clock Pessimism Removal (CPR):    -0.484ns
  Clock Uncertainty:      0.225ns  ((TSJ^2 + DJ^2)^1/2) / 2 + PE
    Total System Jitter     (TSJ):    0.071ns
    Discrete Jitter          (DJ):    0.198ns
    Phase Error              (PE):    0.120ns

    Location             Delay type                Incr(ns)  Path(ns)    Netlist Resource(s)
  -------------------------------------------------------------------    -------------------
                         (clock clk_out2_pll rise edge)
                                                      0.000     0.000 r  
    AD12                                              0.000     0.000 r  i_sys_clk_p (IN)
                         net (fo=0)                   0.000     0.000    pll_inst/inst/clk_in1_p
    AD12                 IBUFDS (Prop_ibufds_I_O)     0.388     0.388 r  pll_inst/inst/clkin1_ibufgds/O
                         net (fo=1, routed)           0.503     0.891    pll_inst/inst/clk_in1_pll
    PLLE2_ADV_X1Y1       PLLE2_ADV (Prop_plle2_adv_CLKIN1_CLKOUT1)
                                                     -2.908    -2.017 r  pll_inst/inst/plle2_adv_inst/CLKOUT1
                         net (fo=1, routed)           0.958    -1.059    pll_inst/inst/clk_out2_pll
    BUFGCTRL_X0Y0        BUFG (Prop_bufg_I_O)         0.026    -1.033 r  pll_inst/inst/clkout2_buf/O
                         net (fo=34220, routed)       0.568    -0.465    student_top_inst/bridge_inst/CLK
    SLICE_X27Y235        FDRE                                         r  student_top_inst/bridge_inst/seg_wdata_reg[25]/C
  -------------------------------------------------------------------    -------------------
    SLICE_X27Y235        FDRE (Prop_fdre_C_Q)         0.100    -0.365 r  student_top_inst/bridge_inst/seg_wdata_reg[25]/Q
                         net (fo=6, routed)           0.583     0.218    student_top_inst/bridge_inst/seg_driver/status_buffer_reg[4][4][25]
    SLICE_X24Y234        LUT6 (Prop_lut6_I4_O)        0.028     0.246 r  student_top_inst/bridge_inst/seg_driver/virtual_seg_OBUF[33]_inst_i_1/O
                         net (fo=2, routed)           0.000     0.246    twin_controller_inst/virtual_seg_OBUF[26]
    SLICE_X24Y234        FDCE                                         r  twin_controller_inst/status_buffer_reg[4][1]/D
  -------------------------------------------------------------------    -------------------

                         (clock clk_out1_pll rise edge)
                                                      0.000     0.000 r  
    AD12                                              0.000     0.000 r  i_sys_clk_p (IN)
                         net (fo=0)                   0.000     0.000    pll_inst/inst/clk_in1_p
    AD12                 IBUFDS (Prop_ibufds_I_O)     0.470     0.470 r  pll_inst/inst/clkin1_ibufgds/O
                         net (fo=1, routed)           0.554     1.024    pll_inst/inst/clk_in1_pll
    PLLE2_ADV_X1Y1       PLLE2_ADV (Prop_plle2_adv_CLKIN1_CLKOUT0)
                                                     -3.524    -2.500 r  pll_inst/inst/plle2_adv_inst/CLKOUT0
                         net (fo=1, routed)           1.027    -1.473    pll_inst/inst/clk_out1_pll
    BUFGCTRL_X0Y1        BUFG (Prop_bufg_I_O)         0.030    -1.443 r  pll_inst/inst/clkout1_buf/O
                         net (fo=353, routed)         0.771    -0.672    twin_controller_inst/CLK
    SLICE_X24Y234        FDCE                                         r  twin_controller_inst/status_buffer_reg[4][1]/C
                         clock pessimism              0.484    -0.189    
                         clock uncertainty            0.225     0.037    
    SLICE_X24Y234        FDCE (Hold_fdce_C_D)         0.061     0.098    twin_controller_inst/status_buffer_reg[4][1]
  -------------------------------------------------------------------
                         required time                         -0.098    
                         arrival time                           0.246    
  -------------------------------------------------------------------
                         slack                                  0.149    

Slack (MET) :             0.152ns  (arrival time - required time)
  Source:                 student_top_inst/bridge_inst/LED_reg[26]/C
                            (rising edge-triggered cell FDRE clocked by clk_out2_pll  {rise@0.000ns fall@10.000ns period=20.000ns})
  Destination:            twin_controller_inst/status_buffer_reg[17][2]/D
                            (rising edge-triggered cell FDCE clocked by clk_out1_pll  {rise@0.000ns fall@10.000ns period=20.000ns})
  Path Group:             clk_out1_pll
  Path Type:              Hold (Min at Fast Process Corner)
  Requirement:            0.000ns  (clk_out1_pll rise@0.000ns - clk_out2_pll rise@0.000ns)
  Data Path Delay:        0.689ns  (logic 0.100ns (14.514%)  route 0.589ns (85.486%))
  Logic Levels:           0  
  Clock Path Skew:        0.279ns (DCD - SCD - CPR)
    Destination Clock Delay (DCD):    -0.667ns
    Source Clock Delay      (SCD):    -0.463ns
    Clock Pessimism Removal (CPR):    -0.484ns
  Clock Uncertainty:      0.225ns  ((TSJ^2 + DJ^2)^1/2) / 2 + PE
    Total System Jitter     (TSJ):    0.071ns
    Discrete Jitter          (DJ):    0.198ns
    Phase Error              (PE):    0.120ns

    Location             Delay type                Incr(ns)  Path(ns)    Netlist Resource(s)
  -------------------------------------------------------------------    -------------------
                         (clock clk_out2_pll rise edge)
                                                      0.000     0.000 r  
    AD12                                              0.000     0.000 r  i_sys_clk_p (IN)
                         net (fo=0)                   0.000     0.000    pll_inst/inst/clk_in1_p
    AD12                 IBUFDS (Prop_ibufds_I_O)     0.388     0.388 r  pll_inst/inst/clkin1_ibufgds/O
                         net (fo=1, routed)           0.503     0.891    pll_inst/inst/clk_in1_pll
    PLLE2_ADV_X1Y1       PLLE2_ADV (Prop_plle2_adv_CLKIN1_CLKOUT1)
                                                     -2.908    -2.017 r  pll_inst/inst/plle2_adv_inst/CLKOUT1
                         net (fo=1, routed)           0.958    -1.059    pll_inst/inst/clk_out2_pll
    BUFGCTRL_X0Y0        BUFG (Prop_bufg_I_O)         0.026    -1.033 r  pll_inst/inst/clkout2_buf/O
                         net (fo=34220, routed)       0.570    -0.463    student_top_inst/bridge_inst/CLK
    SLICE_X30Y244        FDRE                                         r  student_top_inst/bridge_inst/LED_reg[26]/C
  -------------------------------------------------------------------    -------------------
    SLICE_X30Y244        FDRE (Prop_fdre_C_Q)         0.100    -0.363 r  student_top_inst/bridge_inst/LED_reg[26]/Q
                         net (fo=1, routed)           0.589     0.226    twin_controller_inst/Q[26]
    SLICE_X30Y243        FDCE                                         r  twin_controller_inst/status_buffer_reg[17][2]/D
  -------------------------------------------------------------------    -------------------

                         (clock clk_out1_pll rise edge)
                                                      0.000     0.000 r  
    AD12                                              0.000     0.000 r  i_sys_clk_p (IN)
                         net (fo=0)                   0.000     0.000    pll_inst/inst/clk_in1_p
    AD12                 IBUFDS (Prop_ibufds_I_O)     0.470     0.470 r  pll_inst/inst/clkin1_ibufgds/O
                         net (fo=1, routed)           0.554     1.024    pll_inst/inst/clk_in1_pll
    PLLE2_ADV_X1Y1       PLLE2_ADV (Prop_plle2_adv_CLKIN1_CLKOUT0)
                                                     -3.524    -2.500 r  pll_inst/inst/plle2_adv_inst/CLKOUT0
                         net (fo=1, routed)           1.027    -1.473    pll_inst/inst/clk_out1_pll
    BUFGCTRL_X0Y1        BUFG (Prop_bufg_I_O)         0.030    -1.443 r  pll_inst/inst/clkout1_buf/O
                         net (fo=353, routed)         0.776    -0.667    twin_controller_inst/CLK
    SLICE_X30Y243        FDCE                                         r  twin_controller_inst/status_buffer_reg[17][2]/C
                         clock pessimism              0.484    -0.184    
                         clock uncertainty            0.225     0.042    
    SLICE_X30Y243        FDCE (Hold_fdce_C_D)         0.033     0.075    twin_controller_inst/status_buffer_reg[17][2]
  -------------------------------------------------------------------
                         required time                         -0.075    
                         arrival time                           0.226    
  -------------------------------------------------------------------
                         slack                                  0.152    





---------------------------------------------------------------------------------------------------
From Clock:  clk_out1_pll
  To Clock:  clk_out2_pll

Setup :            0  Failing Endpoints,  Worst Slack       15.113ns,  Total Violation        0.000ns
Hold  :            0  Failing Endpoints,  Worst Slack        0.230ns,  Total Violation        0.000ns
---------------------------------------------------------------------------------------------------


Max Delay Paths
--------------------------------------------------------------------------------------
Slack (MET) :             15.113ns  (required time - arrival time)
  Source:                 twin_controller_inst/sw_reg[7]/C
                            (rising edge-triggered cell FDCE clocked by clk_out1_pll  {rise@0.000ns fall@10.000ns period=20.000ns})
  Destination:            student_top_inst/Core_cpu/rf_inst/reg_bank_reg[4][13]/D
                            (rising edge-triggered cell FDCE clocked by clk_out2_pll  {rise@0.000ns fall@10.000ns period=20.000ns})
  Path Group:             clk_out2_pll
  Path Type:              Setup (Max at Slow Process Corner)
  Requirement:            20.000ns  (clk_out2_pll rise@20.000ns - clk_out1_pll rise@0.000ns)
  Data Path Delay:        4.428ns  (logic 0.496ns (11.202%)  route 3.932ns (88.798%))
  Logic Levels:           4  (LUT3=1 LUT6=3)
  Clock Path Skew:        -0.212ns (DCD - SCD + CPR)
    Destination Clock Delay (DCD):    -2.167ns = ( 17.833 - 20.000 ) 
    Source Clock Delay      (SCD):    -2.552ns
    Clock Pessimism Removal (CPR):    -0.598ns
  Clock Uncertainty:      0.225ns  ((TSJ^2 + DJ^2)^1/2) / 2 + PE
    Total System Jitter     (TSJ):    0.071ns
    Discrete Jitter          (DJ):    0.198ns
    Phase Error              (PE):    0.120ns

    Location             Delay type                Incr(ns)  Path(ns)    Netlist Resource(s)
  -------------------------------------------------------------------    -------------------
                         (clock clk_out1_pll rise edge)
                                                      0.000     0.000 r  
    AD12                                              0.000     0.000 r  i_sys_clk_p (IN)
                         net (fo=0)                   0.000     0.000    pll_inst/inst/clk_in1_p
    AD12                 IBUFDS (Prop_ibufds_I_O)     0.906     0.906 r  pll_inst/inst/clkin1_ibufgds/O
                         net (fo=1, routed)           1.098     2.004    pll_inst/inst/clk_in1_pll
    PLLE2_ADV_X1Y1       PLLE2_ADV (Prop_plle2_adv_CLKIN1_CLKOUT0)
                                                     -8.058    -6.054 r  pll_inst/inst/plle2_adv_inst/CLKOUT0
                         net (fo=1, routed)           2.128    -3.926    pll_inst/inst/clk_out1_pll
    BUFGCTRL_X0Y1        BUFG (Prop_bufg_I_O)         0.093    -3.833 r  pll_inst/inst/clkout1_buf/O
                         net (fo=353, routed)         1.281    -2.552    twin_controller_inst/CLK
    SLICE_X28Y240        FDCE                                         r  twin_controller_inst/sw_reg[7]/C
  -------------------------------------------------------------------    -------------------
    SLICE_X28Y240        FDCE (Prop_fdce_C_Q)         0.223    -2.329 r  twin_controller_inst/sw_reg[7]/Q
                         net (fo=3, routed)           0.816    -1.513    twin_controller_inst/virtual_sw[7]
    SLICE_X25Y239        LUT6 (Prop_lut6_I2_O)        0.043    -1.470 f  twin_controller_inst/reg_bank[31][31]_i_38/O
                         net (fo=1, routed)           0.625    -0.846    student_top_inst/Core_cpu/rf_inst/reg_bank[31][31]_i_5_1
    SLICE_X28Y235        LUT3 (Prop_lut3_I0_O)        0.051    -0.795 f  student_top_inst/Core_cpu/rf_inst/reg_bank[31][31]_i_16/O
                         net (fo=2, routed)           0.504    -0.291    student_top_inst/Core_cpu/rf_inst/reg_bank[31][31]_i_16_n_0
    SLICE_X27Y233        LUT6 (Prop_lut6_I1_O)        0.136    -0.155 r  student_top_inst/Core_cpu/rf_inst/reg_bank[31][31]_i_5/O
                         net (fo=24, routed)          0.690     0.535    student_top_inst/Core_cpu/rf_inst/mask_inst/mdata10_out[17]
    SLICE_X26Y222        LUT6 (Prop_lut6_I1_O)        0.043     0.578 r  student_top_inst/Core_cpu/rf_inst/reg_bank[31][13]_i_1/O
                         net (fo=32, routed)          1.297     1.876    student_top_inst/Core_cpu/rf_inst/wdata[13]
    SLICE_X0Y209         FDCE                                         r  student_top_inst/Core_cpu/rf_inst/reg_bank_reg[4][13]/D
  -------------------------------------------------------------------    -------------------

                         (clock clk_out2_pll rise edge)
                                                     20.000    20.000 r  
    AD12                                              0.000    20.000 r  i_sys_clk_p (IN)
                         net (fo=0)                   0.000    20.000    pll_inst/inst/clk_in1_p
    AD12                 IBUFDS (Prop_ibufds_I_O)     0.803    20.803 r  pll_inst/inst/clkin1_ibufgds/O
                         net (fo=1, routed)           1.001    21.804    pll_inst/inst/clk_in1_pll
    PLLE2_ADV_X1Y1       PLLE2_ADV (Prop_plle2_adv_CLKIN1_CLKOUT1)
                                                     -7.261    14.543 r  pll_inst/inst/plle2_adv_inst/CLKOUT1
                         net (fo=1, routed)           2.003    16.546    pll_inst/inst/clk_out2_pll
    BUFGCTRL_X0Y0        BUFG (Prop_bufg_I_O)         0.083    16.629 r  pll_inst/inst/clkout2_buf/O
                         net (fo=34220, routed)       1.204    17.833    student_top_inst/Core_cpu/rf_inst/CLK
    SLICE_X0Y209         FDCE                                         r  student_top_inst/Core_cpu/rf_inst/reg_bank_reg[4][13]/C
                         clock pessimism             -0.598    17.236    
                         clock uncertainty           -0.225    17.010    
    SLICE_X0Y209         FDCE (Setup_fdce_C_D)       -0.022    16.988    student_top_inst/Core_cpu/rf_inst/reg_bank_reg[4][13]
  -------------------------------------------------------------------
                         required time                         16.988    
                         arrival time                          -1.876    
  -------------------------------------------------------------------
                         slack                                 15.113    

Slack (MET) :             15.143ns  (required time - arrival time)
  Source:                 twin_controller_inst/sw_reg[7]/C
                            (rising edge-triggered cell FDCE clocked by clk_out1_pll  {rise@0.000ns fall@10.000ns period=20.000ns})
  Destination:            student_top_inst/Core_cpu/rf_inst/reg_bank_reg[9][13]/D
                            (rising edge-triggered cell FDCE clocked by clk_out2_pll  {rise@0.000ns fall@10.000ns period=20.000ns})
  Path Group:             clk_out2_pll
  Path Type:              Setup (Max at Slow Process Corner)
  Requirement:            20.000ns  (clk_out2_pll rise@20.000ns - clk_out1_pll rise@0.000ns)
  Data Path Delay:        4.400ns  (logic 0.496ns (11.272%)  route 3.904ns (88.728%))
  Logic Levels:           4  (LUT3=1 LUT6=3)
  Clock Path Skew:        -0.213ns (DCD - SCD + CPR)
    Destination Clock Delay (DCD):    -2.168ns = ( 17.832 - 20.000 ) 
    Source Clock Delay      (SCD):    -2.552ns
    Clock Pessimism Removal (CPR):    -0.598ns
  Clock Uncertainty:      0.225ns  ((TSJ^2 + DJ^2)^1/2) / 2 + PE
    Total System Jitter     (TSJ):    0.071ns
    Discrete Jitter          (DJ):    0.198ns
    Phase Error              (PE):    0.120ns

    Location             Delay type                Incr(ns)  Path(ns)    Netlist Resource(s)
  -------------------------------------------------------------------    -------------------
                         (clock clk_out1_pll rise edge)
                                                      0.000     0.000 r  
    AD12                                              0.000     0.000 r  i_sys_clk_p (IN)
                         net (fo=0)                   0.000     0.000    pll_inst/inst/clk_in1_p
    AD12                 IBUFDS (Prop_ibufds_I_O)     0.906     0.906 r  pll_inst/inst/clkin1_ibufgds/O
                         net (fo=1, routed)           1.098     2.004    pll_inst/inst/clk_in1_pll
    PLLE2_ADV_X1Y1       PLLE2_ADV (Prop_plle2_adv_CLKIN1_CLKOUT0)
                                                     -8.058    -6.054 r  pll_inst/inst/plle2_adv_inst/CLKOUT0
                         net (fo=1, routed)           2.128    -3.926    pll_inst/inst/clk_out1_pll
    BUFGCTRL_X0Y1        BUFG (Prop_bufg_I_O)         0.093    -3.833 r  pll_inst/inst/clkout1_buf/O
                         net (fo=353, routed)         1.281    -2.552    twin_controller_inst/CLK
    SLICE_X28Y240        FDCE                                         r  twin_controller_inst/sw_reg[7]/C
  -------------------------------------------------------------------    -------------------
    SLICE_X28Y240        FDCE (Prop_fdce_C_Q)         0.223    -2.329 r  twin_controller_inst/sw_reg[7]/Q
                         net (fo=3, routed)           0.816    -1.513    twin_controller_inst/virtual_sw[7]
    SLICE_X25Y239        LUT6 (Prop_lut6_I2_O)        0.043    -1.470 f  twin_controller_inst/reg_bank[31][31]_i_38/O
                         net (fo=1, routed)           0.625    -0.846    student_top_inst/Core_cpu/rf_inst/reg_bank[31][31]_i_5_1
    SLICE_X28Y235        LUT3 (Prop_lut3_I0_O)        0.051    -0.795 f  student_top_inst/Core_cpu/rf_inst/reg_bank[31][31]_i_16/O
                         net (fo=2, routed)           0.504    -0.291    student_top_inst/Core_cpu/rf_inst/reg_bank[31][31]_i_16_n_0
    SLICE_X27Y233        LUT6 (Prop_lut6_I1_O)        0.136    -0.155 r  student_top_inst/Core_cpu/rf_inst/reg_bank[31][31]_i_5/O
                         net (fo=24, routed)          0.690     0.535    student_top_inst/Core_cpu/rf_inst/mask_inst/mdata10_out[17]
    SLICE_X26Y222        LUT6 (Prop_lut6_I1_O)        0.043     0.578 r  student_top_inst/Core_cpu/rf_inst/reg_bank[31][13]_i_1/O
                         net (fo=32, routed)          1.270     1.848    student_top_inst/Core_cpu/rf_inst/wdata[13]
    SLICE_X3Y210         FDCE                                         r  student_top_inst/Core_cpu/rf_inst/reg_bank_reg[9][13]/D
  -------------------------------------------------------------------    -------------------

                         (clock clk_out2_pll rise edge)
                                                     20.000    20.000 r  
    AD12                                              0.000    20.000 r  i_sys_clk_p (IN)
                         net (fo=0)                   0.000    20.000    pll_inst/inst/clk_in1_p
    AD12                 IBUFDS (Prop_ibufds_I_O)     0.803    20.803 r  pll_inst/inst/clkin1_ibufgds/O
                         net (fo=1, routed)           1.001    21.804    pll_inst/inst/clk_in1_pll
    PLLE2_ADV_X1Y1       PLLE2_ADV (Prop_plle2_adv_CLKIN1_CLKOUT1)
                                                     -7.261    14.543 r  pll_inst/inst/plle2_adv_inst/CLKOUT1
                         net (fo=1, routed)           2.003    16.546    pll_inst/inst/clk_out2_pll
    BUFGCTRL_X0Y0        BUFG (Prop_bufg_I_O)         0.083    16.629 r  pll_inst/inst/clkout2_buf/O
                         net (fo=34220, routed)       1.203    17.832    student_top_inst/Core_cpu/rf_inst/CLK
    SLICE_X3Y210         FDCE                                         r  student_top_inst/Core_cpu/rf_inst/reg_bank_reg[9][13]/C
                         clock pessimism             -0.598    17.235    
                         clock uncertainty           -0.225    17.009    
    SLICE_X3Y210         FDCE (Setup_fdce_C_D)       -0.019    16.990    student_top_inst/Core_cpu/rf_inst/reg_bank_reg[9][13]
  -------------------------------------------------------------------
                         required time                         16.990    
                         arrival time                          -1.848    
  -------------------------------------------------------------------
                         slack                                 15.143    

Slack (MET) :             15.170ns  (required time - arrival time)
  Source:                 twin_controller_inst/sw_reg[7]/C
                            (rising edge-triggered cell FDCE clocked by clk_out1_pll  {rise@0.000ns fall@10.000ns period=20.000ns})
  Destination:            student_top_inst/Core_cpu/rf_inst/reg_bank_reg[16][9]/D
                            (rising edge-triggered cell FDCE clocked by clk_out2_pll  {rise@0.000ns fall@10.000ns period=20.000ns})
  Path Group:             clk_out2_pll
  Path Type:              Setup (Max at Slow Process Corner)
  Requirement:            20.000ns  (clk_out2_pll rise@20.000ns - clk_out1_pll rise@0.000ns)
  Data Path Delay:        4.371ns  (logic 0.496ns (11.348%)  route 3.875ns (88.652%))
  Logic Levels:           4  (LUT3=1 LUT6=3)
  Clock Path Skew:        -0.215ns (DCD - SCD + CPR)
    Destination Clock Delay (DCD):    -2.170ns = ( 17.830 - 20.000 ) 
    Source Clock Delay      (SCD):    -2.552ns
    Clock Pessimism Removal (CPR):    -0.598ns
  Clock Uncertainty:      0.225ns  ((TSJ^2 + DJ^2)^1/2) / 2 + PE
    Total System Jitter     (TSJ):    0.071ns
    Discrete Jitter          (DJ):    0.198ns
    Phase Error              (PE):    0.120ns

    Location             Delay type                Incr(ns)  Path(ns)    Netlist Resource(s)
  -------------------------------------------------------------------    -------------------
                         (clock clk_out1_pll rise edge)
                                                      0.000     0.000 r  
    AD12                                              0.000     0.000 r  i_sys_clk_p (IN)
                         net (fo=0)                   0.000     0.000    pll_inst/inst/clk_in1_p
    AD12                 IBUFDS (Prop_ibufds_I_O)     0.906     0.906 r  pll_inst/inst/clkin1_ibufgds/O
                         net (fo=1, routed)           1.098     2.004    pll_inst/inst/clk_in1_pll
    PLLE2_ADV_X1Y1       PLLE2_ADV (Prop_plle2_adv_CLKIN1_CLKOUT0)
                                                     -8.058    -6.054 r  pll_inst/inst/plle2_adv_inst/CLKOUT0
                         net (fo=1, routed)           2.128    -3.926    pll_inst/inst/clk_out1_pll
    BUFGCTRL_X0Y1        BUFG (Prop_bufg_I_O)         0.093    -3.833 r  pll_inst/inst/clkout1_buf/O
                         net (fo=353, routed)         1.281    -2.552    twin_controller_inst/CLK
    SLICE_X28Y240        FDCE                                         r  twin_controller_inst/sw_reg[7]/C
  -------------------------------------------------------------------    -------------------
    SLICE_X28Y240        FDCE (Prop_fdce_C_Q)         0.223    -2.329 r  twin_controller_inst/sw_reg[7]/Q
                         net (fo=3, routed)           0.816    -1.513    twin_controller_inst/virtual_sw[7]
    SLICE_X25Y239        LUT6 (Prop_lut6_I2_O)        0.043    -1.470 f  twin_controller_inst/reg_bank[31][31]_i_38/O
                         net (fo=1, routed)           0.625    -0.846    student_top_inst/Core_cpu/rf_inst/reg_bank[31][31]_i_5_1
    SLICE_X28Y235        LUT3 (Prop_lut3_I0_O)        0.051    -0.795 f  student_top_inst/Core_cpu/rf_inst/reg_bank[31][31]_i_16/O
                         net (fo=2, routed)           0.504    -0.291    student_top_inst/Core_cpu/rf_inst/reg_bank[31][31]_i_16_n_0
    SLICE_X27Y233        LUT6 (Prop_lut6_I1_O)        0.136    -0.155 r  student_top_inst/Core_cpu/rf_inst/reg_bank[31][31]_i_5/O
                         net (fo=24, routed)          0.670     0.515    student_top_inst/Core_cpu/rf_inst/mask_inst/mdata10_out[17]
    SLICE_X24Y223        LUT6 (Prop_lut6_I1_O)        0.043     0.558 r  student_top_inst/Core_cpu/rf_inst/reg_bank[31][9]_i_1/O
                         net (fo=32, routed)          1.261     1.818    student_top_inst/Core_cpu/rf_inst/wdata[9]
    SLICE_X7Y211         FDCE                                         r  student_top_inst/Core_cpu/rf_inst/reg_bank_reg[16][9]/D
  -------------------------------------------------------------------    -------------------

                         (clock clk_out2_pll rise edge)
                                                     20.000    20.000 r  
    AD12                                              0.000    20.000 r  i_sys_clk_p (IN)
                         net (fo=0)                   0.000    20.000    pll_inst/inst/clk_in1_p
    AD12                 IBUFDS (Prop_ibufds_I_O)     0.803    20.803 r  pll_inst/inst/clkin1_ibufgds/O
                         net (fo=1, routed)           1.001    21.804    pll_inst/inst/clk_in1_pll
    PLLE2_ADV_X1Y1       PLLE2_ADV (Prop_plle2_adv_CLKIN1_CLKOUT1)
                                                     -7.261    14.543 r  pll_inst/inst/plle2_adv_inst/CLKOUT1
                         net (fo=1, routed)           2.003    16.546    pll_inst/inst/clk_out2_pll
    BUFGCTRL_X0Y0        BUFG (Prop_bufg_I_O)         0.083    16.629 r  pll_inst/inst/clkout2_buf/O
                         net (fo=34220, routed)       1.201    17.830    student_top_inst/Core_cpu/rf_inst/CLK
    SLICE_X7Y211         FDCE                                         r  student_top_inst/Core_cpu/rf_inst/reg_bank_reg[16][9]/C
                         clock pessimism             -0.598    17.233    
                         clock uncertainty           -0.225    17.007    
    SLICE_X7Y211         FDCE (Setup_fdce_C_D)       -0.019    16.988    student_top_inst/Core_cpu/rf_inst/reg_bank_reg[16][9]
  -------------------------------------------------------------------
                         required time                         16.988    
                         arrival time                          -1.818    
  -------------------------------------------------------------------
                         slack                                 15.170    

Slack (MET) :             15.194ns  (required time - arrival time)
  Source:                 twin_controller_inst/sw_reg[7]/C
                            (rising edge-triggered cell FDCE clocked by clk_out1_pll  {rise@0.000ns fall@10.000ns period=20.000ns})
  Destination:            student_top_inst/Core_cpu/rf_inst/reg_bank_reg[7][13]/D
                            (rising edge-triggered cell FDCE clocked by clk_out2_pll  {rise@0.000ns fall@10.000ns period=20.000ns})
  Path Group:             clk_out2_pll
  Path Type:              Setup (Max at Slow Process Corner)
  Requirement:            20.000ns  (clk_out2_pll rise@20.000ns - clk_out1_pll rise@0.000ns)
  Data Path Delay:        4.337ns  (logic 0.496ns (11.437%)  route 3.841ns (88.563%))
  Logic Levels:           4  (LUT3=1 LUT6=3)
  Clock Path Skew:        -0.213ns (DCD - SCD + CPR)
    Destination Clock Delay (DCD):    -2.168ns = ( 17.832 - 20.000 ) 
    Source Clock Delay      (SCD):    -2.552ns
    Clock Pessimism Removal (CPR):    -0.598ns
  Clock Uncertainty:      0.225ns  ((TSJ^2 + DJ^2)^1/2) / 2 + PE
    Total System Jitter     (TSJ):    0.071ns
    Discrete Jitter          (DJ):    0.198ns
    Phase Error              (PE):    0.120ns

    Location             Delay type                Incr(ns)  Path(ns)    Netlist Resource(s)
  -------------------------------------------------------------------    -------------------
                         (clock clk_out1_pll rise edge)
                                                      0.000     0.000 r  
    AD12                                              0.000     0.000 r  i_sys_clk_p (IN)
                         net (fo=0)                   0.000     0.000    pll_inst/inst/clk_in1_p
    AD12                 IBUFDS (Prop_ibufds_I_O)     0.906     0.906 r  pll_inst/inst/clkin1_ibufgds/O
                         net (fo=1, routed)           1.098     2.004    pll_inst/inst/clk_in1_pll
    PLLE2_ADV_X1Y1       PLLE2_ADV (Prop_plle2_adv_CLKIN1_CLKOUT0)
                                                     -8.058    -6.054 r  pll_inst/inst/plle2_adv_inst/CLKOUT0
                         net (fo=1, routed)           2.128    -3.926    pll_inst/inst/clk_out1_pll
    BUFGCTRL_X0Y1        BUFG (Prop_bufg_I_O)         0.093    -3.833 r  pll_inst/inst/clkout1_buf/O
                         net (fo=353, routed)         1.281    -2.552    twin_controller_inst/CLK
    SLICE_X28Y240        FDCE                                         r  twin_controller_inst/sw_reg[7]/C
  -------------------------------------------------------------------    -------------------
    SLICE_X28Y240        FDCE (Prop_fdce_C_Q)         0.223    -2.329 r  twin_controller_inst/sw_reg[7]/Q
                         net (fo=3, routed)           0.816    -1.513    twin_controller_inst/virtual_sw[7]
    SLICE_X25Y239        LUT6 (Prop_lut6_I2_O)        0.043    -1.470 f  twin_controller_inst/reg_bank[31][31]_i_38/O
                         net (fo=1, routed)           0.625    -0.846    student_top_inst/Core_cpu/rf_inst/reg_bank[31][31]_i_5_1
    SLICE_X28Y235        LUT3 (Prop_lut3_I0_O)        0.051    -0.795 f  student_top_inst/Core_cpu/rf_inst/reg_bank[31][31]_i_16/O
                         net (fo=2, routed)           0.504    -0.291    student_top_inst/Core_cpu/rf_inst/reg_bank[31][31]_i_16_n_0
    SLICE_X27Y233        LUT6 (Prop_lut6_I1_O)        0.136    -0.155 r  student_top_inst/Core_cpu/rf_inst/reg_bank[31][31]_i_5/O
                         net (fo=24, routed)          0.690     0.535    student_top_inst/Core_cpu/rf_inst/mask_inst/mdata10_out[17]
    SLICE_X26Y222        LUT6 (Prop_lut6_I1_O)        0.043     0.578 r  student_top_inst/Core_cpu/rf_inst/reg_bank[31][13]_i_1/O
                         net (fo=32, routed)          1.206     1.784    student_top_inst/Core_cpu/rf_inst/wdata[13]
    SLICE_X1Y210         FDCE                                         r  student_top_inst/Core_cpu/rf_inst/reg_bank_reg[7][13]/D
  -------------------------------------------------------------------    -------------------

                         (clock clk_out2_pll rise edge)
                                                     20.000    20.000 r  
    AD12                                              0.000    20.000 r  i_sys_clk_p (IN)
                         net (fo=0)                   0.000    20.000    pll_inst/inst/clk_in1_p
    AD12                 IBUFDS (Prop_ibufds_I_O)     0.803    20.803 r  pll_inst/inst/clkin1_ibufgds/O
                         net (fo=1, routed)           1.001    21.804    pll_inst/inst/clk_in1_pll
    PLLE2_ADV_X1Y1       PLLE2_ADV (Prop_plle2_adv_CLKIN1_CLKOUT1)
                                                     -7.261    14.543 r  pll_inst/inst/plle2_adv_inst/CLKOUT1
                         net (fo=1, routed)           2.003    16.546    pll_inst/inst/clk_out2_pll
    BUFGCTRL_X0Y0        BUFG (Prop_bufg_I_O)         0.083    16.629 r  pll_inst/inst/clkout2_buf/O
                         net (fo=34220, routed)       1.203    17.832    student_top_inst/Core_cpu/rf_inst/CLK
    SLICE_X1Y210         FDCE                                         r  student_top_inst/Core_cpu/rf_inst/reg_bank_reg[7][13]/C
                         clock pessimism             -0.598    17.235    
                         clock uncertainty           -0.225    17.009    
    SLICE_X1Y210         FDCE (Setup_fdce_C_D)       -0.031    16.978    student_top_inst/Core_cpu/rf_inst/reg_bank_reg[7][13]
  -------------------------------------------------------------------
                         required time                         16.978    
                         arrival time                          -1.784    
  -------------------------------------------------------------------
                         slack                                 15.194    

Slack (MET) :             15.201ns  (required time - arrival time)
  Source:                 twin_controller_inst/sw_reg[7]/C
                            (rising edge-triggered cell FDCE clocked by clk_out1_pll  {rise@0.000ns fall@10.000ns period=20.000ns})
  Destination:            student_top_inst/Core_cpu/rf_inst/reg_bank_reg[1][13]/D
                            (rising edge-triggered cell FDCE clocked by clk_out2_pll  {rise@0.000ns fall@10.000ns period=20.000ns})
  Path Group:             clk_out2_pll
  Path Type:              Setup (Max at Slow Process Corner)
  Requirement:            20.000ns  (clk_out2_pll rise@20.000ns - clk_out1_pll rise@0.000ns)
  Data Path Delay:        4.330ns  (logic 0.496ns (11.456%)  route 3.834ns (88.544%))
  Logic Levels:           4  (LUT3=1 LUT6=3)
  Clock Path Skew:        -0.213ns (DCD - SCD + CPR)
    Destination Clock Delay (DCD):    -2.168ns = ( 17.832 - 20.000 ) 
    Source Clock Delay      (SCD):    -2.552ns
    Clock Pessimism Removal (CPR):    -0.598ns
  Clock Uncertainty:      0.225ns  ((TSJ^2 + DJ^2)^1/2) / 2 + PE
    Total System Jitter     (TSJ):    0.071ns
    Discrete Jitter          (DJ):    0.198ns
    Phase Error              (PE):    0.120ns

    Location             Delay type                Incr(ns)  Path(ns)    Netlist Resource(s)
  -------------------------------------------------------------------    -------------------
                         (clock clk_out1_pll rise edge)
                                                      0.000     0.000 r  
    AD12                                              0.000     0.000 r  i_sys_clk_p (IN)
                         net (fo=0)                   0.000     0.000    pll_inst/inst/clk_in1_p
    AD12                 IBUFDS (Prop_ibufds_I_O)     0.906     0.906 r  pll_inst/inst/clkin1_ibufgds/O
                         net (fo=1, routed)           1.098     2.004    pll_inst/inst/clk_in1_pll
    PLLE2_ADV_X1Y1       PLLE2_ADV (Prop_plle2_adv_CLKIN1_CLKOUT0)
                                                     -8.058    -6.054 r  pll_inst/inst/plle2_adv_inst/CLKOUT0
                         net (fo=1, routed)           2.128    -3.926    pll_inst/inst/clk_out1_pll
    BUFGCTRL_X0Y1        BUFG (Prop_bufg_I_O)         0.093    -3.833 r  pll_inst/inst/clkout1_buf/O
                         net (fo=353, routed)         1.281    -2.552    twin_controller_inst/CLK
    SLICE_X28Y240        FDCE                                         r  twin_controller_inst/sw_reg[7]/C
  -------------------------------------------------------------------    -------------------
    SLICE_X28Y240        FDCE (Prop_fdce_C_Q)         0.223    -2.329 r  twin_controller_inst/sw_reg[7]/Q
                         net (fo=3, routed)           0.816    -1.513    twin_controller_inst/virtual_sw[7]
    SLICE_X25Y239        LUT6 (Prop_lut6_I2_O)        0.043    -1.470 f  twin_controller_inst/reg_bank[31][31]_i_38/O
                         net (fo=1, routed)           0.625    -0.846    student_top_inst/Core_cpu/rf_inst/reg_bank[31][31]_i_5_1
    SLICE_X28Y235        LUT3 (Prop_lut3_I0_O)        0.051    -0.795 f  student_top_inst/Core_cpu/rf_inst/reg_bank[31][31]_i_16/O
                         net (fo=2, routed)           0.504    -0.291    student_top_inst/Core_cpu/rf_inst/reg_bank[31][31]_i_16_n_0
    SLICE_X27Y233        LUT6 (Prop_lut6_I1_O)        0.136    -0.155 r  student_top_inst/Core_cpu/rf_inst/reg_bank[31][31]_i_5/O
                         net (fo=24, routed)          0.690     0.535    student_top_inst/Core_cpu/rf_inst/mask_inst/mdata10_out[17]
    SLICE_X26Y222        LUT6 (Prop_lut6_I1_O)        0.043     0.578 r  student_top_inst/Core_cpu/rf_inst/reg_bank[31][13]_i_1/O
                         net (fo=32, routed)          1.199     1.777    student_top_inst/Core_cpu/rf_inst/wdata[13]
    SLICE_X4Y209         FDCE                                         r  student_top_inst/Core_cpu/rf_inst/reg_bank_reg[1][13]/D
  -------------------------------------------------------------------    -------------------

                         (clock clk_out2_pll rise edge)
                                                     20.000    20.000 r  
    AD12                                              0.000    20.000 r  i_sys_clk_p (IN)
                         net (fo=0)                   0.000    20.000    pll_inst/inst/clk_in1_p
    AD12                 IBUFDS (Prop_ibufds_I_O)     0.803    20.803 r  pll_inst/inst/clkin1_ibufgds/O
                         net (fo=1, routed)           1.001    21.804    pll_inst/inst/clk_in1_pll
    PLLE2_ADV_X1Y1       PLLE2_ADV (Prop_plle2_adv_CLKIN1_CLKOUT1)
                                                     -7.261    14.543 r  pll_inst/inst/plle2_adv_inst/CLKOUT1
                         net (fo=1, routed)           2.003    16.546    pll_inst/inst/clk_out2_pll
    BUFGCTRL_X0Y0        BUFG (Prop_bufg_I_O)         0.083    16.629 r  pll_inst/inst/clkout2_buf/O
                         net (fo=34220, routed)       1.203    17.832    student_top_inst/Core_cpu/rf_inst/CLK
    SLICE_X4Y209         FDCE                                         r  student_top_inst/Core_cpu/rf_inst/reg_bank_reg[1][13]/C
                         clock pessimism             -0.598    17.235    
                         clock uncertainty           -0.225    17.009    
    SLICE_X4Y209         FDCE (Setup_fdce_C_D)       -0.031    16.978    student_top_inst/Core_cpu/rf_inst/reg_bank_reg[1][13]
  -------------------------------------------------------------------
                         required time                         16.978    
                         arrival time                          -1.777    
  -------------------------------------------------------------------
                         slack                                 15.201    

Slack (MET) :             15.209ns  (required time - arrival time)
  Source:                 twin_controller_inst/sw_reg[7]/C
                            (rising edge-triggered cell FDCE clocked by clk_out1_pll  {rise@0.000ns fall@10.000ns period=20.000ns})
  Destination:            student_top_inst/Core_cpu/rf_inst/reg_bank_reg[17][9]/D
                            (rising edge-triggered cell FDCE clocked by clk_out2_pll  {rise@0.000ns fall@10.000ns period=20.000ns})
  Path Group:             clk_out2_pll
  Path Type:              Setup (Max at Slow Process Corner)
  Requirement:            20.000ns  (clk_out2_pll rise@20.000ns - clk_out1_pll rise@0.000ns)
  Data Path Delay:        4.278ns  (logic 0.496ns (11.595%)  route 3.782ns (88.405%))
  Logic Levels:           4  (LUT3=1 LUT6=3)
  Clock Path Skew:        -0.269ns (DCD - SCD + CPR)
    Destination Clock Delay (DCD):    -2.224ns = ( 17.776 - 20.000 ) 
    Source Clock Delay      (SCD):    -2.552ns
    Clock Pessimism Removal (CPR):    -0.598ns
  Clock Uncertainty:      0.225ns  ((TSJ^2 + DJ^2)^1/2) / 2 + PE
    Total System Jitter     (TSJ):    0.071ns
    Discrete Jitter          (DJ):    0.198ns
    Phase Error              (PE):    0.120ns

    Location             Delay type                Incr(ns)  Path(ns)    Netlist Resource(s)
  -------------------------------------------------------------------    -------------------
                         (clock clk_out1_pll rise edge)
                                                      0.000     0.000 r  
    AD12                                              0.000     0.000 r  i_sys_clk_p (IN)
                         net (fo=0)                   0.000     0.000    pll_inst/inst/clk_in1_p
    AD12                 IBUFDS (Prop_ibufds_I_O)     0.906     0.906 r  pll_inst/inst/clkin1_ibufgds/O
                         net (fo=1, routed)           1.098     2.004    pll_inst/inst/clk_in1_pll
    PLLE2_ADV_X1Y1       PLLE2_ADV (Prop_plle2_adv_CLKIN1_CLKOUT0)
                                                     -8.058    -6.054 r  pll_inst/inst/plle2_adv_inst/CLKOUT0
                         net (fo=1, routed)           2.128    -3.926    pll_inst/inst/clk_out1_pll
    BUFGCTRL_X0Y1        BUFG (Prop_bufg_I_O)         0.093    -3.833 r  pll_inst/inst/clkout1_buf/O
                         net (fo=353, routed)         1.281    -2.552    twin_controller_inst/CLK
    SLICE_X28Y240        FDCE                                         r  twin_controller_inst/sw_reg[7]/C
  -------------------------------------------------------------------    -------------------
    SLICE_X28Y240        FDCE (Prop_fdce_C_Q)         0.223    -2.329 r  twin_controller_inst/sw_reg[7]/Q
                         net (fo=3, routed)           0.816    -1.513    twin_controller_inst/virtual_sw[7]
    SLICE_X25Y239        LUT6 (Prop_lut6_I2_O)        0.043    -1.470 f  twin_controller_inst/reg_bank[31][31]_i_38/O
                         net (fo=1, routed)           0.625    -0.846    student_top_inst/Core_cpu/rf_inst/reg_bank[31][31]_i_5_1
    SLICE_X28Y235        LUT3 (Prop_lut3_I0_O)        0.051    -0.795 f  student_top_inst/Core_cpu/rf_inst/reg_bank[31][31]_i_16/O
                         net (fo=2, routed)           0.504    -0.291    student_top_inst/Core_cpu/rf_inst/reg_bank[31][31]_i_16_n_0
    SLICE_X27Y233        LUT6 (Prop_lut6_I1_O)        0.136    -0.155 r  student_top_inst/Core_cpu/rf_inst/reg_bank[31][31]_i_5/O
                         net (fo=24, routed)          0.670     0.515    student_top_inst/Core_cpu/rf_inst/mask_inst/mdata10_out[17]
    SLICE_X24Y223        LUT6 (Prop_lut6_I1_O)        0.043     0.558 r  student_top_inst/Core_cpu/rf_inst/reg_bank[31][9]_i_1/O
                         net (fo=32, routed)          1.168     1.725    student_top_inst/Core_cpu/rf_inst/wdata[9]
    SLICE_X9Y213         FDCE                                         r  student_top_inst/Core_cpu/rf_inst/reg_bank_reg[17][9]/D
  -------------------------------------------------------------------    -------------------

                         (clock clk_out2_pll rise edge)
                                                     20.000    20.000 r  
    AD12                                              0.000    20.000 r  i_sys_clk_p (IN)
                         net (fo=0)                   0.000    20.000    pll_inst/inst/clk_in1_p
    AD12                 IBUFDS (Prop_ibufds_I_O)     0.803    20.803 r  pll_inst/inst/clkin1_ibufgds/O
                         net (fo=1, routed)           1.001    21.804    pll_inst/inst/clk_in1_pll
    PLLE2_ADV_X1Y1       PLLE2_ADV (Prop_plle2_adv_CLKIN1_CLKOUT1)
                                                     -7.261    14.543 r  pll_inst/inst/plle2_adv_inst/CLKOUT1
                         net (fo=1, routed)           2.003    16.546    pll_inst/inst/clk_out2_pll
    BUFGCTRL_X0Y0        BUFG (Prop_bufg_I_O)         0.083    16.629 r  pll_inst/inst/clkout2_buf/O
                         net (fo=34220, routed)       1.147    17.776    student_top_inst/Core_cpu/rf_inst/CLK
    SLICE_X9Y213         FDCE                                         r  student_top_inst/Core_cpu/rf_inst/reg_bank_reg[17][9]/C
                         clock pessimism             -0.598    17.179    
                         clock uncertainty           -0.225    16.953    
    SLICE_X9Y213         FDCE (Setup_fdce_C_D)       -0.019    16.934    student_top_inst/Core_cpu/rf_inst/reg_bank_reg[17][9]
  -------------------------------------------------------------------
                         required time                         16.934    
                         arrival time                          -1.725    
  -------------------------------------------------------------------
                         slack                                 15.209    

Slack (MET) :             15.226ns  (required time - arrival time)
  Source:                 twin_controller_inst/sw_reg[7]/C
                            (rising edge-triggered cell FDCE clocked by clk_out1_pll  {rise@0.000ns fall@10.000ns period=20.000ns})
  Destination:            student_top_inst/Core_cpu/rf_inst/reg_bank_reg[27][10]/D
                            (rising edge-triggered cell FDCE clocked by clk_out2_pll  {rise@0.000ns fall@10.000ns period=20.000ns})
  Path Group:             clk_out2_pll
  Path Type:              Setup (Max at Slow Process Corner)
  Requirement:            20.000ns  (clk_out2_pll rise@20.000ns - clk_out1_pll rise@0.000ns)
  Data Path Delay:        4.315ns  (logic 0.496ns (11.495%)  route 3.819ns (88.505%))
  Logic Levels:           4  (LUT3=1 LUT6=3)
  Clock Path Skew:        -0.212ns (DCD - SCD + CPR)
    Destination Clock Delay (DCD):    -2.167ns = ( 17.833 - 20.000 ) 
    Source Clock Delay      (SCD):    -2.552ns
    Clock Pessimism Removal (CPR):    -0.598ns
  Clock Uncertainty:      0.225ns  ((TSJ^2 + DJ^2)^1/2) / 2 + PE
    Total System Jitter     (TSJ):    0.071ns
    Discrete Jitter          (DJ):    0.198ns
    Phase Error              (PE):    0.120ns

    Location             Delay type                Incr(ns)  Path(ns)    Netlist Resource(s)
  -------------------------------------------------------------------    -------------------
                         (clock clk_out1_pll rise edge)
                                                      0.000     0.000 r  
    AD12                                              0.000     0.000 r  i_sys_clk_p (IN)
                         net (fo=0)                   0.000     0.000    pll_inst/inst/clk_in1_p
    AD12                 IBUFDS (Prop_ibufds_I_O)     0.906     0.906 r  pll_inst/inst/clkin1_ibufgds/O
                         net (fo=1, routed)           1.098     2.004    pll_inst/inst/clk_in1_pll
    PLLE2_ADV_X1Y1       PLLE2_ADV (Prop_plle2_adv_CLKIN1_CLKOUT0)
                                                     -8.058    -6.054 r  pll_inst/inst/plle2_adv_inst/CLKOUT0
                         net (fo=1, routed)           2.128    -3.926    pll_inst/inst/clk_out1_pll
    BUFGCTRL_X0Y1        BUFG (Prop_bufg_I_O)         0.093    -3.833 r  pll_inst/inst/clkout1_buf/O
                         net (fo=353, routed)         1.281    -2.552    twin_controller_inst/CLK
    SLICE_X28Y240        FDCE                                         r  twin_controller_inst/sw_reg[7]/C
  -------------------------------------------------------------------    -------------------
    SLICE_X28Y240        FDCE (Prop_fdce_C_Q)         0.223    -2.329 r  twin_controller_inst/sw_reg[7]/Q
                         net (fo=3, routed)           0.816    -1.513    twin_controller_inst/virtual_sw[7]
    SLICE_X25Y239        LUT6 (Prop_lut6_I2_O)        0.043    -1.470 f  twin_controller_inst/reg_bank[31][31]_i_38/O
                         net (fo=1, routed)           0.625    -0.846    student_top_inst/Core_cpu/rf_inst/reg_bank[31][31]_i_5_1
    SLICE_X28Y235        LUT3 (Prop_lut3_I0_O)        0.051    -0.795 f  student_top_inst/Core_cpu/rf_inst/reg_bank[31][31]_i_16/O
                         net (fo=2, routed)           0.504    -0.291    student_top_inst/Core_cpu/rf_inst/reg_bank[31][31]_i_16_n_0
    SLICE_X27Y233        LUT6 (Prop_lut6_I1_O)        0.136    -0.155 r  student_top_inst/Core_cpu/rf_inst/reg_bank[31][31]_i_5/O
                         net (fo=24, routed)          0.609     0.454    student_top_inst/Core_cpu/rf_inst/mask_inst/mdata10_out[17]
    SLICE_X27Y222        LUT6 (Prop_lut6_I1_O)        0.043     0.497 r  student_top_inst/Core_cpu/rf_inst/reg_bank[31][10]_i_1/O
                         net (fo=32, routed)          1.265     1.762    student_top_inst/Core_cpu/rf_inst/wdata[10]
    SLICE_X3Y209         FDCE                                         r  student_top_inst/Core_cpu/rf_inst/reg_bank_reg[27][10]/D
  -------------------------------------------------------------------    -------------------

                         (clock clk_out2_pll rise edge)
                                                     20.000    20.000 r  
    AD12                                              0.000    20.000 r  i_sys_clk_p (IN)
                         net (fo=0)                   0.000    20.000    pll_inst/inst/clk_in1_p
    AD12                 IBUFDS (Prop_ibufds_I_O)     0.803    20.803 r  pll_inst/inst/clkin1_ibufgds/O
                         net (fo=1, routed)           1.001    21.804    pll_inst/inst/clk_in1_pll
    PLLE2_ADV_X1Y1       PLLE2_ADV (Prop_plle2_adv_CLKIN1_CLKOUT1)
                                                     -7.261    14.543 r  pll_inst/inst/plle2_adv_inst/CLKOUT1
                         net (fo=1, routed)           2.003    16.546    pll_inst/inst/clk_out2_pll
    BUFGCTRL_X0Y0        BUFG (Prop_bufg_I_O)         0.083    16.629 r  pll_inst/inst/clkout2_buf/O
                         net (fo=34220, routed)       1.204    17.833    student_top_inst/Core_cpu/rf_inst/CLK
    SLICE_X3Y209         FDCE                                         r  student_top_inst/Core_cpu/rf_inst/reg_bank_reg[27][10]/C
                         clock pessimism             -0.598    17.236    
                         clock uncertainty           -0.225    17.010    
    SLICE_X3Y209         FDCE (Setup_fdce_C_D)       -0.022    16.988    student_top_inst/Core_cpu/rf_inst/reg_bank_reg[27][10]
  -------------------------------------------------------------------
                         required time                         16.988    
                         arrival time                          -1.762    
  -------------------------------------------------------------------
                         slack                                 15.226    

Slack (MET) :             15.231ns  (required time - arrival time)
  Source:                 twin_controller_inst/sw_reg[7]/C
                            (rising edge-triggered cell FDCE clocked by clk_out1_pll  {rise@0.000ns fall@10.000ns period=20.000ns})
  Destination:            student_top_inst/Core_cpu/rf_inst/reg_bank_reg[4][9]/D
                            (rising edge-triggered cell FDCE clocked by clk_out2_pll  {rise@0.000ns fall@10.000ns period=20.000ns})
  Path Group:             clk_out2_pll
  Path Type:              Setup (Max at Slow Process Corner)
  Requirement:            20.000ns  (clk_out2_pll rise@20.000ns - clk_out1_pll rise@0.000ns)
  Data Path Delay:        4.307ns  (logic 0.496ns (11.516%)  route 3.811ns (88.484%))
  Logic Levels:           4  (LUT3=1 LUT6=3)
  Clock Path Skew:        -0.218ns (DCD - SCD + CPR)
    Destination Clock Delay (DCD):    -2.173ns = ( 17.827 - 20.000 ) 
    Source Clock Delay      (SCD):    -2.552ns
    Clock Pessimism Removal (CPR):    -0.598ns
  Clock Uncertainty:      0.225ns  ((TSJ^2 + DJ^2)^1/2) / 2 + PE
    Total System Jitter     (TSJ):    0.071ns
    Discrete Jitter          (DJ):    0.198ns
    Phase Error              (PE):    0.120ns

    Location             Delay type                Incr(ns)  Path(ns)    Netlist Resource(s)
  -------------------------------------------------------------------    -------------------
                         (clock clk_out1_pll rise edge)
                                                      0.000     0.000 r  
    AD12                                              0.000     0.000 r  i_sys_clk_p (IN)
                         net (fo=0)                   0.000     0.000    pll_inst/inst/clk_in1_p
    AD12                 IBUFDS (Prop_ibufds_I_O)     0.906     0.906 r  pll_inst/inst/clkin1_ibufgds/O
                         net (fo=1, routed)           1.098     2.004    pll_inst/inst/clk_in1_pll
    PLLE2_ADV_X1Y1       PLLE2_ADV (Prop_plle2_adv_CLKIN1_CLKOUT0)
                                                     -8.058    -6.054 r  pll_inst/inst/plle2_adv_inst/CLKOUT0
                         net (fo=1, routed)           2.128    -3.926    pll_inst/inst/clk_out1_pll
    BUFGCTRL_X0Y1        BUFG (Prop_bufg_I_O)         0.093    -3.833 r  pll_inst/inst/clkout1_buf/O
                         net (fo=353, routed)         1.281    -2.552    twin_controller_inst/CLK
    SLICE_X28Y240        FDCE                                         r  twin_controller_inst/sw_reg[7]/C
  -------------------------------------------------------------------    -------------------
    SLICE_X28Y240        FDCE (Prop_fdce_C_Q)         0.223    -2.329 r  twin_controller_inst/sw_reg[7]/Q
                         net (fo=3, routed)           0.816    -1.513    twin_controller_inst/virtual_sw[7]
    SLICE_X25Y239        LUT6 (Prop_lut6_I2_O)        0.043    -1.470 f  twin_controller_inst/reg_bank[31][31]_i_38/O
                         net (fo=1, routed)           0.625    -0.846    student_top_inst/Core_cpu/rf_inst/reg_bank[31][31]_i_5_1
    SLICE_X28Y235        LUT3 (Prop_lut3_I0_O)        0.051    -0.795 f  student_top_inst/Core_cpu/rf_inst/reg_bank[31][31]_i_16/O
                         net (fo=2, routed)           0.504    -0.291    student_top_inst/Core_cpu/rf_inst/reg_bank[31][31]_i_16_n_0
    SLICE_X27Y233        LUT6 (Prop_lut6_I1_O)        0.136    -0.155 r  student_top_inst/Core_cpu/rf_inst/reg_bank[31][31]_i_5/O
                         net (fo=24, routed)          0.670     0.515    student_top_inst/Core_cpu/rf_inst/mask_inst/mdata10_out[17]
    SLICE_X24Y223        LUT6 (Prop_lut6_I1_O)        0.043     0.558 r  student_top_inst/Core_cpu/rf_inst/reg_bank[31][9]_i_1/O
                         net (fo=32, routed)          1.197     1.755    student_top_inst/Core_cpu/rf_inst/wdata[9]
    SLICE_X1Y217         FDCE                                         r  student_top_inst/Core_cpu/rf_inst/reg_bank_reg[4][9]/D
  -------------------------------------------------------------------    -------------------

                         (clock clk_out2_pll rise edge)
                                                     20.000    20.000 r  
    AD12                                              0.000    20.000 r  i_sys_clk_p (IN)
                         net (fo=0)                   0.000    20.000    pll_inst/inst/clk_in1_p
    AD12                 IBUFDS (Prop_ibufds_I_O)     0.803    20.803 r  pll_inst/inst/clkin1_ibufgds/O
                         net (fo=1, routed)           1.001    21.804    pll_inst/inst/clk_in1_pll
    PLLE2_ADV_X1Y1       PLLE2_ADV (Prop_plle2_adv_CLKIN1_CLKOUT1)
                                                     -7.261    14.543 r  pll_inst/inst/plle2_adv_inst/CLKOUT1
                         net (fo=1, routed)           2.003    16.546    pll_inst/inst/clk_out2_pll
    BUFGCTRL_X0Y0        BUFG (Prop_bufg_I_O)         0.083    16.629 r  pll_inst/inst/clkout2_buf/O
                         net (fo=34220, routed)       1.198    17.827    student_top_inst/Core_cpu/rf_inst/CLK
    SLICE_X1Y217         FDCE                                         r  student_top_inst/Core_cpu/rf_inst/reg_bank_reg[4][9]/C
                         clock pessimism             -0.598    17.230    
                         clock uncertainty           -0.225    17.004    
    SLICE_X1Y217         FDCE (Setup_fdce_C_D)       -0.019    16.985    student_top_inst/Core_cpu/rf_inst/reg_bank_reg[4][9]
  -------------------------------------------------------------------
                         required time                         16.985    
                         arrival time                          -1.755    
  -------------------------------------------------------------------
                         slack                                 15.231    

Slack (MET) :             15.232ns  (required time - arrival time)
  Source:                 twin_controller_inst/sw_reg[7]/C
                            (rising edge-triggered cell FDCE clocked by clk_out1_pll  {rise@0.000ns fall@10.000ns period=20.000ns})
  Destination:            student_top_inst/Core_cpu/rf_inst/reg_bank_reg[15][9]/D
                            (rising edge-triggered cell FDCE clocked by clk_out2_pll  {rise@0.000ns fall@10.000ns period=20.000ns})
  Path Group:             clk_out2_pll
  Path Type:              Setup (Max at Slow Process Corner)
  Requirement:            20.000ns  (clk_out2_pll rise@20.000ns - clk_out1_pll rise@0.000ns)
  Data Path Delay:        4.308ns  (logic 0.496ns (11.515%)  route 3.812ns (88.485%))
  Logic Levels:           4  (LUT3=1 LUT6=3)
  Clock Path Skew:        -0.216ns (DCD - SCD + CPR)
    Destination Clock Delay (DCD):    -2.171ns = ( 17.829 - 20.000 ) 
    Source Clock Delay      (SCD):    -2.552ns
    Clock Pessimism Removal (CPR):    -0.598ns
  Clock Uncertainty:      0.225ns  ((TSJ^2 + DJ^2)^1/2) / 2 + PE
    Total System Jitter     (TSJ):    0.071ns
    Discrete Jitter          (DJ):    0.198ns
    Phase Error              (PE):    0.120ns

    Location             Delay type                Incr(ns)  Path(ns)    Netlist Resource(s)
  -------------------------------------------------------------------    -------------------
                         (clock clk_out1_pll rise edge)
                                                      0.000     0.000 r  
    AD12                                              0.000     0.000 r  i_sys_clk_p (IN)
                         net (fo=0)                   0.000     0.000    pll_inst/inst/clk_in1_p
    AD12                 IBUFDS (Prop_ibufds_I_O)     0.906     0.906 r  pll_inst/inst/clkin1_ibufgds/O
                         net (fo=1, routed)           1.098     2.004    pll_inst/inst/clk_in1_pll
    PLLE2_ADV_X1Y1       PLLE2_ADV (Prop_plle2_adv_CLKIN1_CLKOUT0)
                                                     -8.058    -6.054 r  pll_inst/inst/plle2_adv_inst/CLKOUT0
                         net (fo=1, routed)           2.128    -3.926    pll_inst/inst/clk_out1_pll
    BUFGCTRL_X0Y1        BUFG (Prop_bufg_I_O)         0.093    -3.833 r  pll_inst/inst/clkout1_buf/O
                         net (fo=353, routed)         1.281    -2.552    twin_controller_inst/CLK
    SLICE_X28Y240        FDCE                                         r  twin_controller_inst/sw_reg[7]/C
  -------------------------------------------------------------------    -------------------
    SLICE_X28Y240        FDCE (Prop_fdce_C_Q)         0.223    -2.329 r  twin_controller_inst/sw_reg[7]/Q
                         net (fo=3, routed)           0.816    -1.513    twin_controller_inst/virtual_sw[7]
    SLICE_X25Y239        LUT6 (Prop_lut6_I2_O)        0.043    -1.470 f  twin_controller_inst/reg_bank[31][31]_i_38/O
                         net (fo=1, routed)           0.625    -0.846    student_top_inst/Core_cpu/rf_inst/reg_bank[31][31]_i_5_1
    SLICE_X28Y235        LUT3 (Prop_lut3_I0_O)        0.051    -0.795 f  student_top_inst/Core_cpu/rf_inst/reg_bank[31][31]_i_16/O
                         net (fo=2, routed)           0.504    -0.291    student_top_inst/Core_cpu/rf_inst/reg_bank[31][31]_i_16_n_0
    SLICE_X27Y233        LUT6 (Prop_lut6_I1_O)        0.136    -0.155 r  student_top_inst/Core_cpu/rf_inst/reg_bank[31][31]_i_5/O
                         net (fo=24, routed)          0.670     0.515    student_top_inst/Core_cpu/rf_inst/mask_inst/mdata10_out[17]
    SLICE_X24Y223        LUT6 (Prop_lut6_I1_O)        0.043     0.558 r  student_top_inst/Core_cpu/rf_inst/reg_bank[31][9]_i_1/O
                         net (fo=32, routed)          1.198     1.755    student_top_inst/Core_cpu/rf_inst/wdata[9]
    SLICE_X4Y214         FDCE                                         r  student_top_inst/Core_cpu/rf_inst/reg_bank_reg[15][9]/D
  -------------------------------------------------------------------    -------------------

                         (clock clk_out2_pll rise edge)
                                                     20.000    20.000 r  
    AD12                                              0.000    20.000 r  i_sys_clk_p (IN)
                         net (fo=0)                   0.000    20.000    pll_inst/inst/clk_in1_p
    AD12                 IBUFDS (Prop_ibufds_I_O)     0.803    20.803 r  pll_inst/inst/clkin1_ibufgds/O
                         net (fo=1, routed)           1.001    21.804    pll_inst/inst/clk_in1_pll
    PLLE2_ADV_X1Y1       PLLE2_ADV (Prop_plle2_adv_CLKIN1_CLKOUT1)
                                                     -7.261    14.543 r  pll_inst/inst/plle2_adv_inst/CLKOUT1
                         net (fo=1, routed)           2.003    16.546    pll_inst/inst/clk_out2_pll
    BUFGCTRL_X0Y0        BUFG (Prop_bufg_I_O)         0.083    16.629 r  pll_inst/inst/clkout2_buf/O
                         net (fo=34220, routed)       1.200    17.829    student_top_inst/Core_cpu/rf_inst/CLK
    SLICE_X4Y214         FDCE                                         r  student_top_inst/Core_cpu/rf_inst/reg_bank_reg[15][9]/C
                         clock pessimism             -0.598    17.232    
                         clock uncertainty           -0.225    17.006    
    SLICE_X4Y214         FDCE (Setup_fdce_C_D)       -0.019    16.987    student_top_inst/Core_cpu/rf_inst/reg_bank_reg[15][9]
  -------------------------------------------------------------------
                         required time                         16.987    
                         arrival time                          -1.755    
  -------------------------------------------------------------------
                         slack                                 15.232    

Slack (MET) :             15.237ns  (required time - arrival time)
  Source:                 twin_controller_inst/sw_reg[7]/C
                            (rising edge-triggered cell FDCE clocked by clk_out1_pll  {rise@0.000ns fall@10.000ns period=20.000ns})
  Destination:            student_top_inst/Core_cpu/rf_inst/reg_bank_reg[13][9]/D
                            (rising edge-triggered cell FDCE clocked by clk_out2_pll  {rise@0.000ns fall@10.000ns period=20.000ns})
  Path Group:             clk_out2_pll
  Path Type:              Setup (Max at Slow Process Corner)
  Requirement:            20.000ns  (clk_out2_pll rise@20.000ns - clk_out1_pll rise@0.000ns)
  Data Path Delay:        4.312ns  (logic 0.496ns (11.504%)  route 3.816ns (88.496%))
  Logic Levels:           4  (LUT3=1 LUT6=3)
  Clock Path Skew:        -0.218ns (DCD - SCD + CPR)
    Destination Clock Delay (DCD):    -2.173ns = ( 17.827 - 20.000 ) 
    Source Clock Delay      (SCD):    -2.552ns
    Clock Pessimism Removal (CPR):    -0.598ns
  Clock Uncertainty:      0.225ns  ((TSJ^2 + DJ^2)^1/2) / 2 + PE
    Total System Jitter     (TSJ):    0.071ns
    Discrete Jitter          (DJ):    0.198ns
    Phase Error              (PE):    0.120ns

    Location             Delay type                Incr(ns)  Path(ns)    Netlist Resource(s)
  -------------------------------------------------------------------    -------------------
                         (clock clk_out1_pll rise edge)
                                                      0.000     0.000 r  
    AD12                                              0.000     0.000 r  i_sys_clk_p (IN)
                         net (fo=0)                   0.000     0.000    pll_inst/inst/clk_in1_p
    AD12                 IBUFDS (Prop_ibufds_I_O)     0.906     0.906 r  pll_inst/inst/clkin1_ibufgds/O
                         net (fo=1, routed)           1.098     2.004    pll_inst/inst/clk_in1_pll
    PLLE2_ADV_X1Y1       PLLE2_ADV (Prop_plle2_adv_CLKIN1_CLKOUT0)
                                                     -8.058    -6.054 r  pll_inst/inst/plle2_adv_inst/CLKOUT0
                         net (fo=1, routed)           2.128    -3.926    pll_inst/inst/clk_out1_pll
    BUFGCTRL_X0Y1        BUFG (Prop_bufg_I_O)         0.093    -3.833 r  pll_inst/inst/clkout1_buf/O
                         net (fo=353, routed)         1.281    -2.552    twin_controller_inst/CLK
    SLICE_X28Y240        FDCE                                         r  twin_controller_inst/sw_reg[7]/C
  -------------------------------------------------------------------    -------------------
    SLICE_X28Y240        FDCE (Prop_fdce_C_Q)         0.223    -2.329 r  twin_controller_inst/sw_reg[7]/Q
                         net (fo=3, routed)           0.816    -1.513    twin_controller_inst/virtual_sw[7]
    SLICE_X25Y239        LUT6 (Prop_lut6_I2_O)        0.043    -1.470 f  twin_controller_inst/reg_bank[31][31]_i_38/O
                         net (fo=1, routed)           0.625    -0.846    student_top_inst/Core_cpu/rf_inst/reg_bank[31][31]_i_5_1
    SLICE_X28Y235        LUT3 (Prop_lut3_I0_O)        0.051    -0.795 f  student_top_inst/Core_cpu/rf_inst/reg_bank[31][31]_i_16/O
                         net (fo=2, routed)           0.504    -0.291    student_top_inst/Core_cpu/rf_inst/reg_bank[31][31]_i_16_n_0
    SLICE_X27Y233        LUT6 (Prop_lut6_I1_O)        0.136    -0.155 r  student_top_inst/Core_cpu/rf_inst/reg_bank[31][31]_i_5/O
                         net (fo=24, routed)          0.670     0.515    student_top_inst/Core_cpu/rf_inst/mask_inst/mdata10_out[17]
    SLICE_X24Y223        LUT6 (Prop_lut6_I1_O)        0.043     0.558 r  student_top_inst/Core_cpu/rf_inst/reg_bank[31][9]_i_1/O
                         net (fo=32, routed)          1.202     1.759    student_top_inst/Core_cpu/rf_inst/wdata[9]
    SLICE_X4Y216         FDCE                                         r  student_top_inst/Core_cpu/rf_inst/reg_bank_reg[13][9]/D
  -------------------------------------------------------------------    -------------------

                         (clock clk_out2_pll rise edge)
                                                     20.000    20.000 r  
    AD12                                              0.000    20.000 r  i_sys_clk_p (IN)
                         net (fo=0)                   0.000    20.000    pll_inst/inst/clk_in1_p
    AD12                 IBUFDS (Prop_ibufds_I_O)     0.803    20.803 r  pll_inst/inst/clkin1_ibufgds/O
                         net (fo=1, routed)           1.001    21.804    pll_inst/inst/clk_in1_pll
    PLLE2_ADV_X1Y1       PLLE2_ADV (Prop_plle2_adv_CLKIN1_CLKOUT1)
                                                     -7.261    14.543 r  pll_inst/inst/plle2_adv_inst/CLKOUT1
                         net (fo=1, routed)           2.003    16.546    pll_inst/inst/clk_out2_pll
    BUFGCTRL_X0Y0        BUFG (Prop_bufg_I_O)         0.083    16.629 r  pll_inst/inst/clkout2_buf/O
                         net (fo=34220, routed)       1.198    17.827    student_top_inst/Core_cpu/rf_inst/CLK
    SLICE_X4Y216         FDCE                                         r  student_top_inst/Core_cpu/rf_inst/reg_bank_reg[13][9]/C
                         clock pessimism             -0.598    17.230    
                         clock uncertainty           -0.225    17.004    
    SLICE_X4Y216         FDCE (Setup_fdce_C_D)       -0.008    16.996    student_top_inst/Core_cpu/rf_inst/reg_bank_reg[13][9]
  -------------------------------------------------------------------
                         required time                         16.996    
                         arrival time                          -1.759    
  -------------------------------------------------------------------
                         slack                                 15.237    





Min Delay Paths
--------------------------------------------------------------------------------------
Slack (MET) :             0.230ns  (arrival time - required time)
  Source:                 student_top_inst/bridge_inst/counter_inst/cnt_ms_reg[7]/C
                            (rising edge-triggered cell FDRE clocked by clk_out1_pll  {rise@0.000ns fall@10.000ns period=20.000ns})
  Destination:            student_top_inst/Core_cpu/rf_inst/reg_bank_reg[5][23]/D
                            (rising edge-triggered cell FDCE clocked by clk_out2_pll  {rise@0.000ns fall@10.000ns period=20.000ns})
  Path Group:             clk_out2_pll
  Path Type:              Hold (Min at Fast Process Corner)
  Requirement:            0.000ns  (clk_out2_pll rise@0.000ns - clk_out1_pll rise@0.000ns)
  Data Path Delay:        0.792ns  (logic 0.156ns (19.704%)  route 0.636ns (80.296%))
  Logic Levels:           2  (LUT6=2)
  Clock Path Skew:        0.275ns (DCD - SCD - CPR)
    Destination Clock Delay (DCD):    -0.677ns
    Source Clock Delay      (SCD):    -0.469ns
    Clock Pessimism Removal (CPR):    -0.484ns
  Clock Uncertainty:      0.225ns  ((TSJ^2 + DJ^2)^1/2) / 2 + PE
    Total System Jitter     (TSJ):    0.071ns
    Discrete Jitter          (DJ):    0.198ns
    Phase Error              (PE):    0.120ns

    Location             Delay type                Incr(ns)  Path(ns)    Netlist Resource(s)
  -------------------------------------------------------------------    -------------------
                         (clock clk_out1_pll rise edge)
                                                      0.000     0.000 r  
    AD12                                              0.000     0.000 r  i_sys_clk_p (IN)
                         net (fo=0)                   0.000     0.000    pll_inst/inst/clk_in1_p
    AD12                 IBUFDS (Prop_ibufds_I_O)     0.388     0.388 r  pll_inst/inst/clkin1_ibufgds/O
                         net (fo=1, routed)           0.503     0.891    pll_inst/inst/clk_in1_pll
    PLLE2_ADV_X1Y1       PLLE2_ADV (Prop_plle2_adv_CLKIN1_CLKOUT0)
                                                     -2.908    -2.017 r  pll_inst/inst/plle2_adv_inst/CLKOUT0
                         net (fo=1, routed)           0.958    -1.059    pll_inst/inst/clk_out1_pll
    BUFGCTRL_X0Y1        BUFG (Prop_bufg_I_O)         0.026    -1.033 r  pll_inst/inst/clkout1_buf/O
                         net (fo=353, routed)         0.564    -0.469    student_top_inst/bridge_inst/counter_inst/clk_out1
    SLICE_X33Y233        FDRE                                         r  student_top_inst/bridge_inst/counter_inst/cnt_ms_reg[7]/C
  -------------------------------------------------------------------    -------------------
    SLICE_X33Y233        FDRE (Prop_fdre_C_Q)         0.100    -0.369 r  student_top_inst/bridge_inst/counter_inst/cnt_ms_reg[7]/Q
                         net (fo=3, routed)           0.388     0.019    student_top_inst/Core_cpu/rf_inst/cnt_rdata[7]
    SLICE_X27Y233        LUT6 (Prop_lut6_I4_O)        0.028     0.047 r  student_top_inst/Core_cpu/rf_inst/reg_bank[31][31]_i_5/O
                         net (fo=24, routed)          0.248     0.295    student_top_inst/Core_cpu/rf_inst/mask_inst/mdata10_out[17]
    SLICE_X31Y230        LUT6 (Prop_lut6_I1_O)        0.028     0.323 r  student_top_inst/Core_cpu/rf_inst/reg_bank[31][23]_i_1/O
                         net (fo=32, routed)          0.000     0.323    student_top_inst/Core_cpu/rf_inst/wdata[23]
    SLICE_X31Y230        FDCE                                         r  student_top_inst/Core_cpu/rf_inst/reg_bank_reg[5][23]/D
  -------------------------------------------------------------------    -------------------

                         (clock clk_out2_pll rise edge)
                                                      0.000     0.000 r  
    AD12                                              0.000     0.000 r  i_sys_clk_p (IN)
                         net (fo=0)                   0.000     0.000    pll_inst/inst/clk_in1_p
    AD12                 IBUFDS (Prop_ibufds_I_O)     0.470     0.470 r  pll_inst/inst/clkin1_ibufgds/O
                         net (fo=1, routed)           0.554     1.024    pll_inst/inst/clk_in1_pll
    PLLE2_ADV_X1Y1       PLLE2_ADV (Prop_plle2_adv_CLKIN1_CLKOUT1)
                                                     -3.524    -2.500 r  pll_inst/inst/plle2_adv_inst/CLKOUT1
                         net (fo=1, routed)           1.027    -1.473    pll_inst/inst/clk_out2_pll
    BUFGCTRL_X0Y0        BUFG (Prop_bufg_I_O)         0.030    -1.443 r  pll_inst/inst/clkout2_buf/O
                         net (fo=34220, routed)       0.766    -0.677    student_top_inst/Core_cpu/rf_inst/CLK
    SLICE_X31Y230        FDCE                                         r  student_top_inst/Core_cpu/rf_inst/reg_bank_reg[5][23]/C
                         clock pessimism              0.484    -0.194    
                         clock uncertainty            0.225     0.032    
    SLICE_X31Y230        FDCE (Hold_fdce_C_D)         0.061     0.093    student_top_inst/Core_cpu/rf_inst/reg_bank_reg[5][23]
  -------------------------------------------------------------------
                         required time                         -0.093    
                         arrival time                           0.323    
  -------------------------------------------------------------------
                         slack                                  0.230    

Slack (MET) :             0.314ns  (arrival time - required time)
  Source:                 student_top_inst/bridge_inst/counter_inst/cnt_ms_reg[15]/C
                            (rising edge-triggered cell FDRE clocked by clk_out1_pll  {rise@0.000ns fall@10.000ns period=20.000ns})
  Destination:            student_top_inst/Core_cpu/rf_inst/reg_bank_reg[25][16]/D
                            (rising edge-triggered cell FDCE clocked by clk_out2_pll  {rise@0.000ns fall@10.000ns period=20.000ns})
  Path Group:             clk_out2_pll
  Path Type:              Hold (Min at Fast Process Corner)
  Requirement:            0.000ns  (clk_out2_pll rise@0.000ns - clk_out1_pll rise@0.000ns)
  Data Path Delay:        0.872ns  (logic 0.184ns (21.111%)  route 0.688ns (78.889%))
  Logic Levels:           3  (LUT6=3)
  Clock Path Skew:        0.272ns (DCD - SCD - CPR)
    Destination Clock Delay (DCD):    -0.679ns
    Source Clock Delay      (SCD):    -0.468ns
    Clock Pessimism Removal (CPR):    -0.484ns
  Clock Uncertainty:      0.225ns  ((TSJ^2 + DJ^2)^1/2) / 2 + PE
    Total System Jitter     (TSJ):    0.071ns
    Discrete Jitter          (DJ):    0.198ns
    Phase Error              (PE):    0.120ns

    Location             Delay type                Incr(ns)  Path(ns)    Netlist Resource(s)
  -------------------------------------------------------------------    -------------------
                         (clock clk_out1_pll rise edge)
                                                      0.000     0.000 r  
    AD12                                              0.000     0.000 r  i_sys_clk_p (IN)
                         net (fo=0)                   0.000     0.000    pll_inst/inst/clk_in1_p
    AD12                 IBUFDS (Prop_ibufds_I_O)     0.388     0.388 r  pll_inst/inst/clkin1_ibufgds/O
                         net (fo=1, routed)           0.503     0.891    pll_inst/inst/clk_in1_pll
    PLLE2_ADV_X1Y1       PLLE2_ADV (Prop_plle2_adv_CLKIN1_CLKOUT0)
                                                     -2.908    -2.017 r  pll_inst/inst/plle2_adv_inst/CLKOUT0
                         net (fo=1, routed)           0.958    -1.059    pll_inst/inst/clk_out1_pll
    BUFGCTRL_X0Y1        BUFG (Prop_bufg_I_O)         0.026    -1.033 r  pll_inst/inst/clkout1_buf/O
                         net (fo=353, routed)         0.565    -0.468    student_top_inst/bridge_inst/counter_inst/clk_out1
    SLICE_X33Y235        FDRE                                         r  student_top_inst/bridge_inst/counter_inst/cnt_ms_reg[15]/C
  -------------------------------------------------------------------    -------------------
    SLICE_X33Y235        FDRE (Prop_fdre_C_Q)         0.100    -0.368 r  student_top_inst/bridge_inst/counter_inst/cnt_ms_reg[15]/Q
                         net (fo=3, routed)           0.201    -0.167    student_top_inst/Core_cpu/rf_inst/cnt_rdata[15]
    SLICE_X32Y235        LUT6 (Prop_lut6_I3_O)        0.028    -0.139 r  student_top_inst/Core_cpu/rf_inst/reg_bank[31][31]_i_24/O
                         net (fo=16, routed)          0.237     0.098    student_top_inst/Core_cpu/rf_inst/reg_bank[31][31]_i_24_n_0
    SLICE_X29Y235        LUT6 (Prop_lut6_I4_O)        0.028     0.126 r  student_top_inst/Core_cpu/rf_inst/reg_bank[31][16]_i_3/O
                         net (fo=1, routed)           0.250     0.376    student_top_inst/Core_cpu/rf_inst/reg_bank[31][16]_i_3_n_0
    SLICE_X28Y228        LUT6 (Prop_lut6_I2_O)        0.028     0.404 r  student_top_inst/Core_cpu/rf_inst/reg_bank[31][16]_i_1/O
                         net (fo=32, routed)          0.000     0.404    student_top_inst/Core_cpu/rf_inst/wdata[16]
    SLICE_X28Y228        FDCE                                         r  student_top_inst/Core_cpu/rf_inst/reg_bank_reg[25][16]/D
  -------------------------------------------------------------------    -------------------

                         (clock clk_out2_pll rise edge)
                                                      0.000     0.000 r  
    AD12                                              0.000     0.000 r  i_sys_clk_p (IN)
                         net (fo=0)                   0.000     0.000    pll_inst/inst/clk_in1_p
    AD12                 IBUFDS (Prop_ibufds_I_O)     0.470     0.470 r  pll_inst/inst/clkin1_ibufgds/O
                         net (fo=1, routed)           0.554     1.024    pll_inst/inst/clk_in1_pll
    PLLE2_ADV_X1Y1       PLLE2_ADV (Prop_plle2_adv_CLKIN1_CLKOUT1)
                                                     -3.524    -2.500 r  pll_inst/inst/plle2_adv_inst/CLKOUT1
                         net (fo=1, routed)           1.027    -1.473    pll_inst/inst/clk_out2_pll
    BUFGCTRL_X0Y0        BUFG (Prop_bufg_I_O)         0.030    -1.443 r  pll_inst/inst/clkout2_buf/O
                         net (fo=34220, routed)       0.764    -0.679    student_top_inst/Core_cpu/rf_inst/CLK
    SLICE_X28Y228        FDCE                                         r  student_top_inst/Core_cpu/rf_inst/reg_bank_reg[25][16]/C
                         clock pessimism              0.484    -0.196    
                         clock uncertainty            0.225     0.030    
    SLICE_X28Y228        FDCE (Hold_fdce_C_D)         0.060     0.090    student_top_inst/Core_cpu/rf_inst/reg_bank_reg[25][16]
  -------------------------------------------------------------------
                         required time                         -0.090    
                         arrival time                           0.404    
  -------------------------------------------------------------------
                         slack                                  0.314    

Slack (MET) :             0.344ns  (arrival time - required time)
  Source:                 student_top_inst/bridge_inst/counter_inst/cnt_ms_reg[22]/C
                            (rising edge-triggered cell FDRE clocked by clk_out1_pll  {rise@0.000ns fall@10.000ns period=20.000ns})
  Destination:            student_top_inst/Core_cpu/rf_inst/reg_bank_reg[4][22]/D
                            (rising edge-triggered cell FDCE clocked by clk_out2_pll  {rise@0.000ns fall@10.000ns period=20.000ns})
  Path Group:             clk_out2_pll
  Path Type:              Hold (Min at Fast Process Corner)
  Requirement:            0.000ns  (clk_out2_pll rise@0.000ns - clk_out1_pll rise@0.000ns)
  Data Path Delay:        0.881ns  (logic 0.184ns (20.883%)  route 0.697ns (79.117%))
  Logic Levels:           3  (LUT6=3)
  Clock Path Skew:        0.274ns (DCD - SCD - CPR)
    Destination Clock Delay (DCD):    -0.676ns
    Source Clock Delay      (SCD):    -0.467ns
    Clock Pessimism Removal (CPR):    -0.484ns
  Clock Uncertainty:      0.225ns  ((TSJ^2 + DJ^2)^1/2) / 2 + PE
    Total System Jitter     (TSJ):    0.071ns
    Discrete Jitter          (DJ):    0.198ns
    Phase Error              (PE):    0.120ns

    Location             Delay type                Incr(ns)  Path(ns)    Netlist Resource(s)
  -------------------------------------------------------------------    -------------------
                         (clock clk_out1_pll rise edge)
                                                      0.000     0.000 r  
    AD12                                              0.000     0.000 r  i_sys_clk_p (IN)
                         net (fo=0)                   0.000     0.000    pll_inst/inst/clk_in1_p
    AD12                 IBUFDS (Prop_ibufds_I_O)     0.388     0.388 r  pll_inst/inst/clkin1_ibufgds/O
                         net (fo=1, routed)           0.503     0.891    pll_inst/inst/clk_in1_pll
    PLLE2_ADV_X1Y1       PLLE2_ADV (Prop_plle2_adv_CLKIN1_CLKOUT0)
                                                     -2.908    -2.017 r  pll_inst/inst/plle2_adv_inst/CLKOUT0
                         net (fo=1, routed)           0.958    -1.059    pll_inst/inst/clk_out1_pll
    BUFGCTRL_X0Y1        BUFG (Prop_bufg_I_O)         0.026    -1.033 r  pll_inst/inst/clkout1_buf/O
                         net (fo=353, routed)         0.566    -0.467    student_top_inst/bridge_inst/counter_inst/clk_out1
    SLICE_X33Y237        FDRE                                         r  student_top_inst/bridge_inst/counter_inst/cnt_ms_reg[22]/C
  -------------------------------------------------------------------    -------------------
    SLICE_X33Y237        FDRE (Prop_fdre_C_Q)         0.100    -0.367 r  student_top_inst/bridge_inst/counter_inst/cnt_ms_reg[22]/Q
                         net (fo=2, routed)           0.132    -0.235    student_top_inst/Core_cpu/rf_inst/cnt_rdata[22]
    SLICE_X31Y237        LUT6 (Prop_lut6_I5_O)        0.028    -0.207 r  student_top_inst/Core_cpu/rf_inst/reg_bank[31][22]_i_8/O
                         net (fo=1, routed)           0.209     0.002    student_top_inst/Core_cpu/rf_inst/reg_bank[31][22]_i_8_n_0
    SLICE_X31Y236        LUT6 (Prop_lut6_I1_O)        0.028     0.030 r  student_top_inst/Core_cpu/rf_inst/reg_bank[31][22]_i_3/O
                         net (fo=1, routed)           0.226     0.256    student_top_inst/Core_cpu/rf_inst/reg_bank[31][22]_i_3_n_0
    SLICE_X29Y230        LUT6 (Prop_lut6_I2_O)        0.028     0.284 r  student_top_inst/Core_cpu/rf_inst/reg_bank[31][22]_i_1/O
                         net (fo=32, routed)          0.131     0.415    student_top_inst/Core_cpu/rf_inst/wdata[22]
    SLICE_X28Y231        FDCE                                         r  student_top_inst/Core_cpu/rf_inst/reg_bank_reg[4][22]/D
  -------------------------------------------------------------------    -------------------

                         (clock clk_out2_pll rise edge)
                                                      0.000     0.000 r  
    AD12                                              0.000     0.000 r  i_sys_clk_p (IN)
                         net (fo=0)                   0.000     0.000    pll_inst/inst/clk_in1_p
    AD12                 IBUFDS (Prop_ibufds_I_O)     0.470     0.470 r  pll_inst/inst/clkin1_ibufgds/O
                         net (fo=1, routed)           0.554     1.024    pll_inst/inst/clk_in1_pll
    PLLE2_ADV_X1Y1       PLLE2_ADV (Prop_plle2_adv_CLKIN1_CLKOUT1)
                                                     -3.524    -2.500 r  pll_inst/inst/plle2_adv_inst/CLKOUT1
                         net (fo=1, routed)           1.027    -1.473    pll_inst/inst/clk_out2_pll
    BUFGCTRL_X0Y0        BUFG (Prop_bufg_I_O)         0.030    -1.443 r  pll_inst/inst/clkout2_buf/O
                         net (fo=34220, routed)       0.767    -0.676    student_top_inst/Core_cpu/rf_inst/CLK
    SLICE_X28Y231        FDCE                                         r  student_top_inst/Core_cpu/rf_inst/reg_bank_reg[4][22]/C
                         clock pessimism              0.484    -0.193    
                         clock uncertainty            0.225     0.033    
    SLICE_X28Y231        FDCE (Hold_fdce_C_D)         0.038     0.071    student_top_inst/Core_cpu/rf_inst/reg_bank_reg[4][22]
  -------------------------------------------------------------------
                         required time                         -0.071    
                         arrival time                           0.415    
  -------------------------------------------------------------------
                         slack                                  0.344    

Slack (MET) :             0.376ns  (arrival time - required time)
  Source:                 student_top_inst/bridge_inst/counter_inst/cnt_ms_reg[15]/C
                            (rising edge-triggered cell FDRE clocked by clk_out1_pll  {rise@0.000ns fall@10.000ns period=20.000ns})
  Destination:            student_top_inst/Core_cpu/rf_inst/reg_bank_reg[23][25]/D
                            (rising edge-triggered cell FDCE clocked by clk_out2_pll  {rise@0.000ns fall@10.000ns period=20.000ns})
  Path Group:             clk_out2_pll
  Path Type:              Hold (Min at Fast Process Corner)
  Requirement:            0.000ns  (clk_out2_pll rise@0.000ns - clk_out1_pll rise@0.000ns)
  Data Path Delay:        0.915ns  (logic 0.184ns (20.101%)  route 0.731ns (79.899%))
  Logic Levels:           3  (LUT6=3)
  Clock Path Skew:        0.271ns (DCD - SCD - CPR)
    Destination Clock Delay (DCD):    -0.680ns
    Source Clock Delay      (SCD):    -0.468ns
    Clock Pessimism Removal (CPR):    -0.484ns
  Clock Uncertainty:      0.225ns  ((TSJ^2 + DJ^2)^1/2) / 2 + PE
    Total System Jitter     (TSJ):    0.071ns
    Discrete Jitter          (DJ):    0.198ns
    Phase Error              (PE):    0.120ns

    Location             Delay type                Incr(ns)  Path(ns)    Netlist Resource(s)
  -------------------------------------------------------------------    -------------------
                         (clock clk_out1_pll rise edge)
                                                      0.000     0.000 r  
    AD12                                              0.000     0.000 r  i_sys_clk_p (IN)
                         net (fo=0)                   0.000     0.000    pll_inst/inst/clk_in1_p
    AD12                 IBUFDS (Prop_ibufds_I_O)     0.388     0.388 r  pll_inst/inst/clkin1_ibufgds/O
                         net (fo=1, routed)           0.503     0.891    pll_inst/inst/clk_in1_pll
    PLLE2_ADV_X1Y1       PLLE2_ADV (Prop_plle2_adv_CLKIN1_CLKOUT0)
                                                     -2.908    -2.017 r  pll_inst/inst/plle2_adv_inst/CLKOUT0
                         net (fo=1, routed)           0.958    -1.059    pll_inst/inst/clk_out1_pll
    BUFGCTRL_X0Y1        BUFG (Prop_bufg_I_O)         0.026    -1.033 r  pll_inst/inst/clkout1_buf/O
                         net (fo=353, routed)         0.565    -0.468    student_top_inst/bridge_inst/counter_inst/clk_out1
    SLICE_X33Y235        FDRE                                         r  student_top_inst/bridge_inst/counter_inst/cnt_ms_reg[15]/C
  -------------------------------------------------------------------    -------------------
    SLICE_X33Y235        FDRE (Prop_fdre_C_Q)         0.100    -0.368 r  student_top_inst/bridge_inst/counter_inst/cnt_ms_reg[15]/Q
                         net (fo=3, routed)           0.201    -0.167    student_top_inst/Core_cpu/rf_inst/cnt_rdata[15]
    SLICE_X32Y235        LUT6 (Prop_lut6_I3_O)        0.028    -0.139 r  student_top_inst/Core_cpu/rf_inst/reg_bank[31][31]_i_24/O
                         net (fo=16, routed)          0.165     0.026    student_top_inst/Core_cpu/rf_inst/reg_bank[31][31]_i_24_n_0
    SLICE_X31Y234        LUT6 (Prop_lut6_I4_O)        0.028     0.054 r  student_top_inst/Core_cpu/rf_inst/reg_bank[31][25]_i_3/O
                         net (fo=1, routed)           0.162     0.216    student_top_inst/Core_cpu/rf_inst/reg_bank[31][25]_i_3_n_0
    SLICE_X32Y229        LUT6 (Prop_lut6_I2_O)        0.028     0.244 r  student_top_inst/Core_cpu/rf_inst/reg_bank[31][25]_i_1/O
                         net (fo=32, routed)          0.204     0.448    student_top_inst/Core_cpu/rf_inst/wdata[25]
    SLICE_X31Y227        FDCE                                         r  student_top_inst/Core_cpu/rf_inst/reg_bank_reg[23][25]/D
  -------------------------------------------------------------------    -------------------

                         (clock clk_out2_pll rise edge)
                                                      0.000     0.000 r  
    AD12                                              0.000     0.000 r  i_sys_clk_p (IN)
                         net (fo=0)                   0.000     0.000    pll_inst/inst/clk_in1_p
    AD12                 IBUFDS (Prop_ibufds_I_O)     0.470     0.470 r  pll_inst/inst/clkin1_ibufgds/O
                         net (fo=1, routed)           0.554     1.024    pll_inst/inst/clk_in1_pll
    PLLE2_ADV_X1Y1       PLLE2_ADV (Prop_plle2_adv_CLKIN1_CLKOUT1)
                                                     -3.524    -2.500 r  pll_inst/inst/plle2_adv_inst/CLKOUT1
                         net (fo=1, routed)           1.027    -1.473    pll_inst/inst/clk_out2_pll
    BUFGCTRL_X0Y0        BUFG (Prop_bufg_I_O)         0.030    -1.443 r  pll_inst/inst/clkout2_buf/O
                         net (fo=34220, routed)       0.763    -0.680    student_top_inst/Core_cpu/rf_inst/CLK
    SLICE_X31Y227        FDCE                                         r  student_top_inst/Core_cpu/rf_inst/reg_bank_reg[23][25]/C
                         clock pessimism              0.484    -0.197    
                         clock uncertainty            0.225     0.029    
    SLICE_X31Y227        FDCE (Hold_fdce_C_D)         0.043     0.072    student_top_inst/Core_cpu/rf_inst/reg_bank_reg[23][25]
  -------------------------------------------------------------------
                         required time                         -0.072    
                         arrival time                           0.448    
  -------------------------------------------------------------------
                         slack                                  0.376    

Slack (MET) :             0.377ns  (arrival time - required time)
  Source:                 student_top_inst/bridge_inst/counter_inst/cnt_ms_reg[15]/C
                            (rising edge-triggered cell FDRE clocked by clk_out1_pll  {rise@0.000ns fall@10.000ns period=20.000ns})
  Destination:            student_top_inst/Core_cpu/rf_inst/reg_bank_reg[25][25]/D
                            (rising edge-triggered cell FDCE clocked by clk_out2_pll  {rise@0.000ns fall@10.000ns period=20.000ns})
  Path Group:             clk_out2_pll
  Path Type:              Hold (Min at Fast Process Corner)
  Requirement:            0.000ns  (clk_out2_pll rise@0.000ns - clk_out1_pll rise@0.000ns)
  Data Path Delay:        0.922ns  (logic 0.184ns (19.965%)  route 0.738ns (80.035%))
  Logic Levels:           3  (LUT6=3)
  Clock Path Skew:        0.272ns (DCD - SCD - CPR)
    Destination Clock Delay (DCD):    -0.679ns
    Source Clock Delay      (SCD):    -0.468ns
    Clock Pessimism Removal (CPR):    -0.484ns
  Clock Uncertainty:      0.225ns  ((TSJ^2 + DJ^2)^1/2) / 2 + PE
    Total System Jitter     (TSJ):    0.071ns
    Discrete Jitter          (DJ):    0.198ns
    Phase Error              (PE):    0.120ns

    Location             Delay type                Incr(ns)  Path(ns)    Netlist Resource(s)
  -------------------------------------------------------------------    -------------------
                         (clock clk_out1_pll rise edge)
                                                      0.000     0.000 r  
    AD12                                              0.000     0.000 r  i_sys_clk_p (IN)
                         net (fo=0)                   0.000     0.000    pll_inst/inst/clk_in1_p
    AD12                 IBUFDS (Prop_ibufds_I_O)     0.388     0.388 r  pll_inst/inst/clkin1_ibufgds/O
                         net (fo=1, routed)           0.503     0.891    pll_inst/inst/clk_in1_pll
    PLLE2_ADV_X1Y1       PLLE2_ADV (Prop_plle2_adv_CLKIN1_CLKOUT0)
                                                     -2.908    -2.017 r  pll_inst/inst/plle2_adv_inst/CLKOUT0
                         net (fo=1, routed)           0.958    -1.059    pll_inst/inst/clk_out1_pll
    BUFGCTRL_X0Y1        BUFG (Prop_bufg_I_O)         0.026    -1.033 r  pll_inst/inst/clkout1_buf/O
                         net (fo=353, routed)         0.565    -0.468    student_top_inst/bridge_inst/counter_inst/clk_out1
    SLICE_X33Y235        FDRE                                         r  student_top_inst/bridge_inst/counter_inst/cnt_ms_reg[15]/C
  -------------------------------------------------------------------    -------------------
    SLICE_X33Y235        FDRE (Prop_fdre_C_Q)         0.100    -0.368 r  student_top_inst/bridge_inst/counter_inst/cnt_ms_reg[15]/Q
                         net (fo=3, routed)           0.201    -0.167    student_top_inst/Core_cpu/rf_inst/cnt_rdata[15]
    SLICE_X32Y235        LUT6 (Prop_lut6_I3_O)        0.028    -0.139 r  student_top_inst/Core_cpu/rf_inst/reg_bank[31][31]_i_24/O
                         net (fo=16, routed)          0.165     0.026    student_top_inst/Core_cpu/rf_inst/reg_bank[31][31]_i_24_n_0
    SLICE_X31Y234        LUT6 (Prop_lut6_I4_O)        0.028     0.054 r  student_top_inst/Core_cpu/rf_inst/reg_bank[31][25]_i_3/O
                         net (fo=1, routed)           0.162     0.216    student_top_inst/Core_cpu/rf_inst/reg_bank[31][25]_i_3_n_0
    SLICE_X32Y229        LUT6 (Prop_lut6_I2_O)        0.028     0.244 r  student_top_inst/Core_cpu/rf_inst/reg_bank[31][25]_i_1/O
                         net (fo=32, routed)          0.210     0.454    student_top_inst/Core_cpu/rf_inst/wdata[25]
    SLICE_X28Y228        FDCE                                         r  student_top_inst/Core_cpu/rf_inst/reg_bank_reg[25][25]/D
  -------------------------------------------------------------------    -------------------

                         (clock clk_out2_pll rise edge)
                                                      0.000     0.000 r  
    AD12                                              0.000     0.000 r  i_sys_clk_p (IN)
                         net (fo=0)                   0.000     0.000    pll_inst/inst/clk_in1_p
    AD12                 IBUFDS (Prop_ibufds_I_O)     0.470     0.470 r  pll_inst/inst/clkin1_ibufgds/O
                         net (fo=1, routed)           0.554     1.024    pll_inst/inst/clk_in1_pll
    PLLE2_ADV_X1Y1       PLLE2_ADV (Prop_plle2_adv_CLKIN1_CLKOUT1)
                                                     -3.524    -2.500 r  pll_inst/inst/plle2_adv_inst/CLKOUT1
                         net (fo=1, routed)           1.027    -1.473    pll_inst/inst/clk_out2_pll
    BUFGCTRL_X0Y0        BUFG (Prop_bufg_I_O)         0.030    -1.443 r  pll_inst/inst/clkout2_buf/O
                         net (fo=34220, routed)       0.764    -0.679    student_top_inst/Core_cpu/rf_inst/CLK
    SLICE_X28Y228        FDCE                                         r  student_top_inst/Core_cpu/rf_inst/reg_bank_reg[25][25]/C
                         clock pessimism              0.484    -0.196    
                         clock uncertainty            0.225     0.030    
    SLICE_X28Y228        FDCE (Hold_fdce_C_D)         0.047     0.077    student_top_inst/Core_cpu/rf_inst/reg_bank_reg[25][25]
  -------------------------------------------------------------------
                         required time                         -0.077    
                         arrival time                           0.454    
  -------------------------------------------------------------------
                         slack                                  0.377    

Slack (MET) :             0.384ns  (arrival time - required time)
  Source:                 student_top_inst/bridge_inst/counter_inst/cnt_ms_reg[22]/C
                            (rising edge-triggered cell FDRE clocked by clk_out1_pll  {rise@0.000ns fall@10.000ns period=20.000ns})
  Destination:            student_top_inst/Core_cpu/rf_inst/reg_bank_reg[7][22]/D
                            (rising edge-triggered cell FDCE clocked by clk_out2_pll  {rise@0.000ns fall@10.000ns period=20.000ns})
  Path Group:             clk_out2_pll
  Path Type:              Hold (Min at Fast Process Corner)
  Requirement:            0.000ns  (clk_out2_pll rise@0.000ns - clk_out1_pll rise@0.000ns)
  Data Path Delay:        0.920ns  (logic 0.184ns (20.005%)  route 0.736ns (79.995%))
  Logic Levels:           3  (LUT6=3)
  Clock Path Skew:        0.273ns (DCD - SCD - CPR)
    Destination Clock Delay (DCD):    -0.677ns
    Source Clock Delay      (SCD):    -0.467ns
    Clock Pessimism Removal (CPR):    -0.484ns
  Clock Uncertainty:      0.225ns  ((TSJ^2 + DJ^2)^1/2) / 2 + PE
    Total System Jitter     (TSJ):    0.071ns
    Discrete Jitter          (DJ):    0.198ns
    Phase Error              (PE):    0.120ns

    Location             Delay type                Incr(ns)  Path(ns)    Netlist Resource(s)
  -------------------------------------------------------------------    -------------------
                         (clock clk_out1_pll rise edge)
                                                      0.000     0.000 r  
    AD12                                              0.000     0.000 r  i_sys_clk_p (IN)
                         net (fo=0)                   0.000     0.000    pll_inst/inst/clk_in1_p
    AD12                 IBUFDS (Prop_ibufds_I_O)     0.388     0.388 r  pll_inst/inst/clkin1_ibufgds/O
                         net (fo=1, routed)           0.503     0.891    pll_inst/inst/clk_in1_pll
    PLLE2_ADV_X1Y1       PLLE2_ADV (Prop_plle2_adv_CLKIN1_CLKOUT0)
                                                     -2.908    -2.017 r  pll_inst/inst/plle2_adv_inst/CLKOUT0
                         net (fo=1, routed)           0.958    -1.059    pll_inst/inst/clk_out1_pll
    BUFGCTRL_X0Y1        BUFG (Prop_bufg_I_O)         0.026    -1.033 r  pll_inst/inst/clkout1_buf/O
                         net (fo=353, routed)         0.566    -0.467    student_top_inst/bridge_inst/counter_inst/clk_out1
    SLICE_X33Y237        FDRE                                         r  student_top_inst/bridge_inst/counter_inst/cnt_ms_reg[22]/C
  -------------------------------------------------------------------    -------------------
    SLICE_X33Y237        FDRE (Prop_fdre_C_Q)         0.100    -0.367 r  student_top_inst/bridge_inst/counter_inst/cnt_ms_reg[22]/Q
                         net (fo=2, routed)           0.132    -0.235    student_top_inst/Core_cpu/rf_inst/cnt_rdata[22]
    SLICE_X31Y237        LUT6 (Prop_lut6_I5_O)        0.028    -0.207 r  student_top_inst/Core_cpu/rf_inst/reg_bank[31][22]_i_8/O
                         net (fo=1, routed)           0.209     0.002    student_top_inst/Core_cpu/rf_inst/reg_bank[31][22]_i_8_n_0
    SLICE_X31Y236        LUT6 (Prop_lut6_I1_O)        0.028     0.030 r  student_top_inst/Core_cpu/rf_inst/reg_bank[31][22]_i_3/O
                         net (fo=1, routed)           0.226     0.256    student_top_inst/Core_cpu/rf_inst/reg_bank[31][22]_i_3_n_0
    SLICE_X29Y230        LUT6 (Prop_lut6_I2_O)        0.028     0.284 r  student_top_inst/Core_cpu/rf_inst/reg_bank[31][22]_i_1/O
                         net (fo=32, routed)          0.169     0.453    student_top_inst/Core_cpu/rf_inst/wdata[22]
    SLICE_X24Y229        FDCE                                         r  student_top_inst/Core_cpu/rf_inst/reg_bank_reg[7][22]/D
  -------------------------------------------------------------------    -------------------

                         (clock clk_out2_pll rise edge)
                                                      0.000     0.000 r  
    AD12                                              0.000     0.000 r  i_sys_clk_p (IN)
                         net (fo=0)                   0.000     0.000    pll_inst/inst/clk_in1_p
    AD12                 IBUFDS (Prop_ibufds_I_O)     0.470     0.470 r  pll_inst/inst/clkin1_ibufgds/O
                         net (fo=1, routed)           0.554     1.024    pll_inst/inst/clk_in1_pll
    PLLE2_ADV_X1Y1       PLLE2_ADV (Prop_plle2_adv_CLKIN1_CLKOUT1)
                                                     -3.524    -2.500 r  pll_inst/inst/plle2_adv_inst/CLKOUT1
                         net (fo=1, routed)           1.027    -1.473    pll_inst/inst/clk_out2_pll
    BUFGCTRL_X0Y0        BUFG (Prop_bufg_I_O)         0.030    -1.443 r  pll_inst/inst/clkout2_buf/O
                         net (fo=34220, routed)       0.766    -0.677    student_top_inst/Core_cpu/rf_inst/CLK
    SLICE_X24Y229        FDCE                                         r  student_top_inst/Core_cpu/rf_inst/reg_bank_reg[7][22]/C
                         clock pessimism              0.484    -0.194    
                         clock uncertainty            0.225     0.032    
    SLICE_X24Y229        FDCE (Hold_fdce_C_D)         0.038     0.070    student_top_inst/Core_cpu/rf_inst/reg_bank_reg[7][22]
  -------------------------------------------------------------------
                         required time                         -0.070    
                         arrival time                           0.453    
  -------------------------------------------------------------------
                         slack                                  0.384    

Slack (MET) :             0.390ns  (arrival time - required time)
  Source:                 student_top_inst/bridge_inst/counter_inst/cnt_ms_reg[31]/C
                            (rising edge-triggered cell FDRE clocked by clk_out1_pll  {rise@0.000ns fall@10.000ns period=20.000ns})
  Destination:            student_top_inst/Core_cpu/rf_inst/reg_bank_reg[9][31]/D
                            (rising edge-triggered cell FDCE clocked by clk_out2_pll  {rise@0.000ns fall@10.000ns period=20.000ns})
  Path Group:             clk_out2_pll
  Path Type:              Hold (Min at Fast Process Corner)
  Requirement:            0.000ns  (clk_out2_pll rise@0.000ns - clk_out1_pll rise@0.000ns)
  Data Path Delay:        0.931ns  (logic 0.184ns (19.771%)  route 0.747ns (80.229%))
  Logic Levels:           3  (LUT6=3)
  Clock Path Skew:        0.272ns (DCD - SCD - CPR)
    Destination Clock Delay (DCD):    -0.677ns
    Source Clock Delay      (SCD):    -0.466ns
    Clock Pessimism Removal (CPR):    -0.484ns
  Clock Uncertainty:      0.225ns  ((TSJ^2 + DJ^2)^1/2) / 2 + PE
    Total System Jitter     (TSJ):    0.071ns
    Discrete Jitter          (DJ):    0.198ns
    Phase Error              (PE):    0.120ns

    Location             Delay type                Incr(ns)  Path(ns)    Netlist Resource(s)
  -------------------------------------------------------------------    -------------------
                         (clock clk_out1_pll rise edge)
                                                      0.000     0.000 r  
    AD12                                              0.000     0.000 r  i_sys_clk_p (IN)
                         net (fo=0)                   0.000     0.000    pll_inst/inst/clk_in1_p
    AD12                 IBUFDS (Prop_ibufds_I_O)     0.388     0.388 r  pll_inst/inst/clkin1_ibufgds/O
                         net (fo=1, routed)           0.503     0.891    pll_inst/inst/clk_in1_pll
    PLLE2_ADV_X1Y1       PLLE2_ADV (Prop_plle2_adv_CLKIN1_CLKOUT0)
                                                     -2.908    -2.017 r  pll_inst/inst/plle2_adv_inst/CLKOUT0
                         net (fo=1, routed)           0.958    -1.059    pll_inst/inst/clk_out1_pll
    BUFGCTRL_X0Y1        BUFG (Prop_bufg_I_O)         0.026    -1.033 r  pll_inst/inst/clkout1_buf/O
                         net (fo=353, routed)         0.567    -0.466    student_top_inst/bridge_inst/counter_inst/clk_out1
    SLICE_X33Y239        FDRE                                         r  student_top_inst/bridge_inst/counter_inst/cnt_ms_reg[31]/C
  -------------------------------------------------------------------    -------------------
    SLICE_X33Y239        FDRE (Prop_fdre_C_Q)         0.100    -0.366 r  student_top_inst/bridge_inst/counter_inst/cnt_ms_reg[31]/Q
                         net (fo=2, routed)           0.157    -0.209    student_top_inst/Core_cpu/rf_inst/cnt_rdata[31]
    SLICE_X32Y239        LUT6 (Prop_lut6_I1_O)        0.028    -0.181 r  student_top_inst/Core_cpu/rf_inst/reg_bank[31][31]_i_21/O
                         net (fo=1, routed)           0.122    -0.059    student_top_inst/Core_cpu/rf_inst/reg_bank[31][31]_i_21_n_0
    SLICE_X32Y238        LUT6 (Prop_lut6_I1_O)        0.028    -0.031 r  student_top_inst/Core_cpu/rf_inst/reg_bank[31][31]_i_6/O
                         net (fo=1, routed)           0.238     0.208    student_top_inst/Core_cpu/rf_inst/reg_bank[31][31]_i_6_n_0
    SLICE_X28Y231        LUT6 (Prop_lut6_I2_O)        0.028     0.236 r  student_top_inst/Core_cpu/rf_inst/reg_bank[31][31]_i_2/O
                         net (fo=32, routed)          0.229     0.465    student_top_inst/Core_cpu/rf_inst/wdata[31]
    SLICE_X25Y229        FDCE                                         r  student_top_inst/Core_cpu/rf_inst/reg_bank_reg[9][31]/D
  -------------------------------------------------------------------    -------------------

                         (clock clk_out2_pll rise edge)
                                                      0.000     0.000 r  
    AD12                                              0.000     0.000 r  i_sys_clk_p (IN)
                         net (fo=0)                   0.000     0.000    pll_inst/inst/clk_in1_p
    AD12                 IBUFDS (Prop_ibufds_I_O)     0.470     0.470 r  pll_inst/inst/clkin1_ibufgds/O
                         net (fo=1, routed)           0.554     1.024    pll_inst/inst/clk_in1_pll
    PLLE2_ADV_X1Y1       PLLE2_ADV (Prop_plle2_adv_CLKIN1_CLKOUT1)
                                                     -3.524    -2.500 r  pll_inst/inst/plle2_adv_inst/CLKOUT1
                         net (fo=1, routed)           1.027    -1.473    pll_inst/inst/clk_out2_pll
    BUFGCTRL_X0Y0        BUFG (Prop_bufg_I_O)         0.030    -1.443 r  pll_inst/inst/clkout2_buf/O
                         net (fo=34220, routed)       0.766    -0.677    student_top_inst/Core_cpu/rf_inst/CLK
    SLICE_X25Y229        FDCE                                         r  student_top_inst/Core_cpu/rf_inst/reg_bank_reg[9][31]/C
                         clock pessimism              0.484    -0.194    
                         clock uncertainty            0.225     0.032    
    SLICE_X25Y229        FDCE (Hold_fdce_C_D)         0.043     0.075    student_top_inst/Core_cpu/rf_inst/reg_bank_reg[9][31]
  -------------------------------------------------------------------
                         required time                         -0.075    
                         arrival time                           0.465    
  -------------------------------------------------------------------
                         slack                                  0.390    

Slack (MET) :             0.395ns  (arrival time - required time)
  Source:                 student_top_inst/bridge_inst/counter_inst/cnt_ms_reg[15]/C
                            (rising edge-triggered cell FDRE clocked by clk_out1_pll  {rise@0.000ns fall@10.000ns period=20.000ns})
  Destination:            student_top_inst/Core_cpu/rf_inst/reg_bank_reg[18][15]/D
                            (rising edge-triggered cell FDCE clocked by clk_out2_pll  {rise@0.000ns fall@10.000ns period=20.000ns})
  Path Group:             clk_out2_pll
  Path Type:              Hold (Min at Fast Process Corner)
  Requirement:            0.000ns  (clk_out2_pll rise@0.000ns - clk_out1_pll rise@0.000ns)
  Data Path Delay:        0.932ns  (logic 0.184ns (19.741%)  route 0.748ns (80.259%))
  Logic Levels:           3  (LUT6=3)
  Clock Path Skew:        0.272ns (DCD - SCD - CPR)
    Destination Clock Delay (DCD):    -0.679ns
    Source Clock Delay      (SCD):    -0.468ns
    Clock Pessimism Removal (CPR):    -0.484ns
  Clock Uncertainty:      0.225ns  ((TSJ^2 + DJ^2)^1/2) / 2 + PE
    Total System Jitter     (TSJ):    0.071ns
    Discrete Jitter          (DJ):    0.198ns
    Phase Error              (PE):    0.120ns

    Location             Delay type                Incr(ns)  Path(ns)    Netlist Resource(s)
  -------------------------------------------------------------------    -------------------
                         (clock clk_out1_pll rise edge)
                                                      0.000     0.000 r  
    AD12                                              0.000     0.000 r  i_sys_clk_p (IN)
                         net (fo=0)                   0.000     0.000    pll_inst/inst/clk_in1_p
    AD12                 IBUFDS (Prop_ibufds_I_O)     0.388     0.388 r  pll_inst/inst/clkin1_ibufgds/O
                         net (fo=1, routed)           0.503     0.891    pll_inst/inst/clk_in1_pll
    PLLE2_ADV_X1Y1       PLLE2_ADV (Prop_plle2_adv_CLKIN1_CLKOUT0)
                                                     -2.908    -2.017 r  pll_inst/inst/plle2_adv_inst/CLKOUT0
                         net (fo=1, routed)           0.958    -1.059    pll_inst/inst/clk_out1_pll
    BUFGCTRL_X0Y1        BUFG (Prop_bufg_I_O)         0.026    -1.033 r  pll_inst/inst/clkout1_buf/O
                         net (fo=353, routed)         0.565    -0.468    student_top_inst/bridge_inst/counter_inst/clk_out1
    SLICE_X33Y235        FDRE                                         r  student_top_inst/bridge_inst/counter_inst/cnt_ms_reg[15]/C
  -------------------------------------------------------------------    -------------------
    SLICE_X33Y235        FDRE (Prop_fdre_C_Q)         0.100    -0.368 r  student_top_inst/bridge_inst/counter_inst/cnt_ms_reg[15]/Q
                         net (fo=3, routed)           0.206    -0.162    student_top_inst/Core_cpu/rf_inst/cnt_rdata[15]
    SLICE_X32Y235        LUT6 (Prop_lut6_I0_O)        0.028    -0.134 r  student_top_inst/Core_cpu/rf_inst/reg_bank[31][15]_i_8/O
                         net (fo=1, routed)           0.126    -0.007    student_top_inst/Core_cpu/rf_inst/reg_bank[31][15]_i_8_n_0
    SLICE_X32Y234        LUT6 (Prop_lut6_I4_O)        0.028     0.021 r  student_top_inst/Core_cpu/rf_inst/reg_bank[31][15]_i_3/O
                         net (fo=1, routed)           0.215     0.236    student_top_inst/Core_cpu/rf_inst/reg_bank[31][15]_i_3_n_0
    SLICE_X31Y226        LUT6 (Prop_lut6_I2_O)        0.028     0.264 r  student_top_inst/Core_cpu/rf_inst/reg_bank[31][15]_i_1/O
                         net (fo=32, routed)          0.201     0.465    student_top_inst/Core_cpu/rf_inst/wdata[15]
    SLICE_X30Y228        FDCE                                         r  student_top_inst/Core_cpu/rf_inst/reg_bank_reg[18][15]/D
  -------------------------------------------------------------------    -------------------

                         (clock clk_out2_pll rise edge)
                                                      0.000     0.000 r  
    AD12                                              0.000     0.000 r  i_sys_clk_p (IN)
                         net (fo=0)                   0.000     0.000    pll_inst/inst/clk_in1_p
    AD12                 IBUFDS (Prop_ibufds_I_O)     0.470     0.470 r  pll_inst/inst/clkin1_ibufgds/O
                         net (fo=1, routed)           0.554     1.024    pll_inst/inst/clk_in1_pll
    PLLE2_ADV_X1Y1       PLLE2_ADV (Prop_plle2_adv_CLKIN1_CLKOUT1)
                                                     -3.524    -2.500 r  pll_inst/inst/plle2_adv_inst/CLKOUT1
                         net (fo=1, routed)           1.027    -1.473    pll_inst/inst/clk_out2_pll
    BUFGCTRL_X0Y0        BUFG (Prop_bufg_I_O)         0.030    -1.443 r  pll_inst/inst/clkout2_buf/O
                         net (fo=34220, routed)       0.764    -0.679    student_top_inst/Core_cpu/rf_inst/CLK
    SLICE_X30Y228        FDCE                                         r  student_top_inst/Core_cpu/rf_inst/reg_bank_reg[18][15]/C
                         clock pessimism              0.484    -0.196    
                         clock uncertainty            0.225     0.030    
    SLICE_X30Y228        FDCE (Hold_fdce_C_D)         0.040     0.070    student_top_inst/Core_cpu/rf_inst/reg_bank_reg[18][15]
  -------------------------------------------------------------------
                         required time                         -0.070    
                         arrival time                           0.465    
  -------------------------------------------------------------------
                         slack                                  0.395    

Slack (MET) :             0.399ns  (arrival time - required time)
  Source:                 student_top_inst/bridge_inst/counter_inst/cnt_ms_reg[31]/C
                            (rising edge-triggered cell FDRE clocked by clk_out1_pll  {rise@0.000ns fall@10.000ns period=20.000ns})
  Destination:            student_top_inst/Core_cpu/rf_inst/reg_bank_reg[3][31]/D
                            (rising edge-triggered cell FDCE clocked by clk_out2_pll  {rise@0.000ns fall@10.000ns period=20.000ns})
  Path Group:             clk_out2_pll
  Path Type:              Hold (Min at Fast Process Corner)
  Requirement:            0.000ns  (clk_out2_pll rise@0.000ns - clk_out1_pll rise@0.000ns)
  Data Path Delay:        0.935ns  (logic 0.184ns (19.672%)  route 0.751ns (80.328%))
  Logic Levels:           3  (LUT6=3)
  Clock Path Skew:        0.268ns (DCD - SCD - CPR)
    Destination Clock Delay (DCD):    -0.681ns
    Source Clock Delay      (SCD):    -0.466ns
    Clock Pessimism Removal (CPR):    -0.484ns
  Clock Uncertainty:      0.225ns  ((TSJ^2 + DJ^2)^1/2) / 2 + PE
    Total System Jitter     (TSJ):    0.071ns
    Discrete Jitter          (DJ):    0.198ns
    Phase Error              (PE):    0.120ns

    Location             Delay type                Incr(ns)  Path(ns)    Netlist Resource(s)
  -------------------------------------------------------------------    -------------------
                         (clock clk_out1_pll rise edge)
                                                      0.000     0.000 r  
    AD12                                              0.000     0.000 r  i_sys_clk_p (IN)
                         net (fo=0)                   0.000     0.000    pll_inst/inst/clk_in1_p
    AD12                 IBUFDS (Prop_ibufds_I_O)     0.388     0.388 r  pll_inst/inst/clkin1_ibufgds/O
                         net (fo=1, routed)           0.503     0.891    pll_inst/inst/clk_in1_pll
    PLLE2_ADV_X1Y1       PLLE2_ADV (Prop_plle2_adv_CLKIN1_CLKOUT0)
                                                     -2.908    -2.017 r  pll_inst/inst/plle2_adv_inst/CLKOUT0
                         net (fo=1, routed)           0.958    -1.059    pll_inst/inst/clk_out1_pll
    BUFGCTRL_X0Y1        BUFG (Prop_bufg_I_O)         0.026    -1.033 r  pll_inst/inst/clkout1_buf/O
                         net (fo=353, routed)         0.567    -0.466    student_top_inst/bridge_inst/counter_inst/clk_out1
    SLICE_X33Y239        FDRE                                         r  student_top_inst/bridge_inst/counter_inst/cnt_ms_reg[31]/C
  -------------------------------------------------------------------    -------------------
    SLICE_X33Y239        FDRE (Prop_fdre_C_Q)         0.100    -0.366 r  student_top_inst/bridge_inst/counter_inst/cnt_ms_reg[31]/Q
                         net (fo=2, routed)           0.157    -0.209    student_top_inst/Core_cpu/rf_inst/cnt_rdata[31]
    SLICE_X32Y239        LUT6 (Prop_lut6_I1_O)        0.028    -0.181 r  student_top_inst/Core_cpu/rf_inst/reg_bank[31][31]_i_21/O
                         net (fo=1, routed)           0.122    -0.059    student_top_inst/Core_cpu/rf_inst/reg_bank[31][31]_i_21_n_0
    SLICE_X32Y238        LUT6 (Prop_lut6_I1_O)        0.028    -0.031 r  student_top_inst/Core_cpu/rf_inst/reg_bank[31][31]_i_6/O
                         net (fo=1, routed)           0.238     0.208    student_top_inst/Core_cpu/rf_inst/reg_bank[31][31]_i_6_n_0
    SLICE_X28Y231        LUT6 (Prop_lut6_I2_O)        0.028     0.236 r  student_top_inst/Core_cpu/rf_inst/reg_bank[31][31]_i_2/O
                         net (fo=32, routed)          0.234     0.470    student_top_inst/Core_cpu/rf_inst/wdata[31]
    SLICE_X27Y226        FDCE                                         r  student_top_inst/Core_cpu/rf_inst/reg_bank_reg[3][31]/D
  -------------------------------------------------------------------    -------------------

                         (clock clk_out2_pll rise edge)
                                                      0.000     0.000 r  
    AD12                                              0.000     0.000 r  i_sys_clk_p (IN)
                         net (fo=0)                   0.000     0.000    pll_inst/inst/clk_in1_p
    AD12                 IBUFDS (Prop_ibufds_I_O)     0.470     0.470 r  pll_inst/inst/clkin1_ibufgds/O
                         net (fo=1, routed)           0.554     1.024    pll_inst/inst/clk_in1_pll
    PLLE2_ADV_X1Y1       PLLE2_ADV (Prop_plle2_adv_CLKIN1_CLKOUT1)
                                                     -3.524    -2.500 r  pll_inst/inst/plle2_adv_inst/CLKOUT1
                         net (fo=1, routed)           1.027    -1.473    pll_inst/inst/clk_out2_pll
    BUFGCTRL_X0Y0        BUFG (Prop_bufg_I_O)         0.030    -1.443 r  pll_inst/inst/clkout2_buf/O
                         net (fo=34220, routed)       0.762    -0.681    student_top_inst/Core_cpu/rf_inst/CLK
    SLICE_X27Y226        FDCE                                         r  student_top_inst/Core_cpu/rf_inst/reg_bank_reg[3][31]/C
                         clock pessimism              0.484    -0.198    
                         clock uncertainty            0.225     0.028    
    SLICE_X27Y226        FDCE (Hold_fdce_C_D)         0.043     0.071    student_top_inst/Core_cpu/rf_inst/reg_bank_reg[3][31]
  -------------------------------------------------------------------
                         required time                         -0.071    
                         arrival time                           0.470    
  -------------------------------------------------------------------
                         slack                                  0.399    

Slack (MET) :             0.400ns  (arrival time - required time)
  Source:                 student_top_inst/bridge_inst/counter_inst/cnt_ms_reg[7]/C
                            (rising edge-triggered cell FDRE clocked by clk_out1_pll  {rise@0.000ns fall@10.000ns period=20.000ns})
  Destination:            student_top_inst/Core_cpu/rf_inst/reg_bank_reg[10][23]/D
                            (rising edge-triggered cell FDCE clocked by clk_out2_pll  {rise@0.000ns fall@10.000ns period=20.000ns})
  Path Group:             clk_out2_pll
  Path Type:              Hold (Min at Fast Process Corner)
  Requirement:            0.000ns  (clk_out2_pll rise@0.000ns - clk_out1_pll rise@0.000ns)
  Data Path Delay:        0.943ns  (logic 0.156ns (16.540%)  route 0.787ns (83.460%))
  Logic Levels:           2  (LUT6=2)
  Clock Path Skew:        0.275ns (DCD - SCD - CPR)
    Destination Clock Delay (DCD):    -0.677ns
    Source Clock Delay      (SCD):    -0.469ns
    Clock Pessimism Removal (CPR):    -0.484ns
  Clock Uncertainty:      0.225ns  ((TSJ^2 + DJ^2)^1/2) / 2 + PE
    Total System Jitter     (TSJ):    0.071ns
    Discrete Jitter          (DJ):    0.198ns
    Phase Error              (PE):    0.120ns

    Location             Delay type                Incr(ns)  Path(ns)    Netlist Resource(s)
  -------------------------------------------------------------------    -------------------
                         (clock clk_out1_pll rise edge)
                                                      0.000     0.000 r  
    AD12                                              0.000     0.000 r  i_sys_clk_p (IN)
                         net (fo=0)                   0.000     0.000    pll_inst/inst/clk_in1_p
    AD12                 IBUFDS (Prop_ibufds_I_O)     0.388     0.388 r  pll_inst/inst/clkin1_ibufgds/O
                         net (fo=1, routed)           0.503     0.891    pll_inst/inst/clk_in1_pll
    PLLE2_ADV_X1Y1       PLLE2_ADV (Prop_plle2_adv_CLKIN1_CLKOUT0)
                                                     -2.908    -2.017 r  pll_inst/inst/plle2_adv_inst/CLKOUT0
                         net (fo=1, routed)           0.958    -1.059    pll_inst/inst/clk_out1_pll
    BUFGCTRL_X0Y1        BUFG (Prop_bufg_I_O)         0.026    -1.033 r  pll_inst/inst/clkout1_buf/O
                         net (fo=353, routed)         0.564    -0.469    student_top_inst/bridge_inst/counter_inst/clk_out1
    SLICE_X33Y233        FDRE                                         r  student_top_inst/bridge_inst/counter_inst/cnt_ms_reg[7]/C
  -------------------------------------------------------------------    -------------------
    SLICE_X33Y233        FDRE (Prop_fdre_C_Q)         0.100    -0.369 r  student_top_inst/bridge_inst/counter_inst/cnt_ms_reg[7]/Q
                         net (fo=3, routed)           0.388     0.019    student_top_inst/Core_cpu/rf_inst/cnt_rdata[7]
    SLICE_X27Y233        LUT6 (Prop_lut6_I4_O)        0.028     0.047 r  student_top_inst/Core_cpu/rf_inst/reg_bank[31][31]_i_5/O
                         net (fo=24, routed)          0.248     0.295    student_top_inst/Core_cpu/rf_inst/mask_inst/mdata10_out[17]
    SLICE_X31Y230        LUT6 (Prop_lut6_I1_O)        0.028     0.323 r  student_top_inst/Core_cpu/rf_inst/reg_bank[31][23]_i_1/O
                         net (fo=32, routed)          0.151     0.475    student_top_inst/Core_cpu/rf_inst/wdata[23]
    SLICE_X28Y230        FDCE                                         r  student_top_inst/Core_cpu/rf_inst/reg_bank_reg[10][23]/D
  -------------------------------------------------------------------    -------------------

                         (clock clk_out2_pll rise edge)
                                                      0.000     0.000 r  
    AD12                                              0.000     0.000 r  i_sys_clk_p (IN)
                         net (fo=0)                   0.000     0.000    pll_inst/inst/clk_in1_p
    AD12                 IBUFDS (Prop_ibufds_I_O)     0.470     0.470 r  pll_inst/inst/clkin1_ibufgds/O
                         net (fo=1, routed)           0.554     1.024    pll_inst/inst/clk_in1_pll
    PLLE2_ADV_X1Y1       PLLE2_ADV (Prop_plle2_adv_CLKIN1_CLKOUT1)
                                                     -3.524    -2.500 r  pll_inst/inst/plle2_adv_inst/CLKOUT1
                         net (fo=1, routed)           1.027    -1.473    pll_inst/inst/clk_out2_pll
    BUFGCTRL_X0Y0        BUFG (Prop_bufg_I_O)         0.030    -1.443 r  pll_inst/inst/clkout2_buf/O
                         net (fo=34220, routed)       0.766    -0.677    student_top_inst/Core_cpu/rf_inst/CLK
    SLICE_X28Y230        FDCE                                         r  student_top_inst/Core_cpu/rf_inst/reg_bank_reg[10][23]/C
                         clock pessimism              0.484    -0.194    
                         clock uncertainty            0.225     0.032    
    SLICE_X28Y230        FDCE (Hold_fdce_C_D)         0.043     0.075    student_top_inst/Core_cpu/rf_inst/reg_bank_reg[10][23]
  -------------------------------------------------------------------
                         required time                         -0.075    
                         arrival time                           0.475    
  -------------------------------------------------------------------
                         slack                                  0.400    





--------------------------------------------------------------------------------------
Path Group:  (none)
From Clock:  clk_out1_pll
  To Clock:  

Max Delay             1 Endpoint
Min Delay             1 Endpoint
--------------------------------------------------------------------------------------


Max Delay Paths
--------------------------------------------------------------------------------------
Slack:                    inf
  Source:                 uart_inst/tx_reg/C
                            (rising edge-triggered cell FDPE clocked by clk_out1_pll  {rise@0.000ns fall@10.000ns period=20.000ns})
  Destination:            o_uart_tx
                            (output port)
  Path Group:             (none)
  Path Type:              Max at Slow Process Corner
  Data Path Delay:        6.042ns  (logic 3.539ns (58.573%)  route 2.503ns (41.427%))
  Logic Levels:           1  (OBUF=1)
  Clock Uncertainty:      0.258ns  ((TSJ^2 + DJ^2)^1/2) / 2 + PE
    Total System Jitter     (TSJ):    0.050ns
    Discrete Jitter          (DJ):    0.198ns
    Phase Error              (PE):    0.156ns

    Location             Delay type                Incr(ns)  Path(ns)    Netlist Resource(s)
  -------------------------------------------------------------------    -------------------
                         (clock clk_out1_pll rise edge)
                                                      0.000     0.000 r  
    AD12                                              0.000     0.000 r  i_sys_clk_p (IN)
                         net (fo=0)                   0.000     0.000    pll_inst/inst/clk_in1_p
    AD12                 IBUFDS (Prop_ibufds_I_O)     0.906     0.906 r  pll_inst/inst/clkin1_ibufgds/O
                         net (fo=1, routed)           1.098     2.004    pll_inst/inst/clk_in1_pll
    PLLE2_ADV_X1Y1       PLLE2_ADV (Prop_plle2_adv_CLKIN1_CLKOUT0)
                                                     -8.058    -6.054 r  pll_inst/inst/plle2_adv_inst/CLKOUT0
                         net (fo=1, routed)           2.128    -3.926    pll_inst/inst/clk_out1_pll
    BUFGCTRL_X0Y1        BUFG (Prop_bufg_I_O)         0.093    -3.833 r  pll_inst/inst/clkout1_buf/O
                         net (fo=353, routed)         1.285    -2.548    uart_inst/clk_out1
    SLICE_X26Y242        FDPE                                         r  uart_inst/tx_reg/C
  -------------------------------------------------------------------    -------------------
    SLICE_X26Y242        FDPE (Prop_fdpe_C_Q)         0.223    -2.325 r  uart_inst/tx_reg/Q
                         net (fo=1, routed)           2.503     0.178    o_uart_tx_OBUF
    D17                  OBUF (Prop_obuf_I_O)         3.316     3.494 r  o_uart_tx_OBUF_inst/O
                         net (fo=0)                   0.000     3.494    o_uart_tx
    D17                                                               r  o_uart_tx (OUT)
  -------------------------------------------------------------------    -------------------





Min Delay Paths
--------------------------------------------------------------------------------------
Slack:                    inf
  Source:                 uart_inst/tx_reg/C
                            (rising edge-triggered cell FDPE clocked by clk_out1_pll  {rise@0.000ns fall@10.000ns period=20.000ns})
  Destination:            o_uart_tx
                            (output port)
  Path Group:             (none)
  Path Type:              Min at Fast Process Corner
  Data Path Delay:        2.641ns  (logic 1.524ns (57.698%)  route 1.117ns (42.302%))
  Logic Levels:           1  (OBUF=1)
  Clock Uncertainty:      0.258ns  ((TSJ^2 + DJ^2)^1/2) / 2 + PE
    Total System Jitter     (TSJ):    0.050ns
    Discrete Jitter          (DJ):    0.198ns
    Phase Error              (PE):    0.156ns

    Location             Delay type                Incr(ns)  Path(ns)    Netlist Resource(s)
  -------------------------------------------------------------------    -------------------
                         (clock clk_out1_pll rise edge)
                                                      0.000     0.000 r  
    AD12                                              0.000     0.000 r  i_sys_clk_p (IN)
                         net (fo=0)                   0.000     0.000    pll_inst/inst/clk_in1_p
    AD12                 IBUFDS (Prop_ibufds_I_O)     0.388     0.388 r  pll_inst/inst/clkin1_ibufgds/O
                         net (fo=1, routed)           0.503     0.891    pll_inst/inst/clk_in1_pll
    PLLE2_ADV_X1Y1       PLLE2_ADV (Prop_plle2_adv_CLKIN1_CLKOUT0)
                                                     -2.908    -2.017 r  pll_inst/inst/plle2_adv_inst/CLKOUT0
                         net (fo=1, routed)           0.958    -1.059    pll_inst/inst/clk_out1_pll
    BUFGCTRL_X0Y1        BUFG (Prop_bufg_I_O)         0.026    -1.033 r  pll_inst/inst/clkout1_buf/O
                         net (fo=353, routed)         0.571    -0.462    uart_inst/clk_out1
    SLICE_X26Y242        FDPE                                         r  uart_inst/tx_reg/C
  -------------------------------------------------------------------    -------------------
    SLICE_X26Y242        FDPE (Prop_fdpe_C_Q)         0.100    -0.362 r  uart_inst/tx_reg/Q
                         net (fo=1, routed)           1.117     0.755    o_uart_tx_OBUF
    D17                  OBUF (Prop_obuf_I_O)         1.424     2.179 r  o_uart_tx_OBUF_inst/O
                         net (fo=0)                   0.000     2.179    o_uart_tx
    D17                                                               r  o_uart_tx (OUT)
  -------------------------------------------------------------------    -------------------





--------------------------------------------------------------------------------------
Path Group:  (none)
From Clock:  clk_out2_pll
  To Clock:  

Max Delay            68 Endpoints
Min Delay            68 Endpoints
--------------------------------------------------------------------------------------


Max Delay Paths
--------------------------------------------------------------------------------------
Slack:                    inf
  Source:                 student_top_inst/bridge_inst/seg_driver/count_reg[4]/C
                            (rising edge-triggered cell FDCE clocked by clk_out2_pll  {rise@0.000ns fall@10.000ns period=20.000ns})
  Destination:            virtual_seg[26]
                            (output port)
  Path Group:             (none)
  Path Type:              Max at Slow Process Corner
  Data Path Delay:        11.047ns  (logic 2.882ns (26.088%)  route 8.165ns (73.912%))
  Logic Levels:           3  (LUT3=1 LUT6=1 OBUF=1)
  Clock Uncertainty:      0.258ns  ((TSJ^2 + DJ^2)^1/2) / 2 + PE
    Total System Jitter     (TSJ):    0.050ns
    Discrete Jitter          (DJ):    0.198ns
    Phase Error              (PE):    0.156ns

    Location             Delay type                Incr(ns)  Path(ns)    Netlist Resource(s)
  -------------------------------------------------------------------    -------------------
                         (clock clk_out2_pll rise edge)
                                                      0.000     0.000 r  
    AD12                                              0.000     0.000 r  i_sys_clk_p (IN)
                         net (fo=0)                   0.000     0.000    pll_inst/inst/clk_in1_p
    AD12                 IBUFDS (Prop_ibufds_I_O)     0.906     0.906 r  pll_inst/inst/clkin1_ibufgds/O
                         net (fo=1, routed)           1.098     2.004    pll_inst/inst/clk_in1_pll
    PLLE2_ADV_X1Y1       PLLE2_ADV (Prop_plle2_adv_CLKIN1_CLKOUT1)
                                                     -8.058    -6.054 r  pll_inst/inst/plle2_adv_inst/CLKOUT1
                         net (fo=1, routed)           2.128    -3.926    pll_inst/inst/clk_out2_pll
    BUFGCTRL_X0Y0        BUFG (Prop_bufg_I_O)         0.093    -3.833 r  pll_inst/inst/clkout2_buf/O
                         net (fo=34220, routed)       1.285    -2.548    student_top_inst/bridge_inst/seg_driver/CLK
    SLICE_X25Y242        FDCE                                         r  student_top_inst/bridge_inst/seg_driver/count_reg[4]/C
  -------------------------------------------------------------------    -------------------
    SLICE_X25Y242        FDCE (Prop_fdce_C_Q)         0.204    -2.344 r  student_top_inst/bridge_inst/seg_driver/count_reg[4]/Q
                         net (fo=48, routed)          1.561    -0.783    student_top_inst/bridge_inst/seg_driver/Q[0]
    SLICE_X26Y237        LUT3 (Prop_lut3_I1_O)        0.132    -0.651 r  student_top_inst/bridge_inst/seg_driver/virtual_seg_OBUF[26]_inst_i_4/O
                         net (fo=7, routed)           1.029     0.378    student_top_inst/bridge_inst/seg_driver/virtual_seg_OBUF[26]_inst_i_4_n_0
    SLICE_X21Y236        LUT6 (Prop_lut6_I5_O)        0.136     0.514 r  student_top_inst/bridge_inst/seg_driver/virtual_seg_OBUF[26]_inst_i_1/O
                         net (fo=2, routed)           5.575     6.088    virtual_seg_OBUF[26]
    AJ26                 OBUF (Prop_obuf_I_O)         2.410     8.498 r  virtual_seg_OBUF[26]_inst/O
                         net (fo=0)                   0.000     8.498    virtual_seg[26]
    AJ26                                                              r  virtual_seg[26] (OUT)
  -------------------------------------------------------------------    -------------------

Slack:                    inf
  Source:                 student_top_inst/bridge_inst/seg_driver/count_reg[4]/C
                            (rising edge-triggered cell FDCE clocked by clk_out2_pll  {rise@0.000ns fall@10.000ns period=20.000ns})
  Destination:            virtual_seg[30]
                            (output port)
  Path Group:             (none)
  Path Type:              Max at Slow Process Corner
  Data Path Delay:        10.657ns  (logic 2.887ns (27.091%)  route 7.770ns (72.909%))
  Logic Levels:           3  (LUT3=1 LUT6=1 OBUF=1)
  Clock Uncertainty:      0.258ns  ((TSJ^2 + DJ^2)^1/2) / 2 + PE
    Total System Jitter     (TSJ):    0.050ns
    Discrete Jitter          (DJ):    0.198ns
    Phase Error              (PE):    0.156ns

    Location             Delay type                Incr(ns)  Path(ns)    Netlist Resource(s)
  -------------------------------------------------------------------    -------------------
                         (clock clk_out2_pll rise edge)
                                                      0.000     0.000 r  
    AD12                                              0.000     0.000 r  i_sys_clk_p (IN)
                         net (fo=0)                   0.000     0.000    pll_inst/inst/clk_in1_p
    AD12                 IBUFDS (Prop_ibufds_I_O)     0.906     0.906 r  pll_inst/inst/clkin1_ibufgds/O
                         net (fo=1, routed)           1.098     2.004    pll_inst/inst/clk_in1_pll
    PLLE2_ADV_X1Y1       PLLE2_ADV (Prop_plle2_adv_CLKIN1_CLKOUT1)
                                                     -8.058    -6.054 r  pll_inst/inst/plle2_adv_inst/CLKOUT1
                         net (fo=1, routed)           2.128    -3.926    pll_inst/inst/clk_out2_pll
    BUFGCTRL_X0Y0        BUFG (Prop_bufg_I_O)         0.093    -3.833 r  pll_inst/inst/clkout2_buf/O
                         net (fo=34220, routed)       1.285    -2.548    student_top_inst/bridge_inst/seg_driver/CLK
    SLICE_X25Y242        FDCE                                         r  student_top_inst/bridge_inst/seg_driver/count_reg[4]/C
  -------------------------------------------------------------------    -------------------
    SLICE_X25Y242        FDCE (Prop_fdce_C_Q)         0.204    -2.344 r  student_top_inst/bridge_inst/seg_driver/count_reg[4]/Q
                         net (fo=48, routed)          1.670    -0.674    student_top_inst/bridge_inst/seg_driver/Q[0]
    SLICE_X29Y240        LUT3 (Prop_lut3_I1_O)        0.134    -0.540 r  student_top_inst/bridge_inst/seg_driver/virtual_seg_OBUF[36]_inst_i_4/O
                         net (fo=7, routed)           0.596     0.056    student_top_inst/bridge_inst/seg_driver/virtual_seg_OBUF[36]_inst_i_4_n_0
    SLICE_X24Y234        LUT6 (Prop_lut6_I0_O)        0.137     0.193 r  student_top_inst/bridge_inst/seg_driver/virtual_seg_OBUF[30]_inst_i_1/O
                         net (fo=2, routed)           5.503     5.697    virtual_seg_OBUF[30]
    AK26                 OBUF (Prop_obuf_I_O)         2.412     8.109 r  virtual_seg_OBUF[30]_inst/O
                         net (fo=0)                   0.000     8.109    virtual_seg[30]
    AK26                                                              r  virtual_seg[30] (OUT)
  -------------------------------------------------------------------    -------------------

Slack:                    inf
  Source:                 student_top_inst/bridge_inst/seg_driver/count_reg[4]/C
                            (rising edge-triggered cell FDCE clocked by clk_out2_pll  {rise@0.000ns fall@10.000ns period=20.000ns})
  Destination:            virtual_seg[23]
                            (output port)
  Path Group:             (none)
  Path Type:              Max at Slow Process Corner
  Data Path Delay:        10.598ns  (logic 2.855ns (26.943%)  route 7.743ns (73.057%))
  Logic Levels:           3  (LUT3=1 LUT6=1 OBUF=1)
  Clock Uncertainty:      0.258ns  ((TSJ^2 + DJ^2)^1/2) / 2 + PE
    Total System Jitter     (TSJ):    0.050ns
    Discrete Jitter          (DJ):    0.198ns
    Phase Error              (PE):    0.156ns

    Location             Delay type                Incr(ns)  Path(ns)    Netlist Resource(s)
  -------------------------------------------------------------------    -------------------
                         (clock clk_out2_pll rise edge)
                                                      0.000     0.000 r  
    AD12                                              0.000     0.000 r  i_sys_clk_p (IN)
                         net (fo=0)                   0.000     0.000    pll_inst/inst/clk_in1_p
    AD12                 IBUFDS (Prop_ibufds_I_O)     0.906     0.906 r  pll_inst/inst/clkin1_ibufgds/O
                         net (fo=1, routed)           1.098     2.004    pll_inst/inst/clk_in1_pll
    PLLE2_ADV_X1Y1       PLLE2_ADV (Prop_plle2_adv_CLKIN1_CLKOUT1)
                                                     -8.058    -6.054 r  pll_inst/inst/plle2_adv_inst/CLKOUT1
                         net (fo=1, routed)           2.128    -3.926    pll_inst/inst/clk_out2_pll
    BUFGCTRL_X0Y0        BUFG (Prop_bufg_I_O)         0.093    -3.833 r  pll_inst/inst/clkout2_buf/O
                         net (fo=34220, routed)       1.285    -2.548    student_top_inst/bridge_inst/seg_driver/CLK
    SLICE_X25Y242        FDCE                                         r  student_top_inst/bridge_inst/seg_driver/count_reg[4]/C
  -------------------------------------------------------------------    -------------------
    SLICE_X25Y242        FDCE (Prop_fdce_C_Q)         0.204    -2.344 r  student_top_inst/bridge_inst/seg_driver/count_reg[4]/Q
                         net (fo=48, routed)          1.770    -0.574    student_top_inst/bridge_inst/seg_driver/Q[0]
    SLICE_X28Y236        LUT3 (Prop_lut3_I1_O)        0.131    -0.443 r  student_top_inst/bridge_inst/seg_driver/virtual_seg_OBUF[26]_inst_i_3/O
                         net (fo=7, routed)           1.043     0.599    student_top_inst/bridge_inst/seg_driver/virtual_seg_OBUF[26]_inst_i_3_n_0
    SLICE_X21Y237        LUT6 (Prop_lut6_I1_O)        0.136     0.735 r  student_top_inst/bridge_inst/seg_driver/virtual_seg_OBUF[23]_inst_i_1/O
                         net (fo=2, routed)           4.930     5.665    virtual_seg_OBUF[23]
    AC26                 OBUF (Prop_obuf_I_O)         2.384     8.049 r  virtual_seg_OBUF[23]_inst/O
                         net (fo=0)                   0.000     8.049    virtual_seg[23]
    AC26                                                              r  virtual_seg[23] (OUT)
  -------------------------------------------------------------------    -------------------

Slack:                    inf
  Source:                 student_top_inst/bridge_inst/seg_driver/count_reg[4]/C
                            (rising edge-triggered cell FDCE clocked by clk_out2_pll  {rise@0.000ns fall@10.000ns period=20.000ns})
  Destination:            virtual_seg[32]
                            (output port)
  Path Group:             (none)
  Path Type:              Max at Slow Process Corner
  Data Path Delay:        10.304ns  (logic 2.891ns (28.055%)  route 7.414ns (71.945%))
  Logic Levels:           3  (LUT3=1 LUT6=1 OBUF=1)
  Clock Uncertainty:      0.258ns  ((TSJ^2 + DJ^2)^1/2) / 2 + PE
    Total System Jitter     (TSJ):    0.050ns
    Discrete Jitter          (DJ):    0.198ns
    Phase Error              (PE):    0.156ns

    Location             Delay type                Incr(ns)  Path(ns)    Netlist Resource(s)
  -------------------------------------------------------------------    -------------------
                         (clock clk_out2_pll rise edge)
                                                      0.000     0.000 r  
    AD12                                              0.000     0.000 r  i_sys_clk_p (IN)
                         net (fo=0)                   0.000     0.000    pll_inst/inst/clk_in1_p
    AD12                 IBUFDS (Prop_ibufds_I_O)     0.906     0.906 r  pll_inst/inst/clkin1_ibufgds/O
                         net (fo=1, routed)           1.098     2.004    pll_inst/inst/clk_in1_pll
    PLLE2_ADV_X1Y1       PLLE2_ADV (Prop_plle2_adv_CLKIN1_CLKOUT1)
                                                     -8.058    -6.054 r  pll_inst/inst/plle2_adv_inst/CLKOUT1
                         net (fo=1, routed)           2.128    -3.926    pll_inst/inst/clk_out2_pll
    BUFGCTRL_X0Y0        BUFG (Prop_bufg_I_O)         0.093    -3.833 r  pll_inst/inst/clkout2_buf/O
                         net (fo=34220, routed)       1.285    -2.548    student_top_inst/bridge_inst/seg_driver/CLK
    SLICE_X25Y242        FDCE                                         r  student_top_inst/bridge_inst/seg_driver/count_reg[4]/C
  -------------------------------------------------------------------    -------------------
    SLICE_X25Y242        FDCE (Prop_fdce_C_Q)         0.204    -2.344 r  student_top_inst/bridge_inst/seg_driver/count_reg[4]/Q
                         net (fo=48, routed)          1.670    -0.674    student_top_inst/bridge_inst/seg_driver/Q[0]
    SLICE_X29Y240        LUT3 (Prop_lut3_I1_O)        0.134    -0.540 r  student_top_inst/bridge_inst/seg_driver/virtual_seg_OBUF[36]_inst_i_4/O
                         net (fo=7, routed)           0.726     0.186    student_top_inst/bridge_inst/seg_driver/virtual_seg_OBUF[36]_inst_i_4_n_0
    SLICE_X24Y234        LUT6 (Prop_lut6_I5_O)        0.137     0.323 r  student_top_inst/bridge_inst/seg_driver/virtual_seg_OBUF[32]_inst_i_1/O
                         net (fo=2, routed)           5.017     5.340    virtual_seg_OBUF[32]
    AJ27                 OBUF (Prop_obuf_I_O)         2.416     7.756 r  virtual_seg_OBUF[32]_inst/O
                         net (fo=0)                   0.000     7.756    virtual_seg[32]
    AJ27                                                              r  virtual_seg[32] (OUT)
  -------------------------------------------------------------------    -------------------

Slack:                    inf
  Source:                 student_top_inst/bridge_inst/seg_driver/count_reg[4]/C
                            (rising edge-triggered cell FDCE clocked by clk_out2_pll  {rise@0.000ns fall@10.000ns period=20.000ns})
  Destination:            virtual_seg[6]
                            (output port)
  Path Group:             (none)
  Path Type:              Max at Slow Process Corner
  Data Path Delay:        10.208ns  (logic 2.866ns (28.072%)  route 7.342ns (71.928%))
  Logic Levels:           3  (LUT3=1 LUT6=1 OBUF=1)
  Clock Uncertainty:      0.258ns  ((TSJ^2 + DJ^2)^1/2) / 2 + PE
    Total System Jitter     (TSJ):    0.050ns
    Discrete Jitter          (DJ):    0.198ns
    Phase Error              (PE):    0.156ns

    Location             Delay type                Incr(ns)  Path(ns)    Netlist Resource(s)
  -------------------------------------------------------------------    -------------------
                         (clock clk_out2_pll rise edge)
                                                      0.000     0.000 r  
    AD12                                              0.000     0.000 r  i_sys_clk_p (IN)
                         net (fo=0)                   0.000     0.000    pll_inst/inst/clk_in1_p
    AD12                 IBUFDS (Prop_ibufds_I_O)     0.906     0.906 r  pll_inst/inst/clkin1_ibufgds/O
                         net (fo=1, routed)           1.098     2.004    pll_inst/inst/clk_in1_pll
    PLLE2_ADV_X1Y1       PLLE2_ADV (Prop_plle2_adv_CLKIN1_CLKOUT1)
                                                     -8.058    -6.054 r  pll_inst/inst/plle2_adv_inst/CLKOUT1
                         net (fo=1, routed)           2.128    -3.926    pll_inst/inst/clk_out2_pll
    BUFGCTRL_X0Y0        BUFG (Prop_bufg_I_O)         0.093    -3.833 r  pll_inst/inst/clkout2_buf/O
                         net (fo=34220, routed)       1.285    -2.548    student_top_inst/bridge_inst/seg_driver/CLK
    SLICE_X25Y242        FDCE                                         r  student_top_inst/bridge_inst/seg_driver/count_reg[4]/C
  -------------------------------------------------------------------    -------------------
    SLICE_X25Y242        FDCE (Prop_fdce_C_Q)         0.204    -2.344 r  student_top_inst/bridge_inst/seg_driver/count_reg[4]/Q
                         net (fo=48, routed)          2.069    -0.276    student_top_inst/bridge_inst/seg_driver/Q[0]
    SLICE_X26Y235        LUT3 (Prop_lut3_I1_O)        0.134    -0.142 r  student_top_inst/bridge_inst/seg_driver/virtual_seg_OBUF[6]_inst_i_4/O
                         net (fo=7, routed)           0.880     0.738    student_top_inst/bridge_inst/seg_driver/virtual_seg_OBUF[6]_inst_i_4_n_0
    SLICE_X24Y239        LUT6 (Prop_lut6_I5_O)        0.137     0.875 r  student_top_inst/bridge_inst/seg_driver/virtual_seg_OBUF[6]_inst_i_1/O
                         net (fo=2, routed)           4.394     5.269    virtual_seg_OBUF[6]
    L12                  OBUF (Prop_obuf_I_O)         2.391     7.660 r  virtual_seg_OBUF[6]_inst/O
                         net (fo=0)                   0.000     7.660    virtual_seg[6]
    L12                                                               r  virtual_seg[6] (OUT)
  -------------------------------------------------------------------    -------------------

Slack:                    inf
  Source:                 student_top_inst/bridge_inst/seg_driver/count_reg[4]/C
                            (rising edge-triggered cell FDCE clocked by clk_out2_pll  {rise@0.000ns fall@10.000ns period=20.000ns})
  Destination:            virtual_seg[34]
                            (output port)
  Path Group:             (none)
  Path Type:              Max at Slow Process Corner
  Data Path Delay:        10.128ns  (logic 2.890ns (28.537%)  route 7.238ns (71.463%))
  Logic Levels:           3  (LUT3=1 LUT6=1 OBUF=1)
  Clock Uncertainty:      0.258ns  ((TSJ^2 + DJ^2)^1/2) / 2 + PE
    Total System Jitter     (TSJ):    0.050ns
    Discrete Jitter          (DJ):    0.198ns
    Phase Error              (PE):    0.156ns

    Location             Delay type                Incr(ns)  Path(ns)    Netlist Resource(s)
  -------------------------------------------------------------------    -------------------
                         (clock clk_out2_pll rise edge)
                                                      0.000     0.000 r  
    AD12                                              0.000     0.000 r  i_sys_clk_p (IN)
                         net (fo=0)                   0.000     0.000    pll_inst/inst/clk_in1_p
    AD12                 IBUFDS (Prop_ibufds_I_O)     0.906     0.906 r  pll_inst/inst/clkin1_ibufgds/O
                         net (fo=1, routed)           1.098     2.004    pll_inst/inst/clk_in1_pll
    PLLE2_ADV_X1Y1       PLLE2_ADV (Prop_plle2_adv_CLKIN1_CLKOUT1)
                                                     -8.058    -6.054 r  pll_inst/inst/plle2_adv_inst/CLKOUT1
                         net (fo=1, routed)           2.128    -3.926    pll_inst/inst/clk_out2_pll
    BUFGCTRL_X0Y0        BUFG (Prop_bufg_I_O)         0.093    -3.833 r  pll_inst/inst/clkout2_buf/O
                         net (fo=34220, routed)       1.285    -2.548    student_top_inst/bridge_inst/seg_driver/CLK
    SLICE_X25Y242        FDCE                                         r  student_top_inst/bridge_inst/seg_driver/count_reg[4]/C
  -------------------------------------------------------------------    -------------------
    SLICE_X25Y242        FDCE (Prop_fdce_C_Q)         0.204    -2.344 r  student_top_inst/bridge_inst/seg_driver/count_reg[4]/Q
                         net (fo=48, routed)          1.670    -0.674    student_top_inst/bridge_inst/seg_driver/Q[0]
    SLICE_X29Y240        LUT3 (Prop_lut3_I1_O)        0.134    -0.540 r  student_top_inst/bridge_inst/seg_driver/virtual_seg_OBUF[36]_inst_i_4/O
                         net (fo=7, routed)           0.806     0.266    student_top_inst/bridge_inst/seg_driver/virtual_seg_OBUF[36]_inst_i_4_n_0
    SLICE_X25Y234        LUT6 (Prop_lut6_I0_O)        0.137     0.403 r  student_top_inst/bridge_inst/seg_driver/virtual_seg_OBUF[34]_inst_i_1/O
                         net (fo=2, routed)           4.762     5.164    virtual_seg_OBUF[34]
    AG30                 OBUF (Prop_obuf_I_O)         2.415     7.580 r  virtual_seg_OBUF[34]_inst/O
                         net (fo=0)                   0.000     7.580    virtual_seg[34]
    AG30                                                              r  virtual_seg[34] (OUT)
  -------------------------------------------------------------------    -------------------

Slack:                    inf
  Source:                 student_top_inst/bridge_inst/seg_driver/count_reg[4]/C
                            (rising edge-triggered cell FDCE clocked by clk_out2_pll  {rise@0.000ns fall@10.000ns period=20.000ns})
  Destination:            virtual_seg[13]
                            (output port)
  Path Group:             (none)
  Path Type:              Max at Slow Process Corner
  Data Path Delay:        10.094ns  (logic 2.881ns (28.538%)  route 7.214ns (71.462%))
  Logic Levels:           3  (LUT3=1 LUT6=1 OBUF=1)
  Clock Uncertainty:      0.258ns  ((TSJ^2 + DJ^2)^1/2) / 2 + PE
    Total System Jitter     (TSJ):    0.050ns
    Discrete Jitter          (DJ):    0.198ns
    Phase Error              (PE):    0.156ns

    Location             Delay type                Incr(ns)  Path(ns)    Netlist Resource(s)
  -------------------------------------------------------------------    -------------------
                         (clock clk_out2_pll rise edge)
                                                      0.000     0.000 r  
    AD12                                              0.000     0.000 r  i_sys_clk_p (IN)
                         net (fo=0)                   0.000     0.000    pll_inst/inst/clk_in1_p
    AD12                 IBUFDS (Prop_ibufds_I_O)     0.906     0.906 r  pll_inst/inst/clkin1_ibufgds/O
                         net (fo=1, routed)           1.098     2.004    pll_inst/inst/clk_in1_pll
    PLLE2_ADV_X1Y1       PLLE2_ADV (Prop_plle2_adv_CLKIN1_CLKOUT1)
                                                     -8.058    -6.054 r  pll_inst/inst/plle2_adv_inst/CLKOUT1
                         net (fo=1, routed)           2.128    -3.926    pll_inst/inst/clk_out2_pll
    BUFGCTRL_X0Y0        BUFG (Prop_bufg_I_O)         0.093    -3.833 r  pll_inst/inst/clkout2_buf/O
                         net (fo=34220, routed)       1.285    -2.548    student_top_inst/bridge_inst/seg_driver/CLK
    SLICE_X25Y242        FDCE                                         r  student_top_inst/bridge_inst/seg_driver/count_reg[4]/C
  -------------------------------------------------------------------    -------------------
    SLICE_X25Y242        FDCE (Prop_fdce_C_Q)         0.204    -2.344 r  student_top_inst/bridge_inst/seg_driver/count_reg[4]/Q
                         net (fo=48, routed)          1.935    -0.409    student_top_inst/bridge_inst/seg_driver/Q[0]
    SLICE_X30Y240        LUT3 (Prop_lut3_I1_O)        0.132    -0.277 r  student_top_inst/bridge_inst/seg_driver/virtual_seg_OBUF[16]_inst_i_4/O
                         net (fo=7, routed)           1.073     0.796    student_top_inst/bridge_inst/seg_driver/virtual_seg_OBUF[16]_inst_i_4_n_0
    SLICE_X27Y245        LUT6 (Prop_lut6_I1_O)        0.136     0.932 r  student_top_inst/bridge_inst/seg_driver/virtual_seg_OBUF[13]_inst_i_1/O
                         net (fo=2, routed)           4.205     5.137    virtual_seg_OBUF[13]
    L11                  OBUF (Prop_obuf_I_O)         2.409     7.546 r  virtual_seg_OBUF[13]_inst/O
                         net (fo=0)                   0.000     7.546    virtual_seg[13]
    L11                                                               r  virtual_seg[13] (OUT)
  -------------------------------------------------------------------    -------------------

Slack:                    inf
  Source:                 student_top_inst/bridge_inst/seg_driver/count_reg[4]/C
                            (rising edge-triggered cell FDCE clocked by clk_out2_pll  {rise@0.000ns fall@10.000ns period=20.000ns})
  Destination:            virtual_seg[31]
                            (output port)
  Path Group:             (none)
  Path Type:              Max at Slow Process Corner
  Data Path Delay:        9.993ns  (logic 2.787ns (27.887%)  route 7.207ns (72.113%))
  Logic Levels:           3  (LUT3=1 LUT6=1 OBUF=1)
  Clock Uncertainty:      0.258ns  ((TSJ^2 + DJ^2)^1/2) / 2 + PE
    Total System Jitter     (TSJ):    0.050ns
    Discrete Jitter          (DJ):    0.198ns
    Phase Error              (PE):    0.156ns

    Location             Delay type                Incr(ns)  Path(ns)    Netlist Resource(s)
  -------------------------------------------------------------------    -------------------
                         (clock clk_out2_pll rise edge)
                                                      0.000     0.000 r  
    AD12                                              0.000     0.000 r  i_sys_clk_p (IN)
                         net (fo=0)                   0.000     0.000    pll_inst/inst/clk_in1_p
    AD12                 IBUFDS (Prop_ibufds_I_O)     0.906     0.906 r  pll_inst/inst/clkin1_ibufgds/O
                         net (fo=1, routed)           1.098     2.004    pll_inst/inst/clk_in1_pll
    PLLE2_ADV_X1Y1       PLLE2_ADV (Prop_plle2_adv_CLKIN1_CLKOUT1)
                                                     -8.058    -6.054 r  pll_inst/inst/plle2_adv_inst/CLKOUT1
                         net (fo=1, routed)           2.128    -3.926    pll_inst/inst/clk_out2_pll
    BUFGCTRL_X0Y0        BUFG (Prop_bufg_I_O)         0.093    -3.833 r  pll_inst/inst/clkout2_buf/O
                         net (fo=34220, routed)       1.285    -2.548    student_top_inst/bridge_inst/seg_driver/CLK
    SLICE_X25Y242        FDCE                                         r  student_top_inst/bridge_inst/seg_driver/count_reg[4]/C
  -------------------------------------------------------------------    -------------------
    SLICE_X25Y242        FDCE (Prop_fdce_C_Q)         0.204    -2.344 r  student_top_inst/bridge_inst/seg_driver/count_reg[4]/Q
                         net (fo=48, routed)          1.670    -0.674    student_top_inst/bridge_inst/seg_driver/Q[0]
    SLICE_X29Y240        LUT3 (Prop_lut3_I1_O)        0.123    -0.551 f  student_top_inst/bridge_inst/seg_driver/virtual_seg_OBUF[36]_inst_i_2/O
                         net (fo=7, routed)           1.267     0.716    student_top_inst/bridge_inst/seg_driver/virtual_seg_OBUF[36]_inst_i_2_n_0
    SLICE_X24Y234        LUT6 (Prop_lut6_I0_O)        0.043     0.759 r  student_top_inst/bridge_inst/seg_driver/virtual_seg_OBUF[31]_inst_i_1/O
                         net (fo=2, routed)           4.269     5.028    virtual_seg_OBUF[31]
    AJ29                 OBUF (Prop_obuf_I_O)         2.417     7.445 r  virtual_seg_OBUF[31]_inst/O
                         net (fo=0)                   0.000     7.445    virtual_seg[31]
    AJ29                                                              r  virtual_seg[31] (OUT)
  -------------------------------------------------------------------    -------------------

Slack:                    inf
  Source:                 student_top_inst/bridge_inst/seg_driver/count_reg[4]/C
                            (rising edge-triggered cell FDCE clocked by clk_out2_pll  {rise@0.000ns fall@10.000ns period=20.000ns})
  Destination:            virtual_seg[33]
                            (output port)
  Path Group:             (none)
  Path Type:              Max at Slow Process Corner
  Data Path Delay:        9.982ns  (logic 2.895ns (28.999%)  route 7.087ns (71.001%))
  Logic Levels:           3  (LUT3=1 LUT6=1 OBUF=1)
  Clock Uncertainty:      0.258ns  ((TSJ^2 + DJ^2)^1/2) / 2 + PE
    Total System Jitter     (TSJ):    0.050ns
    Discrete Jitter          (DJ):    0.198ns
    Phase Error              (PE):    0.156ns

    Location             Delay type                Incr(ns)  Path(ns)    Netlist Resource(s)
  -------------------------------------------------------------------    -------------------
                         (clock clk_out2_pll rise edge)
                                                      0.000     0.000 r  
    AD12                                              0.000     0.000 r  i_sys_clk_p (IN)
                         net (fo=0)                   0.000     0.000    pll_inst/inst/clk_in1_p
    AD12                 IBUFDS (Prop_ibufds_I_O)     0.906     0.906 r  pll_inst/inst/clkin1_ibufgds/O
                         net (fo=1, routed)           1.098     2.004    pll_inst/inst/clk_in1_pll
    PLLE2_ADV_X1Y1       PLLE2_ADV (Prop_plle2_adv_CLKIN1_CLKOUT1)
                                                     -8.058    -6.054 r  pll_inst/inst/plle2_adv_inst/CLKOUT1
                         net (fo=1, routed)           2.128    -3.926    pll_inst/inst/clk_out2_pll
    BUFGCTRL_X0Y0        BUFG (Prop_bufg_I_O)         0.093    -3.833 r  pll_inst/inst/clkout2_buf/O
                         net (fo=34220, routed)       1.285    -2.548    student_top_inst/bridge_inst/seg_driver/CLK
    SLICE_X25Y242        FDCE                                         r  student_top_inst/bridge_inst/seg_driver/count_reg[4]/C
  -------------------------------------------------------------------    -------------------
    SLICE_X25Y242        FDCE (Prop_fdce_C_Q)         0.204    -2.344 r  student_top_inst/bridge_inst/seg_driver/count_reg[4]/Q
                         net (fo=48, routed)          1.670    -0.674    student_top_inst/bridge_inst/seg_driver/Q[0]
    SLICE_X29Y240        LUT3 (Prop_lut3_I1_O)        0.134    -0.540 r  student_top_inst/bridge_inst/seg_driver/virtual_seg_OBUF[36]_inst_i_4/O
                         net (fo=7, routed)           0.943     0.403    student_top_inst/bridge_inst/seg_driver/virtual_seg_OBUF[36]_inst_i_4_n_0
    SLICE_X24Y234        LUT6 (Prop_lut6_I0_O)        0.137     0.540 r  student_top_inst/bridge_inst/seg_driver/virtual_seg_OBUF[33]_inst_i_1/O
                         net (fo=2, routed)           4.474     5.014    virtual_seg_OBUF[33]
    AE30                 OBUF (Prop_obuf_I_O)         2.420     7.434 r  virtual_seg_OBUF[33]_inst/O
                         net (fo=0)                   0.000     7.434    virtual_seg[33]
    AE30                                                              r  virtual_seg[33] (OUT)
  -------------------------------------------------------------------    -------------------

Slack:                    inf
  Source:                 student_top_inst/bridge_inst/seg_driver/count_reg[4]/C
                            (rising edge-triggered cell FDCE clocked by clk_out2_pll  {rise@0.000ns fall@10.000ns period=20.000ns})
  Destination:            virtual_seg[14]
                            (output port)
  Path Group:             (none)
  Path Type:              Max at Slow Process Corner
  Data Path Delay:        9.940ns  (logic 2.878ns (28.957%)  route 7.062ns (71.043%))
  Logic Levels:           3  (LUT3=1 LUT6=1 OBUF=1)
  Clock Uncertainty:      0.258ns  ((TSJ^2 + DJ^2)^1/2) / 2 + PE
    Total System Jitter     (TSJ):    0.050ns
    Discrete Jitter          (DJ):    0.198ns
    Phase Error              (PE):    0.156ns

    Location             Delay type                Incr(ns)  Path(ns)    Netlist Resource(s)
  -------------------------------------------------------------------    -------------------
                         (clock clk_out2_pll rise edge)
                                                      0.000     0.000 r  
    AD12                                              0.000     0.000 r  i_sys_clk_p (IN)
                         net (fo=0)                   0.000     0.000    pll_inst/inst/clk_in1_p
    AD12                 IBUFDS (Prop_ibufds_I_O)     0.906     0.906 r  pll_inst/inst/clkin1_ibufgds/O
                         net (fo=1, routed)           1.098     2.004    pll_inst/inst/clk_in1_pll
    PLLE2_ADV_X1Y1       PLLE2_ADV (Prop_plle2_adv_CLKIN1_CLKOUT1)
                                                     -8.058    -6.054 r  pll_inst/inst/plle2_adv_inst/CLKOUT1
                         net (fo=1, routed)           2.128    -3.926    pll_inst/inst/clk_out2_pll
    BUFGCTRL_X0Y0        BUFG (Prop_bufg_I_O)         0.093    -3.833 r  pll_inst/inst/clkout2_buf/O
                         net (fo=34220, routed)       1.285    -2.548    student_top_inst/bridge_inst/seg_driver/CLK
    SLICE_X25Y242        FDCE                                         r  student_top_inst/bridge_inst/seg_driver/count_reg[4]/C
  -------------------------------------------------------------------    -------------------
    SLICE_X25Y242        FDCE (Prop_fdce_C_Q)         0.204    -2.344 r  student_top_inst/bridge_inst/seg_driver/count_reg[4]/Q
                         net (fo=48, routed)          1.935    -0.409    student_top_inst/bridge_inst/seg_driver/Q[0]
    SLICE_X30Y240        LUT3 (Prop_lut3_I1_O)        0.132    -0.277 r  student_top_inst/bridge_inst/seg_driver/virtual_seg_OBUF[16]_inst_i_4/O
                         net (fo=7, routed)           0.998     0.721    student_top_inst/bridge_inst/seg_driver/virtual_seg_OBUF[16]_inst_i_4_n_0
    SLICE_X26Y245        LUT6 (Prop_lut6_I3_O)        0.136     0.857 r  student_top_inst/bridge_inst/seg_driver/virtual_seg_OBUF[14]_inst_i_1/O
                         net (fo=2, routed)           4.128     4.985    virtual_seg_OBUF[14]
    J11                  OBUF (Prop_obuf_I_O)         2.406     7.392 r  virtual_seg_OBUF[14]_inst/O
                         net (fo=0)                   0.000     7.392    virtual_seg[14]
    J11                                                               r  virtual_seg[14] (OUT)
  -------------------------------------------------------------------    -------------------





Min Delay Paths
--------------------------------------------------------------------------------------
Slack:                    inf
  Source:                 student_top_inst/bridge_inst/LED_reg[26]_lopt_replica/C
                            (rising edge-triggered cell FDRE clocked by clk_out2_pll  {rise@0.000ns fall@10.000ns period=20.000ns})
  Destination:            virtual_led[26]
                            (output port)
  Path Group:             (none)
  Path Type:              Min at Slow Process Corner
  Data Path Delay:        3.423ns  (logic 2.395ns (69.955%)  route 1.029ns (30.045%))
  Logic Levels:           1  (OBUF=1)
  Clock Uncertainty:      0.258ns  ((TSJ^2 + DJ^2)^1/2) / 2 + PE
    Total System Jitter     (TSJ):    0.050ns
    Discrete Jitter          (DJ):    0.198ns
    Phase Error              (PE):    0.156ns

    Location             Delay type                Incr(ns)  Path(ns)    Netlist Resource(s)
  -------------------------------------------------------------------    -------------------
                         (clock clk_out2_pll rise edge)
                                                      0.000     0.000 r  
    AD12                                              0.000     0.000 r  i_sys_clk_p (IN)
                         net (fo=0)                   0.000     0.000    pll_inst/inst/clk_in1_p
    AD12                 IBUFDS (Prop_ibufds_I_O)     0.803     0.803 r  pll_inst/inst/clkin1_ibufgds/O
                         net (fo=1, routed)           1.001     1.804    pll_inst/inst/clk_in1_pll
    PLLE2_ADV_X1Y1       PLLE2_ADV (Prop_plle2_adv_CLKIN1_CLKOUT1)
                                                     -7.261    -5.457 r  pll_inst/inst/plle2_adv_inst/CLKOUT1
                         net (fo=1, routed)           2.003    -3.454    pll_inst/inst/clk_out2_pll
    BUFGCTRL_X0Y0        BUFG (Prop_bufg_I_O)         0.083    -3.371 r  pll_inst/inst/clkout2_buf/O
                         net (fo=34220, routed)       1.198    -2.173    student_top_inst/bridge_inst/CLK
    SLICE_X7Y233         FDRE                                         r  student_top_inst/bridge_inst/LED_reg[26]_lopt_replica/C
  -------------------------------------------------------------------    -------------------
    SLICE_X7Y233         FDRE (Prop_fdre_C_Q)         0.178    -1.995 r  student_top_inst/bridge_inst/LED_reg[26]_lopt_replica/Q
                         net (fo=1, routed)           1.029    -0.966    lopt_18
    B24                  OBUF (Prop_obuf_I_O)         2.217     1.251 r  virtual_led_OBUF[26]_inst/O
                         net (fo=0)                   0.000     1.251    virtual_led[26]
    B24                                                               r  virtual_led[26] (OUT)
  -------------------------------------------------------------------    -------------------

Slack:                    inf
  Source:                 student_top_inst/bridge_inst/LED_reg[19]_lopt_replica/C
                            (rising edge-triggered cell FDRE clocked by clk_out2_pll  {rise@0.000ns fall@10.000ns period=20.000ns})
  Destination:            virtual_led[19]
                            (output port)
  Path Group:             (none)
  Path Type:              Min at Slow Process Corner
  Data Path Delay:        3.458ns  (logic 2.353ns (68.065%)  route 1.104ns (31.935%))
  Logic Levels:           1  (OBUF=1)
  Clock Uncertainty:      0.258ns  ((TSJ^2 + DJ^2)^1/2) / 2 + PE
    Total System Jitter     (TSJ):    0.050ns
    Discrete Jitter          (DJ):    0.198ns
    Phase Error              (PE):    0.156ns

    Location             Delay type                Incr(ns)  Path(ns)    Netlist Resource(s)
  -------------------------------------------------------------------    -------------------
                         (clock clk_out2_pll rise edge)
                                                      0.000     0.000 r  
    AD12                                              0.000     0.000 r  i_sys_clk_p (IN)
                         net (fo=0)                   0.000     0.000    pll_inst/inst/clk_in1_p
    AD12                 IBUFDS (Prop_ibufds_I_O)     0.803     0.803 r  pll_inst/inst/clkin1_ibufgds/O
                         net (fo=1, routed)           1.001     1.804    pll_inst/inst/clk_in1_pll
    PLLE2_ADV_X1Y1       PLLE2_ADV (Prop_plle2_adv_CLKIN1_CLKOUT1)
                                                     -7.261    -5.457 r  pll_inst/inst/plle2_adv_inst/CLKOUT1
                         net (fo=1, routed)           2.003    -3.454    pll_inst/inst/clk_out2_pll
    BUFGCTRL_X0Y0        BUFG (Prop_bufg_I_O)         0.083    -3.371 r  pll_inst/inst/clkout2_buf/O
                         net (fo=34220, routed)       1.204    -2.167    student_top_inst/bridge_inst/CLK
    SLICE_X7Y243         FDRE                                         r  student_top_inst/bridge_inst/LED_reg[19]_lopt_replica/C
  -------------------------------------------------------------------    -------------------
    SLICE_X7Y243         FDRE (Prop_fdre_C_Q)         0.178    -1.989 r  student_top_inst/bridge_inst/LED_reg[19]_lopt_replica/Q
                         net (fo=1, routed)           1.104    -0.884    lopt_10
    F25                  OBUF (Prop_obuf_I_O)         2.175     1.291 r  virtual_led_OBUF[19]_inst/O
                         net (fo=0)                   0.000     1.291    virtual_led[19]
    F25                                                               r  virtual_led[19] (OUT)
  -------------------------------------------------------------------    -------------------

Slack:                    inf
  Source:                 student_top_inst/bridge_inst/LED_reg[18]_lopt_replica/C
                            (rising edge-triggered cell FDRE clocked by clk_out2_pll  {rise@0.000ns fall@10.000ns period=20.000ns})
  Destination:            virtual_led[18]
                            (output port)
  Path Group:             (none)
  Path Type:              Min at Slow Process Corner
  Data Path Delay:        3.473ns  (logic 2.360ns (67.959%)  route 1.113ns (32.041%))
  Logic Levels:           1  (OBUF=1)
  Clock Uncertainty:      0.258ns  ((TSJ^2 + DJ^2)^1/2) / 2 + PE
    Total System Jitter     (TSJ):    0.050ns
    Discrete Jitter          (DJ):    0.198ns
    Phase Error              (PE):    0.156ns

    Location             Delay type                Incr(ns)  Path(ns)    Netlist Resource(s)
  -------------------------------------------------------------------    -------------------
                         (clock clk_out2_pll rise edge)
                                                      0.000     0.000 r  
    AD12                                              0.000     0.000 r  i_sys_clk_p (IN)
                         net (fo=0)                   0.000     0.000    pll_inst/inst/clk_in1_p
    AD12                 IBUFDS (Prop_ibufds_I_O)     0.803     0.803 r  pll_inst/inst/clkin1_ibufgds/O
                         net (fo=1, routed)           1.001     1.804    pll_inst/inst/clk_in1_pll
    PLLE2_ADV_X1Y1       PLLE2_ADV (Prop_plle2_adv_CLKIN1_CLKOUT1)
                                                     -7.261    -5.457 r  pll_inst/inst/plle2_adv_inst/CLKOUT1
                         net (fo=1, routed)           2.003    -3.454    pll_inst/inst/clk_out2_pll
    BUFGCTRL_X0Y0        BUFG (Prop_bufg_I_O)         0.083    -3.371 r  pll_inst/inst/clkout2_buf/O
                         net (fo=34220, routed)       1.204    -2.167    student_top_inst/bridge_inst/CLK
    SLICE_X7Y243         FDRE                                         r  student_top_inst/bridge_inst/LED_reg[18]_lopt_replica/C
  -------------------------------------------------------------------    -------------------
    SLICE_X7Y243         FDRE (Prop_fdre_C_Q)         0.178    -1.989 r  student_top_inst/bridge_inst/LED_reg[18]_lopt_replica/Q
                         net (fo=1, routed)           1.113    -0.876    lopt_9
    D23                  OBUF (Prop_obuf_I_O)         2.182     1.307 r  virtual_led_OBUF[18]_inst/O
                         net (fo=0)                   0.000     1.307    virtual_led[18]
    D23                                                               r  virtual_led[18] (OUT)
  -------------------------------------------------------------------    -------------------

Slack:                    inf
  Source:                 student_top_inst/bridge_inst/LED_reg[17]_lopt_replica/C
                            (rising edge-triggered cell FDRE clocked by clk_out2_pll  {rise@0.000ns fall@10.000ns period=20.000ns})
  Destination:            virtual_led[17]
                            (output port)
  Path Group:             (none)
  Path Type:              Min at Slow Process Corner
  Data Path Delay:        3.488ns  (logic 2.341ns (67.122%)  route 1.147ns (32.878%))
  Logic Levels:           1  (OBUF=1)
  Clock Uncertainty:      0.258ns  ((TSJ^2 + DJ^2)^1/2) / 2 + PE
    Total System Jitter     (TSJ):    0.050ns
    Discrete Jitter          (DJ):    0.198ns
    Phase Error              (PE):    0.156ns

    Location             Delay type                Incr(ns)  Path(ns)    Netlist Resource(s)
  -------------------------------------------------------------------    -------------------
                         (clock clk_out2_pll rise edge)
                                                      0.000     0.000 r  
    AD12                                              0.000     0.000 r  i_sys_clk_p (IN)
                         net (fo=0)                   0.000     0.000    pll_inst/inst/clk_in1_p
    AD12                 IBUFDS (Prop_ibufds_I_O)     0.803     0.803 r  pll_inst/inst/clkin1_ibufgds/O
                         net (fo=1, routed)           1.001     1.804    pll_inst/inst/clk_in1_pll
    PLLE2_ADV_X1Y1       PLLE2_ADV (Prop_plle2_adv_CLKIN1_CLKOUT1)
                                                     -7.261    -5.457 r  pll_inst/inst/plle2_adv_inst/CLKOUT1
                         net (fo=1, routed)           2.003    -3.454    pll_inst/inst/clk_out2_pll
    BUFGCTRL_X0Y0        BUFG (Prop_bufg_I_O)         0.083    -3.371 r  pll_inst/inst/clkout2_buf/O
                         net (fo=34220, routed)       1.204    -2.167    student_top_inst/bridge_inst/CLK
    SLICE_X7Y243         FDRE                                         r  student_top_inst/bridge_inst/LED_reg[17]_lopt_replica/C
  -------------------------------------------------------------------    -------------------
    SLICE_X7Y243         FDRE (Prop_fdre_C_Q)         0.178    -1.989 r  student_top_inst/bridge_inst/LED_reg[17]_lopt_replica/Q
                         net (fo=1, routed)           1.147    -0.842    lopt_8
    F23                  OBUF (Prop_obuf_I_O)         2.163     1.322 r  virtual_led_OBUF[17]_inst/O
                         net (fo=0)                   0.000     1.322    virtual_led[17]
    F23                                                               r  virtual_led[17] (OUT)
  -------------------------------------------------------------------    -------------------

Slack:                    inf
  Source:                 student_top_inst/bridge_inst/LED_reg[20]_lopt_replica/C
                            (rising edge-triggered cell FDRE clocked by clk_out2_pll  {rise@0.000ns fall@10.000ns period=20.000ns})
  Destination:            virtual_led[20]
                            (output port)
  Path Group:             (none)
  Path Type:              Min at Slow Process Corner
  Data Path Delay:        3.577ns  (logic 2.360ns (65.979%)  route 1.217ns (34.021%))
  Logic Levels:           1  (OBUF=1)
  Clock Uncertainty:      0.258ns  ((TSJ^2 + DJ^2)^1/2) / 2 + PE
    Total System Jitter     (TSJ):    0.050ns
    Discrete Jitter          (DJ):    0.198ns
    Phase Error              (PE):    0.156ns

    Location             Delay type                Incr(ns)  Path(ns)    Netlist Resource(s)
  -------------------------------------------------------------------    -------------------
                         (clock clk_out2_pll rise edge)
                                                      0.000     0.000 r  
    AD12                                              0.000     0.000 r  i_sys_clk_p (IN)
                         net (fo=0)                   0.000     0.000    pll_inst/inst/clk_in1_p
    AD12                 IBUFDS (Prop_ibufds_I_O)     0.803     0.803 r  pll_inst/inst/clkin1_ibufgds/O
                         net (fo=1, routed)           1.001     1.804    pll_inst/inst/clk_in1_pll
    PLLE2_ADV_X1Y1       PLLE2_ADV (Prop_plle2_adv_CLKIN1_CLKOUT1)
                                                     -7.261    -5.457 r  pll_inst/inst/plle2_adv_inst/CLKOUT1
                         net (fo=1, routed)           2.003    -3.454    pll_inst/inst/clk_out2_pll
    BUFGCTRL_X0Y0        BUFG (Prop_bufg_I_O)         0.083    -3.371 r  pll_inst/inst/clkout2_buf/O
                         net (fo=34220, routed)       1.148    -2.223    student_top_inst/bridge_inst/CLK
    SLICE_X9Y239         FDRE                                         r  student_top_inst/bridge_inst/LED_reg[20]_lopt_replica/C
  -------------------------------------------------------------------    -------------------
    SLICE_X9Y239         FDRE (Prop_fdre_C_Q)         0.178    -2.045 r  student_top_inst/bridge_inst/LED_reg[20]_lopt_replica/Q
                         net (fo=1, routed)           1.217    -0.828    lopt_12
    E26                  OBUF (Prop_obuf_I_O)         2.182     1.354 r  virtual_led_OBUF[20]_inst/O
                         net (fo=0)                   0.000     1.354    virtual_led[20]
    E26                                                               r  virtual_led[20] (OUT)
  -------------------------------------------------------------------    -------------------

Slack:                    inf
  Source:                 student_top_inst/bridge_inst/LED_reg[9]_lopt_replica/C
                            (rising edge-triggered cell FDRE clocked by clk_out2_pll  {rise@0.000ns fall@10.000ns period=20.000ns})
  Destination:            virtual_led[9]
                            (output port)
  Path Group:             (none)
  Path Type:              Min at Slow Process Corner
  Data Path Delay:        3.591ns  (logic 2.350ns (65.432%)  route 1.241ns (34.568%))
  Logic Levels:           1  (OBUF=1)
  Clock Uncertainty:      0.258ns  ((TSJ^2 + DJ^2)^1/2) / 2 + PE
    Total System Jitter     (TSJ):    0.050ns
    Discrete Jitter          (DJ):    0.198ns
    Phase Error              (PE):    0.156ns

    Location             Delay type                Incr(ns)  Path(ns)    Netlist Resource(s)
  -------------------------------------------------------------------    -------------------
                         (clock clk_out2_pll rise edge)
                                                      0.000     0.000 r  
    AD12                                              0.000     0.000 r  i_sys_clk_p (IN)
                         net (fo=0)                   0.000     0.000    pll_inst/inst/clk_in1_p
    AD12                 IBUFDS (Prop_ibufds_I_O)     0.803     0.803 r  pll_inst/inst/clkin1_ibufgds/O
                         net (fo=1, routed)           1.001     1.804    pll_inst/inst/clk_in1_pll
    PLLE2_ADV_X1Y1       PLLE2_ADV (Prop_plle2_adv_CLKIN1_CLKOUT1)
                                                     -7.261    -5.457 r  pll_inst/inst/plle2_adv_inst/CLKOUT1
                         net (fo=1, routed)           2.003    -3.454    pll_inst/inst/clk_out2_pll
    BUFGCTRL_X0Y0        BUFG (Prop_bufg_I_O)         0.083    -3.371 r  pll_inst/inst/clkout2_buf/O
                         net (fo=34220, routed)       1.150    -2.221    student_top_inst/bridge_inst/CLK
    SLICE_X9Y242         FDRE                                         r  student_top_inst/bridge_inst/LED_reg[9]_lopt_replica/C
  -------------------------------------------------------------------    -------------------
    SLICE_X9Y242         FDRE (Prop_fdre_C_Q)         0.178    -2.043 r  student_top_inst/bridge_inst/LED_reg[9]_lopt_replica/Q
                         net (fo=1, routed)           1.241    -0.801    lopt_31
    E23                  OBUF (Prop_obuf_I_O)         2.172     1.371 r  virtual_led_OBUF[9]_inst/O
                         net (fo=0)                   0.000     1.371    virtual_led[9]
    E23                                                               r  virtual_led[9] (OUT)
  -------------------------------------------------------------------    -------------------

Slack:                    inf
  Source:                 student_top_inst/bridge_inst/LED_reg[10]_lopt_replica/C
                            (rising edge-triggered cell FDRE clocked by clk_out2_pll  {rise@0.000ns fall@10.000ns period=20.000ns})
  Destination:            virtual_led[10]
                            (output port)
  Path Group:             (none)
  Path Type:              Min at Slow Process Corner
  Data Path Delay:        3.600ns  (logic 2.365ns (65.695%)  route 1.235ns (34.305%))
  Logic Levels:           1  (OBUF=1)
  Clock Uncertainty:      0.258ns  ((TSJ^2 + DJ^2)^1/2) / 2 + PE
    Total System Jitter     (TSJ):    0.050ns
    Discrete Jitter          (DJ):    0.198ns
    Phase Error              (PE):    0.156ns

    Location             Delay type                Incr(ns)  Path(ns)    Netlist Resource(s)
  -------------------------------------------------------------------    -------------------
                         (clock clk_out2_pll rise edge)
                                                      0.000     0.000 r  
    AD12                                              0.000     0.000 r  i_sys_clk_p (IN)
                         net (fo=0)                   0.000     0.000    pll_inst/inst/clk_in1_p
    AD12                 IBUFDS (Prop_ibufds_I_O)     0.803     0.803 r  pll_inst/inst/clkin1_ibufgds/O
                         net (fo=1, routed)           1.001     1.804    pll_inst/inst/clk_in1_pll
    PLLE2_ADV_X1Y1       PLLE2_ADV (Prop_plle2_adv_CLKIN1_CLKOUT1)
                                                     -7.261    -5.457 r  pll_inst/inst/plle2_adv_inst/CLKOUT1
                         net (fo=1, routed)           2.003    -3.454    pll_inst/inst/clk_out2_pll
    BUFGCTRL_X0Y0        BUFG (Prop_bufg_I_O)         0.083    -3.371 r  pll_inst/inst/clkout2_buf/O
                         net (fo=34220, routed)       1.149    -2.222    student_top_inst/bridge_inst/CLK
    SLICE_X11Y241        FDRE                                         r  student_top_inst/bridge_inst/LED_reg[10]_lopt_replica/C
  -------------------------------------------------------------------    -------------------
    SLICE_X11Y241        FDRE (Prop_fdre_C_Q)         0.178    -2.044 r  student_top_inst/bridge_inst/LED_reg[10]_lopt_replica/Q
                         net (fo=1, routed)           1.235    -0.809    lopt_1
    D24                  OBUF (Prop_obuf_I_O)         2.187     1.379 r  virtual_led_OBUF[10]_inst/O
                         net (fo=0)                   0.000     1.379    virtual_led[10]
    D24                                                               r  virtual_led[10] (OUT)
  -------------------------------------------------------------------    -------------------

Slack:                    inf
  Source:                 student_top_inst/bridge_inst/LED_reg[6]_lopt_replica/C
                            (rising edge-triggered cell FDRE clocked by clk_out2_pll  {rise@0.000ns fall@10.000ns period=20.000ns})
  Destination:            virtual_led[6]
                            (output port)
  Path Group:             (none)
  Path Type:              Min at Slow Process Corner
  Data Path Delay:        3.582ns  (logic 2.389ns (66.684%)  route 1.193ns (33.316%))
  Logic Levels:           1  (OBUF=1)
  Clock Uncertainty:      0.258ns  ((TSJ^2 + DJ^2)^1/2) / 2 + PE
    Total System Jitter     (TSJ):    0.050ns
    Discrete Jitter          (DJ):    0.198ns
    Phase Error              (PE):    0.156ns

    Location             Delay type                Incr(ns)  Path(ns)    Netlist Resource(s)
  -------------------------------------------------------------------    -------------------
                         (clock clk_out2_pll rise edge)
                                                      0.000     0.000 r  
    AD12                                              0.000     0.000 r  i_sys_clk_p (IN)
                         net (fo=0)                   0.000     0.000    pll_inst/inst/clk_in1_p
    AD12                 IBUFDS (Prop_ibufds_I_O)     0.803     0.803 r  pll_inst/inst/clkin1_ibufgds/O
                         net (fo=1, routed)           1.001     1.804    pll_inst/inst/clk_in1_pll
    PLLE2_ADV_X1Y1       PLLE2_ADV (Prop_plle2_adv_CLKIN1_CLKOUT1)
                                                     -7.261    -5.457 r  pll_inst/inst/plle2_adv_inst/CLKOUT1
                         net (fo=1, routed)           2.003    -3.454    pll_inst/inst/clk_out2_pll
    BUFGCTRL_X0Y0        BUFG (Prop_bufg_I_O)         0.083    -3.371 r  pll_inst/inst/clkout2_buf/O
                         net (fo=34220, routed)       1.205    -2.166    student_top_inst/bridge_inst/CLK
    SLICE_X7Y205         FDRE                                         r  student_top_inst/bridge_inst/LED_reg[6]_lopt_replica/C
  -------------------------------------------------------------------    -------------------
    SLICE_X7Y205         FDRE (Prop_fdre_C_Q)         0.178    -1.988 r  student_top_inst/bridge_inst/LED_reg[6]_lopt_replica/Q
                         net (fo=1, routed)           1.193    -0.794    lopt_28
    G25                  OBUF (Prop_obuf_I_O)         2.211     1.417 r  virtual_led_OBUF[6]_inst/O
                         net (fo=0)                   0.000     1.417    virtual_led[6]
    G25                                                               r  virtual_led[6] (OUT)
  -------------------------------------------------------------------    -------------------

Slack:                    inf
  Source:                 student_top_inst/bridge_inst/LED_reg[28]_lopt_replica/C
                            (rising edge-triggered cell FDRE clocked by clk_out2_pll  {rise@0.000ns fall@10.000ns period=20.000ns})
  Destination:            virtual_led[28]
                            (output port)
  Path Group:             (none)
  Path Type:              Min at Slow Process Corner
  Data Path Delay:        3.652ns  (logic 2.395ns (65.598%)  route 1.256ns (34.402%))
  Logic Levels:           1  (OBUF=1)
  Clock Uncertainty:      0.258ns  ((TSJ^2 + DJ^2)^1/2) / 2 + PE
    Total System Jitter     (TSJ):    0.050ns
    Discrete Jitter          (DJ):    0.198ns
    Phase Error              (PE):    0.156ns

    Location             Delay type                Incr(ns)  Path(ns)    Netlist Resource(s)
  -------------------------------------------------------------------    -------------------
                         (clock clk_out2_pll rise edge)
                                                      0.000     0.000 r  
    AD12                                              0.000     0.000 r  i_sys_clk_p (IN)
                         net (fo=0)                   0.000     0.000    pll_inst/inst/clk_in1_p
    AD12                 IBUFDS (Prop_ibufds_I_O)     0.803     0.803 r  pll_inst/inst/clkin1_ibufgds/O
                         net (fo=1, routed)           1.001     1.804    pll_inst/inst/clk_in1_pll
    PLLE2_ADV_X1Y1       PLLE2_ADV (Prop_plle2_adv_CLKIN1_CLKOUT1)
                                                     -7.261    -5.457 r  pll_inst/inst/plle2_adv_inst/CLKOUT1
                         net (fo=1, routed)           2.003    -3.454    pll_inst/inst/clk_out2_pll
    BUFGCTRL_X0Y0        BUFG (Prop_bufg_I_O)         0.083    -3.371 r  pll_inst/inst/clkout2_buf/O
                         net (fo=34220, routed)       1.138    -2.233    student_top_inst/bridge_inst/CLK
    SLICE_X11Y227        FDRE                                         r  student_top_inst/bridge_inst/LED_reg[28]_lopt_replica/C
  -------------------------------------------------------------------    -------------------
    SLICE_X11Y227        FDRE (Prop_fdre_C_Q)         0.178    -2.055 r  student_top_inst/bridge_inst/LED_reg[28]_lopt_replica/Q
                         net (fo=1, routed)           1.256    -0.798    lopt_20
    B25                  OBUF (Prop_obuf_I_O)         2.217     1.419 r  virtual_led_OBUF[28]_inst/O
                         net (fo=0)                   0.000     1.419    virtual_led[28]
    B25                                                               r  virtual_led[28] (OUT)
  -------------------------------------------------------------------    -------------------

Slack:                    inf
  Source:                 student_top_inst/bridge_inst/LED_reg[12]_lopt_replica/C
                            (rising edge-triggered cell FDRE clocked by clk_out2_pll  {rise@0.000ns fall@10.000ns period=20.000ns})
  Destination:            virtual_led[12]
                            (output port)
  Path Group:             (none)
  Path Type:              Min at Slow Process Corner
  Data Path Delay:        3.653ns  (logic 2.392ns (65.488%)  route 1.261ns (34.512%))
  Logic Levels:           1  (OBUF=1)
  Clock Uncertainty:      0.258ns  ((TSJ^2 + DJ^2)^1/2) / 2 + PE
    Total System Jitter     (TSJ):    0.050ns
    Discrete Jitter          (DJ):    0.198ns
    Phase Error              (PE):    0.156ns

    Location             Delay type                Incr(ns)  Path(ns)    Netlist Resource(s)
  -------------------------------------------------------------------    -------------------
                         (clock clk_out2_pll rise edge)
                                                      0.000     0.000 r  
    AD12                                              0.000     0.000 r  i_sys_clk_p (IN)
                         net (fo=0)                   0.000     0.000    pll_inst/inst/clk_in1_p
    AD12                 IBUFDS (Prop_ibufds_I_O)     0.803     0.803 r  pll_inst/inst/clkin1_ibufgds/O
                         net (fo=1, routed)           1.001     1.804    pll_inst/inst/clk_in1_pll
    PLLE2_ADV_X1Y1       PLLE2_ADV (Prop_plle2_adv_CLKIN1_CLKOUT1)
                                                     -7.261    -5.457 r  pll_inst/inst/plle2_adv_inst/CLKOUT1
                         net (fo=1, routed)           2.003    -3.454    pll_inst/inst/clk_out2_pll
    BUFGCTRL_X0Y0        BUFG (Prop_bufg_I_O)         0.083    -3.371 r  pll_inst/inst/clkout2_buf/O
                         net (fo=34220, routed)       1.139    -2.232    student_top_inst/bridge_inst/CLK
    SLICE_X13Y228        FDRE                                         r  student_top_inst/bridge_inst/LED_reg[12]_lopt_replica/C
  -------------------------------------------------------------------    -------------------
    SLICE_X13Y228        FDRE (Prop_fdre_C_Q)         0.178    -2.054 r  student_top_inst/bridge_inst/LED_reg[12]_lopt_replica/Q
                         net (fo=1, routed)           1.261    -0.793    lopt_3
    D26                  OBUF (Prop_obuf_I_O)         2.214     1.421 r  virtual_led_OBUF[12]_inst/O
                         net (fo=0)                   0.000     1.421    virtual_led[12]
    D26                                                               r  virtual_led[12] (OUT)
  -------------------------------------------------------------------    -------------------





--------------------------------------------------------------------------------------
Path Group:  (none)
From Clock:  clkfbout_pll
  To Clock:  

Max Delay             1 Endpoint
Min Delay             1 Endpoint
--------------------------------------------------------------------------------------


Max Delay Paths
--------------------------------------------------------------------------------------
Slack:                    inf
  Source:                 pll_inst/inst/plle2_adv_inst/CLKFBOUT
                            (clock source 'clkfbout_pll'  {rise@0.000ns fall@10.000ns period=20.000ns})
  Destination:            pll_inst/inst/plle2_adv_inst/CLKFBIN
  Path Group:             (none)
  Path Type:              Max at Fast Process Corner
  Data Path Delay:        2.022ns  (logic 0.030ns (1.484%)  route 1.992ns (98.516%))
  Logic Levels:           1  (BUFG=1)
  Clock Uncertainty:      0.219ns  ((TSJ^2 + DJ^2)^1/2) / 2 + PE
    Total System Jitter     (TSJ):    0.050ns
    Discrete Jitter          (DJ):    0.117ns
    Phase Error              (PE):    0.156ns

    Location             Delay type                Incr(ns)  Path(ns)    Netlist Resource(s)
  -------------------------------------------------------------------    -------------------
                         (clock clkfbout_pll fall edge)
                                                     10.000    10.000 f  
    AD12                                              0.000    10.000 f  i_sys_clk_p (IN)
                         net (fo=0)                   0.000    10.000    pll_inst/inst/clk_in1_p
    AD12                 IBUFDS (Prop_ibufds_I_O)     0.470    10.470 f  pll_inst/inst/clkin1_ibufgds/O
                         net (fo=1, routed)           0.554    11.024    pll_inst/inst/clk_in1_pll
  -------------------------------------------------------------------    -------------------
    PLLE2_ADV_X1Y1       PLLE2_ADV (Prop_plle2_adv_CLKIN1_CLKFBOUT)
                                                     -3.524     7.500 f  pll_inst/inst/plle2_adv_inst/CLKFBOUT
                         net (fo=1, routed)           1.027     8.527    pll_inst/inst/clkfbout_pll
    BUFGCTRL_X0Y2        BUFG (Prop_bufg_I_O)         0.030     8.557 f  pll_inst/inst/clkf_buf/O
                         net (fo=1, routed)           0.965     9.522    pll_inst/inst/clkfbout_buf_pll
    PLLE2_ADV_X1Y1       PLLE2_ADV                                    f  pll_inst/inst/plle2_adv_inst/CLKFBIN
  -------------------------------------------------------------------    -------------------





Min Delay Paths
--------------------------------------------------------------------------------------
Slack:                    inf
  Source:                 pll_inst/inst/plle2_adv_inst/CLKFBOUT
                            (clock source 'clkfbout_pll'  {rise@0.000ns fall@10.000ns period=20.000ns})
  Destination:            pll_inst/inst/plle2_adv_inst/CLKFBIN
  Path Group:             (none)
  Path Type:              Min at Slow Process Corner
  Data Path Delay:        3.712ns  (logic 0.083ns (2.236%)  route 3.629ns (97.764%))
  Logic Levels:           1  (BUFG=1)
  Clock Uncertainty:      0.219ns  ((TSJ^2 + DJ^2)^1/2) / 2 + PE
    Total System Jitter     (TSJ):    0.050ns
    Discrete Jitter          (DJ):    0.117ns
    Phase Error              (PE):    0.156ns

    Location             Delay type                Incr(ns)  Path(ns)    Netlist Resource(s)
  -------------------------------------------------------------------    -------------------
                         (clock clkfbout_pll rise edge)
                                                      0.000     0.000 r  
    AD12                                              0.000     0.000 r  i_sys_clk_p (IN)
                         net (fo=0)                   0.000     0.000    pll_inst/inst/clk_in1_p
    AD12                 IBUFDS (Prop_ibufds_I_O)     0.803     0.803 r  pll_inst/inst/clkin1_ibufgds/O
                         net (fo=1, routed)           1.001     1.804    pll_inst/inst/clk_in1_pll
  -------------------------------------------------------------------    -------------------
    PLLE2_ADV_X1Y1       PLLE2_ADV (Prop_plle2_adv_CLKIN1_CLKFBOUT)
                                                     -7.261    -5.457 r  pll_inst/inst/plle2_adv_inst/CLKFBOUT
                         net (fo=1, routed)           2.003    -3.454    pll_inst/inst/clkfbout_pll
    BUFGCTRL_X0Y2        BUFG (Prop_bufg_I_O)         0.083    -3.371 r  pll_inst/inst/clkf_buf/O
                         net (fo=1, routed)           1.626    -1.745    pll_inst/inst/clkfbout_buf_pll
    PLLE2_ADV_X1Y1       PLLE2_ADV                                    r  pll_inst/inst/plle2_adv_inst/CLKFBIN
  -------------------------------------------------------------------    -------------------





--------------------------------------------------------------------------------------
Path Group:  (none)
From Clock:  
  To Clock:  clk_out1_pll

Max Delay             1 Endpoint
Min Delay             1 Endpoint
--------------------------------------------------------------------------------------


Max Delay Paths
--------------------------------------------------------------------------------------
Slack:                    inf
  Source:                 i_uart_rx
                            (input port)
  Destination:            uart_inst/rx_d0_reg/D
                            (rising edge-triggered cell FDPE clocked by clk_out1_pll  {rise@0.000ns fall@10.000ns period=20.000ns})
  Path Group:             (none)
  Path Type:              Setup (Max at Slow Process Corner)
  Data Path Delay:        2.909ns  (logic 1.533ns (52.698%)  route 1.376ns (47.302%))
  Logic Levels:           1  (IBUF=1)
  Clock Path Skew:        -2.169ns (DCD - SCD + CPR)
    Destination Clock Delay (DCD):    -2.169ns
    Source Clock Delay      (SCD):    0.000ns
    Clock Pessimism Removal (CPR):    0.000ns
  Clock Uncertainty:      0.258ns  ((TSJ^2 + DJ^2)^1/2) / 2 + PE
    Total System Jitter     (TSJ):    0.050ns
    Discrete Jitter          (DJ):    0.198ns
    Phase Error              (PE):    0.156ns

    Location             Delay type                Incr(ns)  Path(ns)    Netlist Resource(s)
  -------------------------------------------------------------------    -------------------
    D18                                               0.000     0.000 r  i_uart_rx (IN)
                         net (fo=0)                   0.000     0.000    i_uart_rx
    D18                  IBUF (Prop_ibuf_I_O)         1.533     1.533 r  i_uart_rx_IBUF_inst/O
                         net (fo=1, routed)           1.376     2.909    uart_inst/i_uart_rx_IBUF
    SLICE_X0Y237         FDPE                                         r  uart_inst/rx_d0_reg/D
  -------------------------------------------------------------------    -------------------

                         (clock clk_out1_pll rise edge)
                                                      0.000     0.000 r  
    AD12                                              0.000     0.000 r  i_sys_clk_p (IN)
                         net (fo=0)                   0.000     0.000    pll_inst/inst/clk_in1_p
    AD12                 IBUFDS (Prop_ibufds_I_O)     0.803     0.803 r  pll_inst/inst/clkin1_ibufgds/O
                         net (fo=1, routed)           1.001     1.804    pll_inst/inst/clk_in1_pll
    PLLE2_ADV_X1Y1       PLLE2_ADV (Prop_plle2_adv_CLKIN1_CLKOUT0)
                                                     -7.261    -5.457 r  pll_inst/inst/plle2_adv_inst/CLKOUT0
                         net (fo=1, routed)           2.003    -3.454    pll_inst/inst/clk_out1_pll
    BUFGCTRL_X0Y1        BUFG (Prop_bufg_I_O)         0.083    -3.371 r  pll_inst/inst/clkout1_buf/O
                         net (fo=353, routed)         1.202    -2.169    uart_inst/clk_out1
    SLICE_X0Y237         FDPE                                         r  uart_inst/rx_d0_reg/C





Min Delay Paths
--------------------------------------------------------------------------------------
Slack:                    inf
  Source:                 i_uart_rx
                            (input port)
  Destination:            uart_inst/rx_d0_reg/D
                            (rising edge-triggered cell FDPE clocked by clk_out1_pll  {rise@0.000ns fall@10.000ns period=20.000ns})
  Path Group:             (none)
  Path Type:              Hold (Min at Fast Process Corner)
  Data Path Delay:        1.185ns  (logic 0.458ns (38.631%)  route 0.727ns (61.369%))
  Logic Levels:           1  (IBUF=1)
  Clock Path Skew:        -0.632ns (DCD - SCD - CPR)
    Destination Clock Delay (DCD):    -0.632ns
    Source Clock Delay      (SCD):    0.000ns
    Clock Pessimism Removal (CPR):    -0.000ns

    Location             Delay type                Incr(ns)  Path(ns)    Netlist Resource(s)
  -------------------------------------------------------------------    -------------------
    D18                                               0.000     0.000 r  i_uart_rx (IN)
                         net (fo=0)                   0.000     0.000    i_uart_rx
    D18                  IBUF (Prop_ibuf_I_O)         0.458     0.458 r  i_uart_rx_IBUF_inst/O
                         net (fo=1, routed)           0.727     1.185    uart_inst/i_uart_rx_IBUF
    SLICE_X0Y237         FDPE                                         r  uart_inst/rx_d0_reg/D
  -------------------------------------------------------------------    -------------------

                         (clock clk_out1_pll rise edge)
                                                      0.000     0.000 r  
    AD12                                              0.000     0.000 r  i_sys_clk_p (IN)
                         net (fo=0)                   0.000     0.000    pll_inst/inst/clk_in1_p
    AD12                 IBUFDS (Prop_ibufds_I_O)     0.470     0.470 r  pll_inst/inst/clkin1_ibufgds/O
                         net (fo=1, routed)           0.554     1.024    pll_inst/inst/clk_in1_pll
    PLLE2_ADV_X1Y1       PLLE2_ADV (Prop_plle2_adv_CLKIN1_CLKOUT0)
                                                     -3.524    -2.500 r  pll_inst/inst/plle2_adv_inst/CLKOUT0
                         net (fo=1, routed)           1.027    -1.473    pll_inst/inst/clk_out1_pll
    BUFGCTRL_X0Y1        BUFG (Prop_bufg_I_O)         0.030    -1.443 r  pll_inst/inst/clkout1_buf/O
                         net (fo=353, routed)         0.811    -0.632    uart_inst/clk_out1
    SLICE_X0Y237         FDPE                                         r  uart_inst/rx_d0_reg/C





